province,year,track,institution,score,rank,source
上海,2015,arts,复旦大学,492,,上海_2015_arts_sina
上海,2015,arts,上海交通大学,492,,上海_2015_arts_sina
上海,2015,arts,同济大学,468,,上海_2015_arts_sina
上海,2015,arts,华东师范大学,471,,上海_2015_arts_sina
上海,2015,arts,华东理工大学,455,,上海_2015_arts_sina
上海,2015,arts,东华大学,452,,上海_2015_arts_sina
上海,2015,arts,上海财经大学,477,,上海_2015_arts_sina
上海,2015,arts,上海外国语大学,474,,上海_2015_arts_sina
上海,2015,arts,上海海事大学,434,,上海_2015_arts_sina
上海,2015,arts,上海理工大学,439,,上海_2015_arts_sina
上海,2015,arts,华东政法大学,451,,上海_2015_arts_sina
上海,2015,arts,上海对外经贸大学,459,,上海_2015_arts_sina
上海,2015,arts,上海海洋大学,434,,上海_2015_arts_sina
上海,2015,arts,上海戏剧学院,434,,上海_2015_arts_sina
上海,2015,arts,上海音乐学院,439,,上海_2015_arts_sina
上海,2015,arts,上海大学,447,,上海_2015_arts_sina
上海,2015,arts,上海中医药大学,453,,上海_2015_arts_sina
上海,2015,arts,上海师范大学,441,,上海_2015_arts_sina
上海,2015,arts,中国人民大学,488,,上海_2015_arts_sina
上海,2015,arts,北京理工大学,452,,上海_2015_arts_sina
上海,2015,arts,*北京林业大学,427,,上海_2015_arts_sina
上海,2015,arts,中国政法大学,456,,上海_2015_arts_sina
上海,2015,arts,华北电力大学(北京),438,,上海_2015_arts_sina
上海,2015,arts,中央财经大学,464,,上海_2015_arts_sina
上海,2015,arts,对外经济贸易大学,459,,上海_2015_arts_sina
上海,2015,arts,西南财经大学,451,,上海_2015_arts_sina
上海,2015,arts,中国传媒大学,464,,上海_2015_arts_sina
上海,2015,arts,北京外国语大学,476,,上海_2015_arts_sina
上海,2015,arts,南开大学,462,,上海_2015_arts_sina
上海,2015,arts,宁波诺丁汉大学,444,,上海_2015_arts_sina
上海,2015,arts,*辽宁工程技术大学,415,,上海_2015_arts_sina
上海,2015,arts,南京大学,479,,上海_2015_arts_sina
上海,2015,arts,南京航空航天大学,440,,上海_2015_arts_sina
上海,2015,arts,河海大学,438,,上海_2015_arts_sina
上海,2015,arts,*南京农业大学,432,,上海_2015_arts_sina
上海,2015,arts,江苏大学,435,,上海_2015_arts_sina
上海,2015,arts,苏州大学,446,,上海_2015_arts_sina
上海,2015,arts,浙江大学,486,,上海_2015_arts_sina
上海,2015,arts,山东大学,447,,上海_2015_arts_sina
上海,2015,arts,*郑州大学,429,,上海_2015_arts_sina
上海,2015,arts,武汉理工大学,434,,上海_2015_arts_sina
上海,2015,arts,武汉大学,465,,上海_2015_arts_sina
上海,2015,arts,湖南大学,448,,上海_2015_arts_sina
上海,2015,arts,西南交通大学,437,,上海_2015_arts_sina
上海,2015,arts,西南政法大学,438,,上海_2015_arts_sina
上海,2015,arts,*西南大学,414,,上海_2015_arts_sina
上海,2015,arts,中山大学,465,,上海_2015_arts_sina
上海,2015,arts,暨南大学,446,,上海_2015_arts_sina
上海,2015,arts,东北大学,437,,上海_2015_arts_sina
上海,2015,arts,西北大学,435,,上海_2015_arts_sina
上海,2015,arts,兰州大学,441,,上海_2015_arts_sina
上海,2015,arts,中国海洋大学,436,,上海_2015_arts_sina
上海,2015,arts,江南大学,435,,上海_2015_arts_sina
上海,2015,arts,中央民族大学,449,,上海_2015_arts_sina
上海,2015,arts,吉林大学,437,,上海_2015_arts_sina
上海,2015,arts,厦门大学,465,,上海_2015_arts_sina
上海,2015,arts,四川大学,445,,上海_2015_arts_sina
上海,2015,arts,陕西师范大学,436,,上海_2015_arts_sina
上海,2015,arts,西交利物浦大学,435,,上海_2015_arts_sina
上海,2015,arts,山东大学威海分校,436,,上海_2015_arts_sina
上海,2015,arts,南京师范大学,438,,上海_2015_arts_sina
上海,2015,arts,中南财经政法大学,455,,上海_2015_arts_sina
上海,2015,arts,*华中师范大学,432,,上海_2015_arts_sina
上海,2015,arts,*南昌大学,429,,上海_2015_arts_sina
上海,2015,arts,北京第二外国语学院,455,,上海_2015_arts_sina
上海,2015,arts,安徽大学,434,,上海_2015_arts_sina
上海,2015,arts,东北财经大学,441,,上海_2015_arts_sina
上海,2015,arts,*北京师范大学-香港浸会大学联合国际学院,427,,上海_2015_arts_sina
上海,2015,arts,*东北大学秦皇岛分校,424,,上海_2015_arts_sina
上海,2015,arts,*湖南师范大学,422,,上海_2015_arts_sina
上海,2015,arts,湘潭大学,437,,上海_2015_arts_sina
上海,2015,arts,天津财经大学,436,,上海_2015_arts_sina
上海,2015,arts,*长沙理工大学,417,,上海_2015_arts_sina
上海,2015,arts,中国人民大学(苏州校区),470,,上海_2015_arts_sina
上海,2015,arts,*湖南农业大学,417,,上海_2015_arts_sina
上海,2015,science,复旦大学,500,,上海_2015_science_sina
上海,2015,science,上海交通大学,505,,上海_2015_science_sina
上海,2015,science,同济大学,484,,上海_2015_science_sina
上海,2015,science,华东师范大学,470,,上海_2015_science_sina
上海,2015,science,华东理工大学,456,,上海_2015_science_sina
上海,2015,science,东华大学,444,,上海_2015_science_sina
上海,2015,science,上海财经大学,477,,上海_2015_science_sina
上海,2015,science,上海外国语大学,463,,上海_2015_science_sina
上海,2015,science,上海海事大学,414,,上海_2015_science_sina
上海,2015,science,上海理工大学,430,,上海_2015_science_sina
上海,2015,science,华东政法大学,442,,上海_2015_science_sina
上海,2015,science,上海对外经贸大学,457,,上海_2015_science_sina
上海,2015,science,上海海洋大学,414,,上海_2015_science_sina
上海,2015,science,上海音乐学院,423,,上海_2015_science_sina
上海,2015,science,上海大学,437,,上海_2015_science_sina
上海,2015,science,上海交通大学医学院,468,,上海_2015_science_sina
上海,2015,science,上海中医药大学,441,,上海_2015_science_sina
上海,2015,science,上海师范大学,424,,上海_2015_science_sina
上海,2015,science,复旦大学医学院,464,,上海_2015_science_sina
上海,2015,science,*沈阳药科大学,399,,上海_2015_science_sina
上海,2015,science,中国人民大学,486,,上海_2015_science_sina
上海,2015,science,北京理工大学,456,,上海_2015_science_sina
上海,2015,science,北京邮电大学,458,,上海_2015_science_sina
上海,2015,science,北京化工大学,427,,上海_2015_science_sina
上海,2015,science,北京科技大学,425,,上海_2015_science_sina
上海,2015,science,*北京林业大学,405,,上海_2015_science_sina
上海,2015,science,中国政法大学,452,,上海_2015_science_sina
上海,2015,science,北京交通大学,426,,上海_2015_science_sina
上海,2015,science,华北电力大学(北京),418,,上海_2015_science_sina
上海,2015,science,中央财经大学,458,,上海_2015_science_sina
上海,2015,science,对外经济贸易大学,471,,上海_2015_science_sina
上海,2015,science,中国石油大学(北京),415,,上海_2015_science_sina
上海,2015,science,西南财经大学,459,,上海_2015_science_sina
上海,2015,science,北京航空航天大学,472,,上海_2015_science_sina
上海,2015,science,中国传媒大学,451,,上海_2015_science_sina
上海,2015,science,北京外国语大学,453,,上海_2015_science_sina
上海,2015,science,南开大学,463,,上海_2015_science_sina
上海,2015,science,天津大学,447,,上海_2015_science_sina
上海,2015,science,*燕山大学,396,,上海_2015_science_sina
上海,2015,science,宁波诺丁汉大学,420,,上海_2015_science_sina
上海,2015,science,大连理工大学,437,,上海_2015_science_sina
上海,2015,science,中国医科大学,420,,上海_2015_science_sina
上海,2015,science,*辽宁工程技术大学,394,,上海_2015_science_sina
上海,2015,science,哈尔滨工业大学,463,,上海_2015_science_sina
上海,2015,science,哈尔滨工程大学,415,,上海_2015_science_sina
上海,2015,science,南京大学,478,,上海_2015_science_sina
上海,2015,science,东南大学,470,,上海_2015_science_sina
上海,2015,science,中国药科大学,439,,上海_2015_science_sina
上海,2015,science,南京航空航天大学,454,,上海_2015_science_sina
上海,2015,science,河海大学,418,,上海_2015_science_sina
上海,2015,science,南京理工大学,428,,上海_2015_science_sina
上海,2015,science,*南京农业大学,412,,上海_2015_science_sina
上海,2015,science,南京信息工程大学,424,,上海_2015_science_sina
上海,2015,science,江苏大学,416,,上海_2015_science_sina
上海,2015,science,苏州大学,428,,上海_2015_science_sina
上海,2015,science,浙江大学,485,,上海_2015_science_sina
上海,2015,science,中国科学技术大学,486,,上海_2015_science_sina
上海,2015,science,合肥工业大学,415,,上海_2015_science_sina
上海,2015,science,山东大学,439,,上海_2015_science_sina
上海,2015,science,*郑州大学,400,,上海_2015_science_sina
上海,2015,science,武汉理工大学,421,,上海_2015_science_sina
上海,2015,science,武汉大学,462,,上海_2015_science_sina
上海,2015,science,华中科技大学,458,,上海_2015_science_sina
上海,2015,science,湖南大学,435,,上海_2015_science_sina
上海,2015,science,中南大学,455,,上海_2015_science_sina
上海,2015,science,西南交通大学,421,,上海_2015_science_sina
上海,2015,science,西南政法大学,425,,上海_2015_science_sina
上海,2015,science,重庆大学,443,,上海_2015_science_sina
上海,2015,science,*西南大学,398,,上海_2015_science_sina
上海,2015,science,西安电子科技大学,439,,上海_2015_science_sina
上海,2015,science,西北工业大学,448,,上海_2015_science_sina
上海,2015,science,西安交通大学,460,,上海_2015_science_sina
上海,2015,science,西北农林科技大学,434,,上海_2015_science_sina
上海,2015,science,中山大学,459,,上海_2015_science_sina
上海,2015,science,暨南大学,440,,上海_2015_science_sina
上海,2015,science,华南理工大学,443,,上海_2015_science_sina
上海,2015,science,福州大学,414,,上海_2015_science_sina
上海,2015,science,中国农业大学,443,,上海_2015_science_sina
上海,2015,science,*中国石油大学(华东),409,,上海_2015_science_sina
上海,2015,science,华北电力大学(保定),414,,上海_2015_science_sina
上海,2015,science,东北大学,432,,上海_2015_science_sina
上海,2015,science,大连海事大学,416,,上海_2015_science_sina
上海,2015,science,广州中医药大学,420,,上海_2015_science_sina
上海,2015,science,*西北大学,409,,上海_2015_science_sina
上海,2015,science,华中农业大学,418,,上海_2015_science_sina
上海,2015,science,中国地质大学(北京),415,,上海_2015_science_sina
上海,2015,science,兰州大学,414,,上海_2015_science_sina
上海,2015,science,中国海洋大学,416,,上海_2015_science_sina
上海,2015,science,江南大学,423,,上海_2015_science_sina
上海,2015,science,中央民族大学,423,,上海_2015_science_sina
上海,2015,science,吉林大学,422,,上海_2015_science_sina
上海,2015,science,厦门大学,472,,上海_2015_science_sina
上海,2015,science,南方医科大学,419,,上海_2015_science_sina
上海,2015,science,*中国地质大学(武汉),399,,上海_2015_science_sina
上海,2015,science,四川大学,449,,上海_2015_science_sina
上海,2015,science,西交利物浦大学,421,,上海_2015_science_sina
上海,2015,science,*沈阳农业大学,396,,上海_2015_science_sina
上海,2015,science,*太原理工大学,403,,上海_2015_science_sina
上海,2015,science,山东大学威海分校,426,,上海_2015_science_sina
上海,2015,science,南京师范大学,418,,上海_2015_science_sina
上海,2015,science,中南财经政法大学,446,,上海_2015_science_sina
上海,2015,science,*华中师范大学,398,,上海_2015_science_sina
上海,2015,science,南昌大学,417,,上海_2015_science_sina
上海,2015,science,北京第二外国语学院,433,,上海_2015_science_sina
上海,2015,science,北京体育大学,431,,上海_2015_science_sina
上海,2015,science,延边大学,415,,上海_2015_science_sina
上海,2015,science,中国矿业大学,414,,上海_2015_science_sina
上海,2015,science,安徽大学,414,,上海_2015_science_sina
上海,2015,science,温州医科大学,426,,上海_2015_science_sina
上海,2015,science,北京师范大学,456,,上海_2015_science_sina
上海,2015,science,东北财经大学,437,,上海_2015_science_sina
上海,2015,science,*北京师范大学-香港浸会大学联合国际学院,406,,上海_2015_science_sina
上海,2015,science,*东北大学秦皇岛分校,404,,上海_2015_science_sina
上海,2015,science,*湖南师范大学,405,,上海_2015_science_sina
上海,2015,science,北京邮电大学(宏福校区),430,,上海_2015_science_sina
上海,2015,science,北京中医药大学,445,,上海_2015_science_sina
上海,2015,science,天津财经大学,418,,上海_2015_science_sina
上海,2015,science,*长沙理工大学,394,,上海_2015_science_sina
上海,2015,science,电子科技大学,449,,上海_2015_science_sina
上海,2015,science,中国人民大学(苏州校区),466,,上海_2015_science_sina
上海,2015,science,南京邮电大学,424,,上海_2015_science_sina
上海,2015,science,哈尔滨工业大学(威海),424,,上海_2015_science_sina
北京,2015,arts,中央民族大学,631,,北京_2015_arts_sina
北京,2015,arts,北京大学,671,,北京_2015_arts_sina
北京,2015,arts,中国人民大学,660,,北京_2015_arts_sina
北京,2015,arts,清华大学,677,,北京_2015_arts_sina
北京,2015,arts,北京交通大学,637,,北京_2015_arts_sina
北京,2015,arts,北京科技大学,631,,北京_2015_arts_sina
北京,2015,arts,北京化工大学,615,,北京_2015_arts_sina
北京,2015,arts,北京邮电大学,634,,北京_2015_arts_sina
北京,2015,arts,中国农业大学,633,,北京_2015_arts_sina
北京,2015,arts,北京林业大学,628,,北京_2015_arts_sina
北京,2015,arts,北京中医药大学,622,,北京_2015_arts_sina
北京,2015,arts,北京师范大学,654,,北京_2015_arts_sina
北京,2015,arts,北京外国语大学,643,,北京_2015_arts_sina
北京,2015,arts,北京语言大学,633,,北京_2015_arts_sina
北京,2015,arts,中国传媒大学,636,,北京_2015_arts_sina
北京,2015,arts,中央财经大学,644,,北京_2015_arts_sina
北京,2015,arts,对外经济贸易大学,648,,北京_2015_arts_sina
北京,2015,arts,中国政法大学,640,,北京_2015_arts_sina
北京,2015,arts,华北电力大学(北京),624,,北京_2015_arts_sina
北京,2015,arts,中国矿业大学(北京),599,,北京_2015_arts_sina
北京,2015,arts,中国石油大学(北京),625,,北京_2015_arts_sina
北京,2015,arts,中国地质大学(北京),604,,北京_2015_arts_sina
北京,2015,arts,北京航空航天大学,639,,北京_2015_arts_sina
北京,2015,arts,北京理工大学,637,,北京_2015_arts_sina
北京,2015,arts,北京工业大学,604,,北京_2015_arts_sina
北京,2015,arts,北京工业大学(实验学院),586,,北京_2015_arts_sina
北京,2015,arts,首都师范大学,598,,北京_2015_arts_sina
北京,2015,arts,北京第二外国语学院,596,,北京_2015_arts_sina
北京,2015,arts,首都经济贸易大学,609,,北京_2015_arts_sina
北京,2015,arts,中华女子学院,586,,北京_2015_arts_sina
北京,2015,arts,北京工商大学,590,,北京_2015_arts_sina
北京,2015,arts,北京印刷学院,581,,北京_2015_arts_sina
北京,2015,arts,北京建筑大学,595,,北京_2015_arts_sina
北京,2015,arts,南开大学,650,,北京_2015_arts_sina
北京,2015,arts,天津大学,638,,北京_2015_arts_sina
北京,2015,arts,天津财经大学,608,,北京_2015_arts_sina
北京,2015,arts,华北电力大学(保定),590,,北京_2015_arts_sina
北京,2015,arts,东北大学秦皇岛分校,586,,北京_2015_arts_sina
北京,2015,arts,河北工业大学,579,,北京_2015_arts_sina
北京,2015,arts,燕山大学,580,,北京_2015_arts_sina
北京,2015,arts,内蒙古大学,580,,北京_2015_arts_sina
北京,2015,arts,大连海事大学,580,,北京_2015_arts_sina
北京,2015,arts,东北大学,603,,北京_2015_arts_sina
北京,2015,arts,辽宁工程技术大学,582,,北京_2015_arts_sina
北京,2015,arts,辽宁大学,582,,北京_2015_arts_sina
北京,2015,arts,东北财经大学,613,,北京_2015_arts_sina
北京,2015,arts,吉林大学,626,,北京_2015_arts_sina
北京,2015,arts,东北师范大学,581,,北京_2015_arts_sina
北京,2015,arts,延边大学,580,,北京_2015_arts_sina
北京,2015,arts,东北林业大学,580,,北京_2015_arts_sina
北京,2015,arts,哈尔滨工业大学,623,,北京_2015_arts_sina
北京,2015,arts,东北农业大学,588,,北京_2015_arts_sina
北京,2015,arts,复旦大学,664,,北京_2015_arts_sina
北京,2015,arts,上海交通大学,662,,北京_2015_arts_sina
北京,2015,arts,华东师范大学,637,,北京_2015_arts_sina
北京,2015,arts,上海外国语大学,639,,北京_2015_arts_sina
北京,2015,arts,上海财经大学,640,,北京_2015_arts_sina
北京,2015,arts,上海大学,628,,北京_2015_arts_sina
北京,2015,arts,南京大学,654,,北京_2015_arts_sina
北京,2015,arts,东南大学,628,,北京_2015_arts_sina
北京,2015,arts,中国矿业大学,586,,北京_2015_arts_sina
北京,2015,arts,河海大学,594,,北京_2015_arts_sina
北京,2015,arts,江南大学,587,,北京_2015_arts_sina
北京,2015,arts,南京农业大学,588,,北京_2015_arts_sina
北京,2015,arts,中国药科大学,586,,北京_2015_arts_sina
北京,2015,arts,南京航空航天大学,613,,北京_2015_arts_sina
北京,2015,arts,南京理工大学,618,,北京_2015_arts_sina
北京,2015,arts,苏州大学,606,,北京_2015_arts_sina
北京,2015,arts,江苏大学,579,,北京_2015_arts_sina
北京,2015,arts,南京信息工程大学,586,,北京_2015_arts_sina
北京,2015,arts,南京师范大学,593,,北京_2015_arts_sina
北京,2015,arts,西交利物浦大学,586,,北京_2015_arts_sina
北京,2015,arts,浙江大学,659,,北京_2015_arts_sina
北京,2015,arts,宁波诺丁汉大学,606,,北京_2015_arts_sina
北京,2015,arts,安徽大学,586,,北京_2015_arts_sina
北京,2015,arts,厦门大学,646,,北京_2015_arts_sina
北京,2015,arts,南昌大学,581,,北京_2015_arts_sina
北京,2015,arts,山东大学,632,,北京_2015_arts_sina
北京,2015,arts,中国海洋大学,612,,北京_2015_arts_sina
北京,2015,arts,中国石油大学(华东),613,,北京_2015_arts_sina
北京,2015,arts,山东大学威海分校,609,,北京_2015_arts_sina
北京,2015,arts,郑州大学,583,,北京_2015_arts_sina
北京,2015,arts,武汉大学,647,,北京_2015_arts_sina
北京,2015,arts,华中科技大学,618,,北京_2015_arts_sina
北京,2015,arts,中国地质大学(武汉),584,,北京_2015_arts_sina
北京,2015,arts,武汉理工大学,586,,北京_2015_arts_sina
北京,2015,arts,华中农业大学,581,,北京_2015_arts_sina
北京,2015,arts,华中师范大学,603,,北京_2015_arts_sina
北京,2015,arts,中南财经政法大学,626,,北京_2015_arts_sina
北京,2015,arts,湖南大学,625,,北京_2015_arts_sina
北京,2015,arts,中南大学,620,,北京_2015_arts_sina
北京,2015,arts,湖南师范大学,583,,北京_2015_arts_sina
北京,2015,arts,湘潭大学,581,,北京_2015_arts_sina
北京,2015,arts,湖南科技大学,582,,北京_2015_arts_sina
北京,2015,arts,长沙理工大学,579,,北京_2015_arts_sina
北京,2015,arts,中山大学,642,,北京_2015_arts_sina
北京,2015,arts,华南理工大学,611,,北京_2015_arts_sina
北京,2015,arts,暨南大学,623,,北京_2015_arts_sina
北京,2015,arts,广东外语外贸大学,582,,北京_2015_arts_sina
北京,2015,arts,北京师范大学-香港浸会大学联合国际学院,580,,北京_2015_arts_sina
北京,2015,arts,海南大学,579,,北京_2015_arts_sina
北京,2015,arts,重庆大学,616,,北京_2015_arts_sina
北京,2015,arts,西南大学,600,,北京_2015_arts_sina
北京,2015,arts,西南政法大学,594,,北京_2015_arts_sina
北京,2015,arts,四川大学,631,,北京_2015_arts_sina
北京,2015,arts,西南交通大学,583,,北京_2015_arts_sina
北京,2015,arts,西南财经大学,631,,北京_2015_arts_sina
北京,2015,arts,成都中医药大学,619,,北京_2015_arts_sina
北京,2015,arts,西安交通大学,628,,北京_2015_arts_sina
北京,2015,arts,西安电子科技大学,579,,北京_2015_arts_sina
北京,2015,arts,西北农林科技大学,582,,北京_2015_arts_sina
北京,2015,arts,陕西师范大学,592,,北京_2015_arts_sina
北京,2015,arts,西北大学,598,,北京_2015_arts_sina
北京,2015,arts,兰州大学,610,,北京_2015_arts_sina
北京,2015,arts,中国农业大学(中外合作专业),610,,北京_2015_arts_sina
北京,2015,arts,中国传媒大学(中外合作专业),627,,北京_2015_arts_sina
北京,2015,arts,中国人民大学(苏州校区),634,,北京_2015_arts_sina
北京,2015,arts,西南财经大学(中外合作专业),626,,北京_2015_arts_sina
北京,2015,science,中央民族大学,638,,北京_2015_science_sina
北京,2015,science,北京大学,693,,北京_2015_science_sina
北京,2015,science,中国人民大学,686,,北京_2015_science_sina
北京,2015,science,清华大学,694,,北京_2015_science_sina
北京,2015,science,北京交通大学,653,,北京_2015_science_sina
北京,2015,science,北京科技大学,648,,北京_2015_science_sina
北京,2015,science,北京化工大学,634,,北京_2015_science_sina
北京,2015,science,北京邮电大学,658,,北京_2015_science_sina
北京,2015,science,中国农业大学,646,,北京_2015_science_sina
北京,2015,science,北京林业大学,637,,北京_2015_science_sina
北京,2015,science,北京中医药大学,617,,北京_2015_science_sina
北京,2015,science,北京师范大学,675,,北京_2015_science_sina
北京,2015,science,北京外国语大学,664,,北京_2015_science_sina
北京,2015,science,北京语言大学,646,,北京_2015_science_sina
北京,2015,science,中国传媒大学,654,,北京_2015_science_sina
北京,2015,science,中央财经大学,670,,北京_2015_science_sina
北京,2015,science,对外经济贸易大学,672,,北京_2015_science_sina
北京,2015,science,中国政法大学,658,,北京_2015_science_sina
北京,2015,science,华北电力大学(北京),644,,北京_2015_science_sina
北京,2015,science,中国矿业大学(北京),602,,北京_2015_science_sina
北京,2015,science,中国石油大学(北京),622,,北京_2015_science_sina
北京,2015,science,中国地质大学(北京),624,,北京_2015_science_sina
北京,2015,science,北京大学医学部,679,,北京_2015_science_sina
北京,2015,science,北京协和医学院,579,,北京_2015_science_sina
北京,2015,science,北京航空航天大学,673,,北京_2015_science_sina
北京,2015,science,北京理工大学,667,,北京_2015_science_sina
北京,2015,science,北京工业大学,611,,北京_2015_science_sina
北京,2015,science,北京工业大学(实验学院),568,,北京_2015_science_sina
北京,2015,science,首都医科大学,628,,北京_2015_science_sina
北京,2015,science,首都师范大学,587,,北京_2015_science_sina
北京,2015,science,北京第二外国语学院,578,,北京_2015_science_sina
北京,2015,science,首都经济贸易大学,605,,北京_2015_science_sina
北京,2015,science,北方工业大学,550,,北京_2015_science_sina
北京,2015,science,北京工商大学,571,,北京_2015_science_sina
北京,2015,science,北京印刷学院,555,,北京_2015_science_sina
北京,2015,science,北京建筑大学,570,,北京_2015_science_sina
北京,2015,science,北京农学院,550,,北京_2015_science_sina
北京,2015,science,北京信息科技大学,556,,北京_2015_science_sina
北京,2015,science,南开大学,677,,北京_2015_science_sina
北京,2015,science,天津大学,662,,北京_2015_science_sina
北京,2015,science,天津医科大学,624,,北京_2015_science_sina
北京,2015,science,天津中医药大学,615,,北京_2015_science_sina
北京,2015,science,天津财经大学,603,,北京_2015_science_sina
北京,2015,science,华北电力大学(保定),618,,北京_2015_science_sina
北京,2015,science,东北大学秦皇岛分校,575,,北京_2015_science_sina
北京,2015,science,河北工业大学,597,,北京_2015_science_sina
北京,2015,science,燕山大学,562,,北京_2015_science_sina
北京,2015,science,河北医科大学,607,,北京_2015_science_sina
北京,2015,science,太原理工大学,569,,北京_2015_science_sina
北京,2015,science,内蒙古大学,550,,北京_2015_science_sina
北京,2015,science,大连海事大学,572,,北京_2015_science_sina
北京,2015,science,大连理工大学,646,,北京_2015_science_sina
北京,2015,science,东北大学,619,,北京_2015_science_sina
北京,2015,science,辽宁工程技术大学,550,,北京_2015_science_sina
北京,2015,science,沈阳农业大学,548,,北京_2015_science_sina
北京,2015,science,中国医科大学,601,,北京_2015_science_sina
北京,2015,science,大连理工大学(盘锦校区),578,,北京_2015_science_sina
北京,2015,science,辽宁大学,554,,北京_2015_science_sina
北京,2015,science,东北财经大学,618,,北京_2015_science_sina
北京,2015,science,大连医科大学,616,,北京_2015_science_sina
北京,2015,science,吉林大学,631,,北京_2015_science_sina
北京,2015,science,东北师范大学,549,,北京_2015_science_sina
北京,2015,science,延边大学,549,,北京_2015_science_sina
北京,2015,science,东北林业大学,548,,北京_2015_science_sina
北京,2015,science,哈尔滨工业大学,656,,北京_2015_science_sina
北京,2015,science,哈尔滨工程大学,602,,北京_2015_science_sina
北京,2015,science,东北石油大学,552,,北京_2015_science_sina
北京,2015,science,哈尔滨医科大学,592,,北京_2015_science_sina
北京,2015,science,东北农业大学,563,,北京_2015_science_sina
北京,2015,science,复旦大学,691,,北京_2015_science_sina
北京,2015,science,同济大学,676,,北京_2015_science_sina
北京,2015,science,上海交通大学,689,,北京_2015_science_sina
北京,2015,science,华东理工大学,626,,北京_2015_science_sina
北京,2015,science,东华大学,597,,北京_2015_science_sina
北京,2015,science,华东师范大学,650,,北京_2015_science_sina
北京,2015,science,上海外国语大学,651,,北京_2015_science_sina
北京,2015,science,上海财经大学,668,,北京_2015_science_sina
北京,2015,science,上海交通大学医学院,679,,北京_2015_science_sina
北京,2015,science,上海大学,632,,北京_2015_science_sina
北京,2015,science,复旦大学医学院,680,,北京_2015_science_sina
北京,2015,science,上海理工大学,564,,北京_2015_science_sina
北京,2015,science,南京大学,681,,北京_2015_science_sina
北京,2015,science,东南大学,655,,北京_2015_science_sina
北京,2015,science,中国矿业大学,558,,北京_2015_science_sina
北京,2015,science,河海大学,597,,北京_2015_science_sina
北京,2015,science,江南大学,582,,北京_2015_science_sina
北京,2015,science,南京农业大学,570,,北京_2015_science_sina
北京,2015,science,中国药科大学,605,,北京_2015_science_sina
北京,2015,science,南京航空航天大学,638,,北京_2015_science_sina
北京,2015,science,南京理工大学,614,,北京_2015_science_sina
北京,2015,science,苏州大学,603,,北京_2015_science_sina
北京,2015,science,江苏大学,549,,北京_2015_science_sina
北京,2015,science,南京信息工程大学,562,,北京_2015_science_sina
北京,2015,science,南京师范大学,564,,北京_2015_science_sina
北京,2015,science,西交利物浦大学,583,,北京_2015_science_sina
北京,2015,science,浙江大学,685,,北京_2015_science_sina
北京,2015,science,温州医科大学,566,,北京_2015_science_sina
北京,2015,science,宁波诺丁汉大学,606,,北京_2015_science_sina
北京,2015,science,合肥工业大学,590,,北京_2015_science_sina
北京,2015,science,中国科学技术大学,685,,北京_2015_science_sina
北京,2015,science,安徽大学,582,,北京_2015_science_sina
北京,2015,science,厦门大学,666,,北京_2015_science_sina
北京,2015,science,福州大学,567,,北京_2015_science_sina
北京,2015,science,南昌大学,564,,北京_2015_science_sina
北京,2015,science,山东大学,645,,北京_2015_science_sina
北京,2015,science,中国海洋大学,609,,北京_2015_science_sina
北京,2015,science,中国石油大学(华东),589,,北京_2015_science_sina
北京,2015,science,山东大学威海分校,605,,北京_2015_science_sina
北京,2015,science,哈尔滨工业大学(威海),626,,北京_2015_science_sina
北京,2015,science,郑州大学,558,,北京_2015_science_sina
北京,2015,science,武汉大学,659,,北京_2015_science_sina
北京,2015,science,华中科技大学,652,,北京_2015_science_sina
北京,2015,science,中国地质大学(武汉),575,,北京_2015_science_sina
北京,2015,science,武汉理工大学,599,,北京_2015_science_sina
北京,2015,science,华中农业大学,557,,北京_2015_science_sina
北京,2015,science,华中师范大学,590,,北京_2015_science_sina
北京,2015,science,中南财经政法大学,646,,北京_2015_science_sina
北京,2015,science,湖南大学,635,,北京_2015_science_sina
北京,2015,science,中南大学,637,,北京_2015_science_sina
北京,2015,science,湖南师范大学,553,,北京_2015_science_sina
北京,2015,science,湘潭大学,549,,北京_2015_science_sina
北京,2015,science,湖南科技大学,548,,北京_2015_science_sina
北京,2015,science,长沙理工大学,549,,北京_2015_science_sina
北京,2015,science,中山大学,660,,北京_2015_science_sina
北京,2015,science,华南理工大学,643,,北京_2015_science_sina
北京,2015,science,暨南大学,617,,北京_2015_science_sina
北京,2015,science,华南农业大学,552,,北京_2015_science_sina
北京,2015,science,广州中医药大学,594,,北京_2015_science_sina
北京,2015,science,广东外语外贸大学,578,,北京_2015_science_sina
北京,2015,science,南方医科大学,582,,北京_2015_science_sina
北京,2015,science,北京师范大学-香港浸会大学联合国际学院,564,,北京_2015_science_sina
北京,2015,science,海南大学,609,,北京_2015_science_sina
北京,2015,science,重庆大学,631,,北京_2015_science_sina
北京,2015,science,西南大学,578,,北京_2015_science_sina
北京,2015,science,西南政法大学,577,,北京_2015_science_sina
北京,2015,science,四川大学,642,,北京_2015_science_sina
北京,2015,science,西南交通大学,608,,北京_2015_science_sina
北京,2015,science,电子科技大学,649,,北京_2015_science_sina
北京,2015,science,西南财经大学,651,,北京_2015_science_sina
北京,2015,science,成都中医药大学,596,,北京_2015_science_sina
北京,2015,science,电子科技大学(沙河校区),617,,北京_2015_science_sina
北京,2015,science,西安交通大学,657,,北京_2015_science_sina
北京,2015,science,西安电子科技大学,633,,北京_2015_science_sina
北京,2015,science,长安大学,583,,北京_2015_science_sina
北京,2015,science,西北农林科技大学,587,,北京_2015_science_sina
北京,2015,science,陕西师范大学,565,,北京_2015_science_sina
北京,2015,science,西北工业大学,644,,北京_2015_science_sina
北京,2015,science,西北大学,597,,北京_2015_science_sina
北京,2015,science,西安建筑科技大学,557,,北京_2015_science_sina
北京,2015,science,陕西科技大学,552,,北京_2015_science_sina
北京,2015,science,兰州大学,619,,北京_2015_science_sina
北京,2015,science,青海大学,549,,北京_2015_science_sina
北京,2015,science,北京化工大学(中外合作专业),595,,北京_2015_science_sina
北京,2015,science,北京邮电大学(宏福校区),618,,北京_2015_science_sina
北京,2015,science,中国农业大学(中外合作专业),617,,北京_2015_science_sina
北京,2015,science,中央财经大学(中外合作专业),656,,北京_2015_science_sina
北京,2015,science,北京理工大学(中外合作专业),645,,北京_2015_science_sina
北京,2015,science,中国传媒大学(中外合作专业),630,,北京_2015_science_sina
北京,2015,science,北京交通大学(中外合作专业),618,,北京_2015_science_sina
北京,2015,science,北京建筑大学(中外合作专业),559,,北京_2015_science_sina
北京,2015,science,北京工商大学(中外合作专业),561,,北京_2015_science_sina
北京,2015,science,大连理工大学(中外合作专业),610,,北京_2015_science_sina
北京,2015,science,中国人民大学(苏州校区),662,,北京_2015_science_sina
北京,2015,science,北京交通大学(威海校区),562,,北京_2015_science_sina
北京,2015,science,四川大学(中外合作专业),612,,北京_2015_science_sina
北京,2015,science,西南财经大学(中外合作专业),633,,北京_2015_science_sina
山东,2015,arts,北京大学,664,,山东_2015_both_eol
山东,2015,science,北京大学,703,,山东_2015_both_eol
山东,2015,arts,中国人民大学,655,,山东_2015_both_eol
山东,2015,science,中国人民大学,682,,山东_2015_both_eol
山东,2015,arts,清华大学,671,,山东_2015_both_eol
山东,2015,science,清华大学,698,,山东_2015_both_eol
山东,2015,science,清华大学 (专业志愿),691,,山东_2015_both_eol
山东,2015,arts,北京交通大学,626,,山东_2015_both_eol
山东,2015,science,北京交通大学,652,,山东_2015_both_eol
山东,2015,science,北京交通大学 (中外合作),616,,山东_2015_both_eol
山东,2015,science,北京工业大学,631,,山东_2015_both_eol
山东,2015,science,北京工业大学 (中外合作),609,,山东_2015_both_eol
山东,2015,arts,北京航空航天大学,634,,山东_2015_both_eol
山东,2015,science,北京航空航天大学,678,,山东_2015_both_eol
山东,2015,arts,北京理工大学,628,,山东_2015_both_eol
山东,2015,science,北京理工大学,667,,山东_2015_both_eol
山东,2015,science,北京理工大学 (专业志愿),644,,山东_2015_both_eol
山东,2015,arts,北京科技大学,613,,山东_2015_both_eol
山东,2015,science,北京科技大学,644,,山东_2015_both_eol
山东,2015,arts,北方工业大学,597,,山东_2015_both_eol
山东,2015,science,北方工业大学,609,,山东_2015_both_eol
山东,2015,arts,北京化工大学,609,,山东_2015_both_eol
山东,2015,science,北京化工大学,629,,山东_2015_both_eol
山东,2015,science,北京化工大学 (中外合作),597,,山东_2015_both_eol
山东,2015,arts,北京工商大学,610,,山东_2015_both_eol
山东,2015,science,北京工商大学,616,,山东_2015_both_eol
山东,2015,science,北京工商大学 (中外合作),594,,山东_2015_both_eol
山东,2015,science,北京服装学院,576,,山东_2015_both_eol
山东,2015,arts,北京邮电大学,617,,山东_2015_both_eol
山东,2015,science,北京邮电大学,657,,山东_2015_both_eol
山东,2015,science,北京建筑大学,611,,山东_2015_both_eol
山东,2015,science,北京建筑大学 (中外合作),597,,山东_2015_both_eol
山东,2015,arts,中国农业大学,620,,山东_2015_both_eol
山东,2015,science,中国农业大学,643,,山东_2015_both_eol
山东,2015,arts,中国农业大学 (中外合作),599,,山东_2015_both_eol
山东,2015,science,中国农业大学 (中外合作),615,,山东_2015_both_eol
山东,2015,arts,中国农业大学 (专业志愿),582,,山东_2015_both_eol
山东,2015,science,中国农业大学 (专业志愿),578,,山东_2015_both_eol
山东,2015,science,北京农学院,569,,山东_2015_both_eol
山东,2015,arts,北京林业大学,610,,山东_2015_both_eol
山东,2015,science,北京林业大学,627,,山东_2015_both_eol
山东,2015,science,首都医科大学,642,,山东_2015_both_eol
山东,2015,arts,北京中医药大学,631,,山东_2015_both_eol
山东,2015,science,北京中医药大学,618,,山东_2015_both_eol
山东,2015,arts,首都师范大学,608,,山东_2015_both_eol
山东,2015,science,首都师范大学,616,,山东_2015_both_eol
山东,2015,arts,北京外国语大学,638,,山东_2015_both_eol
山东,2015,science,北京外国语大学,657,,山东_2015_both_eol
山东,2015,arts,北京第二外国语学院,613,,山东_2015_both_eol
山东,2015,science,北京第二外国语学院,628,,山东_2015_both_eol
山东,2015,arts,北京语言大学,616,,山东_2015_both_eol
山东,2015,science,北京语言大学,627,,山东_2015_both_eol
山东,2015,arts,中国传媒大学,630,,山东_2015_both_eol
山东,2015,science,中国传媒大学,642,,山东_2015_both_eol
山东,2015,arts,中国传媒大学 (中外合作),598,,山东_2015_both_eol
山东,2015,science,中国传媒大学 (中外合作),621,,山东_2015_both_eol
山东,2015,arts,中央财经大学,637,,山东_2015_both_eol
山东,2015,science,中央财经大学,670,,山东_2015_both_eol
山东,2015,science,中央财经大学 (中外合作),660,,山东_2015_both_eol
山东,2015,arts,对外经济贸易大学,636,,山东_2015_both_eol
山东,2015,science,对外经济贸易大学,669,,山东_2015_both_eol
山东,2015,arts,首都经济贸易大学,614,,山东_2015_both_eol
山东,2015,science,首都经济贸易大学,636,,山东_2015_both_eol
山东,2015,arts,北京体育大学,603,,山东_2015_both_eol
山东,2015,science,北京体育大学,605,,山东_2015_both_eol
山东,2015,arts,中央民族大学,617,,山东_2015_both_eol
山东,2015,science,中央民族大学,635,,山东_2015_both_eol
山东,2015,arts,中国政法大学,634,,山东_2015_both_eol
山东,2015,science,中国政法大学,656,,山东_2015_both_eol
山东,2015,arts,华北电力大学(北京),610,,山东_2015_both_eol
山东,2015,science,华北电力大学(北京),638,,山东_2015_both_eol
山东,2015,arts,南开大学,638,,山东_2015_both_eol
山东,2015,science,南开大学,670,,山东_2015_both_eol
山东,2015,arts,天津大学,629,,山东_2015_both_eol
山东,2015,science,天津大学,660,,山东_2015_both_eol
山东,2015,science,天津工业大学,581,,山东_2015_both_eol
山东,2015,arts,中国民航大学,596,,山东_2015_both_eol
山东,2015,science,中国民航大学,604,,山东_2015_both_eol
山东,2015,science,天津理工大学,605,,山东_2015_both_eol
山东,2015,science,天津医科大学,639,,山东_2015_both_eol
山东,2015,arts,北京大学,664,,山东_2015_both_sina
山东,2015,science,北京大学,703,,山东_2015_both_sina
山东,2015,arts,中国人民大学,655,,山东_2015_both_sina
山东,2015,science,中国人民大学,682,,山东_2015_both_sina
山东,2015,arts,清华大学,671,,山东_2015_both_sina
山东,2015,science,清华大学,698,,山东_2015_both_sina
山东,2015,science,清华大学         (专业志愿),691,,山东_2015_both_sina
山东,2015,arts,北京交通大学,626,,山东_2015_both_sina
山东,2015,science,北京交通大学,652,,山东_2015_both_sina
山东,2015,science,北京交通大学     (中外合作),616,,山东_2015_both_sina
山东,2015,science,北京工业大学,631,,山东_2015_both_sina
山东,2015,science,北京工业大学     (中外合作),609,,山东_2015_both_sina
山东,2015,arts,北京航空航天大学,634,,山东_2015_both_sina
山东,2015,science,北京航空航天大学,678,,山东_2015_both_sina
山东,2015,arts,北京理工大学,628,,山东_2015_both_sina
山东,2015,science,北京理工大学,667,,山东_2015_both_sina
山东,2015,science,北京理工大学     (专业志愿),644,,山东_2015_both_sina
山东,2015,arts,北京科技大学,613,,山东_2015_both_sina
山东,2015,science,北京科技大学,644,,山东_2015_both_sina
山东,2015,arts,北方工业大学,597,,山东_2015_both_sina
山东,2015,science,北方工业大学,609,,山东_2015_both_sina
山东,2015,arts,北京化工大学,609,,山东_2015_both_sina
山东,2015,science,北京化工大学,629,,山东_2015_both_sina
山东,2015,science,北京化工大学     (中外合作),597,,山东_2015_both_sina
山东,2015,arts,北京工商大学,610,,山东_2015_both_sina
山东,2015,science,北京工商大学,616,,山东_2015_both_sina
山东,2015,science,北京工商大学     (中外合作),594,,山东_2015_both_sina
山东,2015,science,北京服装学院,576,,山东_2015_both_sina
山东,2015,arts,北京邮电大学,617,,山东_2015_both_sina
山东,2015,science,北京邮电大学,657,,山东_2015_both_sina
山东,2015,science,北京建筑大学,611,,山东_2015_both_sina
山东,2015,science,北京建筑大学     (中外合作),597,,山东_2015_both_sina
山东,2015,arts,中国农业大学,620,,山东_2015_both_sina
山东,2015,science,中国农业大学,643,,山东_2015_both_sina
山东,2015,arts,中国农业大学     (中外合作),599,,山东_2015_both_sina
山东,2015,science,中国农业大学     (中外合作),615,,山东_2015_both_sina
山东,2015,arts,中国农业大学     (专业志愿),582,,山东_2015_both_sina
山东,2015,science,中国农业大学     (专业志愿),578,,山东_2015_both_sina
山东,2015,science,北京农学院,569,,山东_2015_both_sina
山东,2015,arts,北京林业大学,610,,山东_2015_both_sina
山东,2015,science,北京林业大学,627,,山东_2015_both_sina
山东,2015,science,首都医科大学,642,,山东_2015_both_sina
山东,2015,arts,北京中医药大学,631,,山东_2015_both_sina
山东,2015,science,北京中医药大学,618,,山东_2015_both_sina
山东,2015,arts,首都师范大学,608,,山东_2015_both_sina
山东,2015,science,首都师范大学,616,,山东_2015_both_sina
山东,2015,arts,北京外国语大学,638,,山东_2015_both_sina
山东,2015,science,北京外国语大学,657,,山东_2015_both_sina
山东,2015,arts,北京第二外国语学院,613,,山东_2015_both_sina
山东,2015,science,北京第二外国语学院,628,,山东_2015_both_sina
山东,2015,arts,北京语言大学,616,,山东_2015_both_sina
山东,2015,science,北京语言大学,627,,山东_2015_both_sina
山东,2015,arts,中国传媒大学,630,,山东_2015_both_sina
山东,2015,science,中国传媒大学,642,,山东_2015_both_sina
山东,2015,arts,中国传媒大学     (中外合作),598,,山东_2015_both_sina
山东,2015,science,中国传媒大学     (中外合作),621,,山东_2015_both_sina
山东,2015,arts,中央财经大学,637,,山东_2015_both_sina
山东,2015,science,中央财经大学,670,,山东_2015_both_sina
山东,2015,science,中央财经大学     (中外合作),660,,山东_2015_both_sina
山东,2015,arts,对外经济贸易大学,636,,山东_2015_both_sina
山东,2015,science,对外经济贸易大学,669,,山东_2015_both_sina
山东,2015,arts,首都经济贸易大学,614,,山东_2015_both_sina
山东,2015,science,首都经济贸易大学,636,,山东_2015_both_sina
山东,2015,arts,北京体育大学,603,,山东_2015_both_sina
山东,2015,science,北京体育大学,605,,山东_2015_both_sina
山东,2015,arts,中央民族大学,617,,山东_2015_both_sina
山东,2015,science,中央民族大学,635,,山东_2015_both_sina
山东,2015,arts,中国政法大学,634,,山东_2015_both_sina
山东,2015,science,中国政法大学,656,,山东_2015_both_sina
山东,2015,arts,华北电力大学(北京),610,,山东_2015_both_sina
山东,2015,science,华北电力大学(北京),638,,山东_2015_both_sina
山东,2015,arts,南开大学,638,,山东_2015_both_sina
山东,2015,science,南开大学,670,,山东_2015_both_sina
山东,2015,arts,天津大学,629,,山东_2015_both_sina
山东,2015,science,天津大学,660,,山东_2015_both_sina
山东,2015,science,天津工业大学,581,,山东_2015_both_sina
山东,2015,arts,中国民航大学,596,,山东_2015_both_sina
山东,2015,science,中国民航大学,604,,山东_2015_both_sina
山东,2015,science,天津理工大学,605,,山东_2015_both_sina
山东,2015,science,天津医科大学,639,,山东_2015_both_sina
山东,2015,science,天津中医药大学,615,,山东_2015_both_sina
山东,2015,arts,天津外国语大学,602,,山东_2015_both_sina
山东,2015,science,天津外国语大学,614,,山东_2015_both_sina
山东,2015,arts,天津财经大学,607,,山东_2015_both_sina
山东,2015,science,天津财经大学,631,,山东_2015_both_sina
山东,2015,science,华北水利水电大学,576,,山东_2015_both_sina
山东,2015,arts,华北电力大学(保定),601,,山东_2015_both_sina
山东,2015,science,华北电力大学(保定),628,,山东_2015_both_sina
山东,2015,arts,河北工业大学,595,,山东_2015_both_sina
山东,2015,science,河北工业大学,620,,山东_2015_both_sina
山东,2015,science,河北工业大学     (专业志愿),611,,山东_2015_both_sina
山东,2015,science,河北医科大学,630,,山东_2015_both_sina
山东,2015,arts,石家庄铁道大学,576,,山东_2015_both_sina
山东,2015,science,石家庄铁道大学,595,,山东_2015_both_sina
山东,2015,science,石家庄铁道大学   (专业志愿),564,,山东_2015_both_sina
山东,2015,arts,山西大学,581,,山东_2015_both_sina
山东,2015,science,山西大学,590,,山东_2015_both_sina
山东,2015,arts,中北大学,573,,山东_2015_both_sina
山东,2015,science,中北大学,589,,山东_2015_both_sina
山东,2015,arts,太原理工大学,590,,山东_2015_both_sina
山东,2015,science,太原理工大学,609,,山东_2015_both_sina
山东,2015,science,山西医科大学,626,,山东_2015_both_sina
山东,2015,arts,山西财经大学,572,,山东_2015_both_sina
山东,2015,science,山西财经大学,584,,山东_2015_both_sina
山东,2015,arts,内蒙古大学,582,,山东_2015_both_sina
山东,2015,science,内蒙古大学,596,,山东_2015_both_sina
山东,2015,arts,辽宁大学,603,,山东_2015_both_sina
山东,2015,science,辽宁大学,617,,山东_2015_both_sina
山东,2015,arts,辽宁大学         (专业志愿),582,,山东_2015_both_sina
山东,2015,arts,大连理工大学,608,,山东_2015_both_sina
山东,2015,science,大连理工大学,648,,山东_2015_both_sina
山东,2015,science,大连理工大学     (专业志愿),611,,山东_2015_both_sina
山东,2015,science,沈阳工业大学,589,,山东_2015_both_sina
山东,2015,science,沈阳航空航天大学,591,,山东_2015_both_sina
山东,2015,science,沈阳理工大学,580,,山东_2015_both_sina
山东,2015,arts,东北大学,609,,山东_2015_both_sina
山东,2015,science,东北大学,635,,山东_2015_both_sina
山东,2015,science,东北大学         (中外合作),591,,山东_2015_both_sina
山东,2015,science,辽宁科技大学,579,,山东_2015_both_sina
山东,2015,science,辽宁石油化工大学,576,,山东_2015_both_sina
山东,2015,science,大连交通大学,583,,山东_2015_both_sina
山东,2015,arts,大连海事大学,587,,山东_2015_both_sina
山东,2015,science,大连海事大学,617,,山东_2015_both_sina
山东,2015,science,沈阳建筑大学,575,,山东_2015_both_sina
山东,2015,science,沈阳农业大学,567,,山东_2015_both_sina
山东,2015,science,中国医科大学,633,,山东_2015_both_sina
山东,2015,science,大连医科大学,623,,山东_2015_both_sina
山东,2015,science,辽宁中医药大学,583,,山东_2015_both_sina
山东,2015,science,沈阳药科大学,607,,山东_2015_both_sina
山东,2015,arts,大连外国语大学,592,,山东_2015_both_sina
山东,2015,science,大连外国语大学,606,,山东_2015_both_sina
山东,2015,arts,东北财经大学,610,,山东_2015_both_sina
山东,2015,science,东北财经大学,634,,山东_2015_both_sina
山东,2015,arts,东北财经大学     (专业志愿),581,,山东_2015_both_sina
山东,2015,science,东北财经大学     (专业志愿),588,,山东_2015_both_sina
山东,2015,arts,吉林大学,614,,山东_2015_both_sina
山东,2015,science,吉林大学,632,,山东_2015_both_sina
山东,2015,science,吉林大学         (专业志愿),602,,山东_2015_both_sina
山东,2015,arts,延边大学,582,,山东_2015_both_sina
山东,2015,science,延边大学,603,,山东_2015_both_sina
山东,2015,arts,长春理工大学,574,,山东_2015_both_sina
山东,2015,science,长春理工大学,584,,山东_2015_both_sina
山东,2015,science,长春理工大学     (民族预科),564,,山东_2015_both_sina
山东,2015,science,长春理工大学     (专业志愿),573,,山东_2015_both_sina
山东,2015,arts,东北电力大学,573,,山东_2015_both_sina
山东,2015,science,东北电力大学,595,,山东_2015_both_sina
山东,2015,science,东北电力大学     (中外合作),591,,山东_2015_both_sina
山东,2015,arts,东北师范大学,605,,山东_2015_both_sina
山东,2015,arts,东北师范大学     (专业志愿),574,,山东_2015_both_sina
山东,2015,science,东北师范大学     (专业志愿),584,,山东_2015_both_sina
山东,2015,arts,黑龙江大学,578,,山东_2015_both_sina
山东,2015,science,黑龙江大学,579,,山东_2015_both_sina
山东,2015,arts,哈尔滨工业大学,612,,山东_2015_both_sina
山东,2015,science,哈尔滨工业大学,661,,山东_2015_both_sina
山东,2015,science,哈尔滨理工大学,597,,山东_2015_both_sina
山东,2015,arts,燕山大学,587,,山东_2015_both_sina
山东,2015,science,燕山大学,611,,山东_2015_both_sina
山东,2015,arts,哈尔滨工程大学,587,,山东_2015_both_sina
山东,2015,science,哈尔滨工程大学,622,,山东_2015_both_sina
山东,2015,arts,东北农业大学,585,,山东_2015_both_sina
山东,2015,science,东北农业大学,596,,山东_2015_both_sina
山东,2015,arts,东北林业大学,579,,山东_2015_both_sina
山东,2015,science,东北林业大学,602,,山东_2015_both_sina
山东,2015,arts,哈尔滨医科大学,579,,山东_2015_both_sina
山东,2015,science,哈尔滨医科大学,613,,山东_2015_both_sina
山东,2015,arts,哈尔滨商业大学,578,,山东_2015_both_sina
山东,2015,science,哈尔滨商业大学,575,,山东_2015_both_sina
山东,2015,arts,复旦大学,656,,山东_2015_both_sina
山东,2015,science,复旦大学,692,,山东_2015_both_sina
山东,2015,arts,同济大学,635,,山东_2015_both_sina
山东,2015,science,同济大学,672,,山东_2015_both_sina
山东,2015,arts,上海交通大学,649,,山东_2015_both_sina
山东,2015,science,上海交通大学,691,,山东_2015_both_sina
山东,2015,arts,华东理工大学,603,,山东_2015_both_sina
山东,2015,science,华东理工大学,638,,山东_2015_both_sina
山东,2015,arts,上海理工大学,597,,山东_2015_both_sina
山东,2015,science,上海理工大学,615,,山东_2015_both_sina
山东,2015,arts,上海理工大学     (中外合作),590,,山东_2015_both_sina
山东,2015,science,上海理工大学     (中外合作),609,,山东_2015_both_sina
山东,2015,arts,上海海事大学,602,,山东_2015_both_sina
山东,2015,science,上海海事大学,617,,山东_2015_both_sina
山东,2015,science,上海海事大学     (中外合作),590,,山东_2015_both_sina
山东,2015,arts,东华大学,608,,山东_2015_both_sina
山东,2015,science,东华大学,631,,山东_2015_both_sina
山东,2015,arts,上海电力学院,582,,山东_2015_both_sina
山东,2015,science,上海电力学院,607,,山东_2015_both_sina
山东,2015,science,上海海洋大学,593,,山东_2015_both_sina
山东,2015,science,上海中医药大学,620,,山东_2015_both_sina
山东,2015,science,上海中医药大学   (中外合作),591,,山东_2015_both_sina
山东,2015,arts,华东师范大学,630,,山东_2015_both_sina
山东,2015,science,华东师范大学,655,,山东_2015_both_sina
山东,2015,arts,上海师范大学,597,,山东_2015_both_sina
山东,2015,science,上海师范大学,603,,山东_2015_both_sina
山东,2015,arts,上海外国语大学,631,,山东_2015_both_sina
山东,2015,science,上海外国语大学,650,,山东_2015_both_sina
山东,2015,arts,上海财经大学,643,,山东_2015_both_sina
山东,2015,science,上海财经大学,672,,山东_2015_both_sina
山东,2015,arts,上海对外经贸大学,615,,山东_2015_both_sina
山东,2015,science,上海对外经贸大学,629,,山东_2015_both_sina
山东,2015,arts,华东政法大学,619,,山东_2015_both_sina
山东,2015,science,华东政法大学,635,,山东_2015_both_sina
山东,2015,science,上海大学         (中外合作),620,,山东_2015_both_sina
山东,2015,arts,南京大学,649,,山东_2015_both_sina
山东,2015,science,南京大学,682,,山东_2015_both_sina
山东,2015,arts,苏州大学,616,,山东_2015_both_sina
山东,2015,science,苏州大学,635,,山东_2015_both_sina
山东,2015,science,苏州大学         (专业志愿),587,,山东_2015_both_sina
山东,2015,arts,东南大学,626,,山东_2015_both_sina
山东,2015,science,东南大学,659,,山东_2015_both_sina
山东,2015,arts,南京航空航天大学,609,,山东_2015_both_sina
山东,2015,science,南京航空航天大学,642,,山东_2015_both_sina
山东,2015,science,南京航空航天大学 (中外合作),612,,山东_2015_both_sina
山东,2015,arts,南京理工大学,601,,山东_2015_both_sina
山东,2015,science,南京理工大学,636,,山东_2015_both_sina
山东,2015,science,南京理工大学     (中外合作),613,,山东_2015_both_sina
山东,2015,arts,江苏科技大学,584,,山东_2015_both_sina
山东,2015,science,江苏科技大学,596,,山东_2015_both_sina
山东,2015,science,江苏科技大学     (中外合作),569,,山东_2015_both_sina
山东,2015,arts,中国矿业大学,601,,山东_2015_both_sina
山东,2015,science,中国矿业大学,613,,山东_2015_both_sina
山东,2015,science,中国矿业大学     (中外合作),596,,山东_2015_both_sina
山东,2015,arts,南京工业大学,587,,山东_2015_both_sina
山东,2015,science,南京工业大学,610,,山东_2015_both_sina
山东,2015,arts,常州大学,580,,山东_2015_both_sina
山东,2015,science,常州大学,588,,山东_2015_both_sina
山东,2015,arts,南京邮电大学,595,,山东_2015_both_sina
山东,2015,science,南京邮电大学,617,,山东_2015_both_sina
山东,2015,arts,河海大学,599,,山东_2015_both_sina
山东,2015,science,河海大学,622,,山东_2015_both_sina
山东,2015,arts,江南大学         (中外合作),604,,山东_2015_both_sina
山东,2015,science,江南大学         (中外合作),612,,山东_2015_both_sina
山东,2015,arts,南京林业大学,586,,山东_2015_both_sina
山东,2015,science,南京林业大学,597,,山东_2015_both_sina
山东,2015,science,南京林业大学     (中外合作),576,,山东_2015_both_sina
山东,2015,arts,江苏大学,596,,山东_2015_both_sina
山东,2015,science,江苏大学,607,,山东_2015_both_sina
山东,2015,arts,南京信息工程大学,584,,山东_2015_both_sina
山东,2015,science,南京信息工程大学,609,,山东_2015_both_sina
山东,2015,arts,南京信息工程大学 (中外合作),579,,山东_2015_both_sina
山东,2015,science,南京信息工程大学 (中外合作),593,,山东_2015_both_sina
山东,2015,arts,南京农业大学,605,,山东_2015_both_sina
山东,2015,science,南京农业大学,615,,山东_2015_both_sina
山东,2015,science,南京医科大学,647,,山东_2015_both_sina
山东,2015,arts,中国药科大学,608,,山东_2015_both_sina
山东,2015,science,中国药科大学,631,,山东_2015_both_sina
山东,2015,science,中国药科大学     (中外合作),618,,山东_2015_both_sina
山东,2015,arts,南京师范大学,616,,山东_2015_both_sina
山东,2015,science,南京师范大学,620,,山东_2015_both_sina
山东,2015,arts,南京财经大学,602,,山东_2015_both_sina
山东,2015,science,南京财经大学,612,,山东_2015_both_sina
山东,2015,science,苏州科技学院,582,,山东_2015_both_sina
山东,2015,science,苏州科技学院     (中外合作),576,,山东_2015_both_sina
山东,2015,arts,浙江大学,653,,山东_2015_both_sina
山东,2015,science,浙江大学,683,,山东_2015_both_sina
山东,2015,arts,杭州电子科技大学,591,,山东_2015_both_sina
山东,2015,science,杭州电子科技大学,613,,山东_2015_both_sina
山东,2015,science,杭州电子科技大学 (中外合作),603,,山东_2015_both_sina
山东,2015,arts,浙江工业大学,584,,山东_2015_both_sina
山东,2015,science,浙江工业大学,612,,山东_2015_both_sina
山东,2015,arts,浙江理工大学,584,,山东_2015_both_sina
山东,2015,science,浙江理工大学,606,,山东_2015_both_sina
山东,2015,science,浙江农林大学,565,,山东_2015_both_sina
山东,2015,science,温州医科大学,624,,山东_2015_both_sina
山东,2015,arts,浙江师范大学,586,,山东_2015_both_sina
山东,2015,science,浙江师范大学,589,,山东_2015_both_sina
山东,2015,arts,浙江工商大学,596,,山东_2015_both_sina
山东,2015,science,浙江工商大学,612,,山东_2015_both_sina
山东,2015,arts,中国计量学院,580,,山东_2015_both_sina
山东,2015,science,中国计量学院,595,,山东_2015_both_sina
山东,2015,arts,安徽大学,601,,山东_2015_both_sina
山东,2015,science,安徽大学,616,,山东_2015_both_sina
山东,2015,science,中国科学技术大学,684,,山东_2015_both_sina
山东,2015,arts,合肥工业大学,590,,山东_2015_both_sina
山东,2015,science,合肥工业大学,617,,山东_2015_both_sina
山东,2015,science,合肥工业大学     (中外合作),599,,山东_2015_both_sina
山东,2015,science,安徽工业大学,580,,山东_2015_both_sina
山东,2015,science,安徽理工大学,579,,山东_2015_both_sina
山东,2015,science,安徽医科大学,621,,山东_2015_both_sina
山东,2015,arts,安徽财经大学,586,,山东_2015_both_sina
山东,2015,science,安徽财经大学,592,,山东_2015_both_sina
山东,2015,arts,厦门大学,639,,山东_2015_both_sina
山东,2015,science,厦门大学,658,,山东_2015_both_sina
山东,2015,arts,厦门大学         (中外合作),607,,山东_2015_both_sina
山东,2015,science,厦门大学         (中外合作),636,,山东_2015_both_sina
山东,2015,arts,华侨大学,589,,山东_2015_both_sina
山东,2015,science,华侨大学,603,,山东_2015_both_sina
山东,2015,arts,福州大学,604,,山东_2015_both_sina
山东,2015,science,福州大学,612,,山东_2015_both_sina
山东,2015,science,福州大学         (专业志愿),578,,山东_2015_both_sina
山东,2015,arts,福建农林大学,579,,山东_2015_both_sina
山东,2015,science,福建农林大学,577,,山东_2015_both_sina
山东,2015,arts,集美大学,587,,山东_2015_both_sina
山东,2015,science,集美大学,593,,山东_2015_both_sina
山东,2015,arts,福建师范大学,580,,山东_2015_both_sina
山东,2015,science,福建师范大学,584,,山东_2015_both_sina
山东,2015,arts,闽江学院,595,,山东_2015_both_sina
山东,2015,science,闽江学院,596,,山东_2015_both_sina
山东,2015,arts,南昌大学,600,,山东_2015_both_sina
山东,2015,science,南昌大学,617,,山东_2015_both_sina
山东,2015,science,南昌大学         (中外合作),590,,山东_2015_both_sina
山东,2015,science,南昌大学         (民族预科),588,,山东_2015_both_sina
山东,2015,arts,华东交通大学,582,,山东_2015_both_sina
山东,2015,science,华东交通大学,595,,山东_2015_both_sina
山东,2015,science,南昌航空大学,589,,山东_2015_both_sina
山东,2015,science,江西理工大学,578,,山东_2015_both_sina
山东,2015,science,江西师范大学,576,,山东_2015_both_sina
山东,2015,arts,江西财经大学,599,,山东_2015_both_sina
山东,2015,science,江西财经大学,608,,山东_2015_both_sina
山东,2015,arts,山东大学,619,,山东_2015_both_sina
山东,2015,science,山东大学,644,,山东_2015_both_sina
山东,2015,arts,中国海洋大学,618,,山东_2015_both_sina
山东,2015,science,中国海洋大学,637,,山东_2015_both_sina
山东,2015,arts,中国海洋大学     (专业志愿),586,,山东_2015_both_sina
山东,2015,science,中国海洋大学     (专业志愿),601,,山东_2015_both_sina
山东,2015,arts,山东科技大学,578,,山东_2015_both_sina
山东,2015,science,山东科技大学,582,,山东_2015_both_sina
山东,2015,science,山东科技大学     (农村专项),562,,山东_2015_both_sina
山东,2015,arts,中国石油大学(华东),607,,山东_2015_both_sina
山东,2015,science,中国石油大学(华东),619,,山东_2015_both_sina
山东,2015,arts,青岛科技大学,579,,山东_2015_both_sina
山东,2015,science,青岛科技大学,581,,山东_2015_both_sina
山东,2015,science,青岛科技大学     (中外合作),570,,山东_2015_both_sina
山东,2015,science,青岛科技大学     (农村专项),562,,山东_2015_both_sina
山东,2015,arts,济南大学,575,,山东_2015_both_sina
山东,2015,science,济南大学,572,,山东_2015_both_sina
山东,2015,arts,济南大学         (农村专项),569,,山东_2015_both_sina
山东,2015,science,济南大学         (农村专项),563,,山东_2015_both_sina
山东,2015,arts,青岛理工大学,575,,山东_2015_both_sina
山东,2015,science,青岛理工大学,580,,山东_2015_both_sina
山东,2015,science,青岛理工大学     (农村专项),562,,山东_2015_both_sina
山东,2015,arts,山东建筑大学,583,,山东_2015_both_sina
山东,2015,science,山东建筑大学,573,,山东_2015_both_sina
山东,2015,science,山东建筑大学     (农村专项),562,,山东_2015_both_sina
山东,2015,science,山东理工大学,569,,山东_2015_both_sina
山东,2015,science,山东理工大学     (农村专项),562,,山东_2015_both_sina
山东,2015,arts,山东农业大学,575,,山东_2015_both_sina
山东,2015,science,山东农业大学,567,,山东_2015_both_sina
山东,2015,arts,山东农业大学     (农村专项),569,,山东_2015_both_sina
山东,2015,science,山东农业大学     (农村专项),562,,山东_2015_both_sina
山东,2015,science,潍坊医学院,573,,山东_2015_both_sina
山东,2015,arts,山东中医药大学,572,,山东_2015_both_sina
山东,2015,science,山东中医药大学,577,,山东_2015_both_sina
山东,2015,science,山东中医药大学   (农村专项),566,,山东_2015_both_sina
山东,2015,arts,山东师范大学,582,,山东_2015_both_sina
山东,2015,science,山东师范大学,585,,山东_2015_both_sina
山东,2015,arts,山东师范大学     (农村专项),569,,山东_2015_both_sina
山东,2015,science,山东师范大学     (农村专项),563,,山东_2015_both_sina
山东,2015,arts,曲阜师范大学,572,,山东_2015_both_sina
山东,2015,science,曲阜师范大学,568,,山东_2015_both_sina
山东,2015,science,曲阜师范大学     (农村专项),562,,山东_2015_both_sina
山东,2015,arts,鲁东大学,570,,山东_2015_both_sina
山东,2015,science,鲁东大学,567,,山东_2015_both_sina
山东,2015,arts,山东财经大学,580,,山东_2015_both_sina
山东,2015,science,山东财经大学,587,,山东_2015_both_sina
山东,2015,arts,山东财经大学     (农村专项),569,,山东_2015_both_sina
山东,2015,science,山东财经大学     (农村专项),565,,山东_2015_both_sina
山东,2015,arts,郑州大学,601,,山东_2015_both_sina
山东,2015,science,郑州大学,616,,山东_2015_both_sina
山东,2015,science,河南工业大学,567,,山东_2015_both_sina
山东,2015,arts,河南大学,581,,山东_2015_both_sina
山东,2015,science,河南大学,594,,山东_2015_both_sina
山东,2015,arts,武汉大学,640,,山东_2015_both_sina
山东,2015,science,武汉大学,664,,山东_2015_both_sina
山东,2015,arts,武汉大学         (专业志愿),570,,山东_2015_both_sina
山东,2015,science,武汉大学         (专业志愿),604,,山东_2015_both_sina
山东,2015,arts,华中科技大学,621,,山东_2015_both_sina
山东,2015,science,华中科技大学,655,,山东_2015_both_sina
山东,2015,arts,武汉科技大学,583,,山东_2015_both_sina
山东,2015,science,武汉科技大学,604,,山东_2015_both_sina
山东,2015,science,长江大学,582,,山东_2015_both_sina
山东,2015,science,武汉工程大学,579,,山东_2015_both_sina
山东,2015,arts,中国地质大学(武汉),602,,山东_2015_both_sina
山东,2015,science,中国地质大学(武汉),612,,山东_2015_both_sina
山东,2015,arts,武汉理工大学,603,,山东_2015_both_sina
山东,2015,science,武汉理工大学,624,,山东_2015_both_sina
山东,2015,arts,武汉理工大学     (专业志愿),605,,山东_2015_both_sina
山东,2015,science,武汉理工大学     (专业志愿),611,,山东_2015_both_sina
山东,2015,science,湖北工业大学,573,,山东_2015_both_sina
山东,2015,arts,华中农业大学,595,,山东_2015_both_sina
山东,2015,science,华中农业大学,609,,山东_2015_both_sina
山东,2015,arts,华中师范大学,612,,山东_2015_both_sina
山东,2015,science,华中师范大学,623,,山东_2015_both_sina
山东,2015,arts,湖北大学,589,,山东_2015_both_sina
山东,2015,science,湖北大学,601,,山东_2015_both_sina
山东,2015,arts,中南财经政法大学,618,,山东_2015_both_sina
山东,2015,science,中南财经政法大学,641,,山东_2015_both_sina
山东,2015,arts,西北大学,608,,山东_2015_both_sina
山东,2015,science,西北大学,621,,山东_2015_both_sina
山东,2015,arts,西安交通大学,623,,山东_2015_both_sina
山东,2015,science,西安交通大学,667,,山东_2015_both_sina
山东,2015,arts,西北工业大学,607,,山东_2015_both_sina
山东,2015,science,西北工业大学,645,,山东_2015_both_sina
山东,2015,arts,西安理工大学,575,,山东_2015_both_sina
山东,2015,science,西安理工大学,603,,山东_2015_both_sina
山东,2015,arts,西安电子科技大学,595,,山东_2015_both_sina
山东,2015,science,西安电子科技大学,635,,山东_2015_both_sina
山东,2015,science,西安电子科技大学 (中外合作),603,,山东_2015_both_sina
山东,2015,arts,西安建筑科技大学,582,,山东_2015_both_sina
山东,2015,science,西安建筑科技大学,583,,山东_2015_both_sina
山东,2015,arts,西安科技大学,575,,山东_2015_both_sina
山东,2015,science,西安科技大学,591,,山东_2015_both_sina
山东,2015,science,西安科技大学     (专业志愿),575,,山东_2015_both_sina
山东,2015,science,西安石油大学,591,,山东_2015_both_sina
山东,2015,arts,陕西科技大学,577,,山东_2015_both_sina
山东,2015,science,陕西科技大学,580,,山东_2015_both_sina
山东,2015,arts,长安大学,596,,山东_2015_both_sina
山东,2015,science,长安大学,618,,山东_2015_both_sina
山东,2015,arts,西北农林科技大学,599,,山东_2015_both_sina
山东,2015,science,西北农林科技大学,613,,山东_2015_both_sina
山东,2015,science,西北农林科技大学 (中外合作),590,,山东_2015_both_sina
山东,2015,arts,西北政法大学,599,,山东_2015_both_sina
山东,2015,science,西北政法大学,611,,山东_2015_both_sina
山东,2015,arts,兰州大学,608,,山东_2015_both_sina
山东,2015,science,兰州大学,630,,山东_2015_both_sina
山东,2015,arts,青海大学,575,,山东_2015_both_sina
山东,2015,science,青海大学,582,,山东_2015_both_sina
山东,2015,arts,宁夏大学,580,,山东_2015_both_sina
山东,2015,science,宁夏大学,596,,山东_2015_both_sina
山东,2015,science,宁夏医科大学,600,,山东_2015_both_sina
山东,2015,science,新疆大学,569,,山东_2015_both_sina
山东,2015,arts,石河子大学,571,,山东_2015_both_sina
山东,2015,science,石河子大学,576,,山东_2015_both_sina
山东,2015,science,新疆医科大学,613,,山东_2015_both_sina
山东,2015,science,天津城建大学,595,,山东_2015_both_sina
山东,2015,science,上海工程技术大学,589,,山东_2015_both_sina
山东,2015,arts,上海立信会计学院,594,,山东_2015_both_sina
山东,2015,science,上海立信会计学院,610,,山东_2015_both_sina
山东,2015,arts,青岛大学,589,,山东_2015_both_sina
山东,2015,science,青岛大学,598,,山东_2015_both_sina
山东,2015,arts,青岛大学         (农村专项),569,,山东_2015_both_sina
山东,2015,science,青岛大学         (农村专项),565,,山东_2015_both_sina
山东,2015,arts,烟台大学,585,,山东_2015_both_sina
山东,2015,science,烟台大学,568,,山东_2015_both_sina
山东,2015,science,三峡大学,584,,山东_2015_both_sina
山东,2015,arts,扬州大学,595,,山东_2015_both_sina
山东,2015,science,扬州大学,601,,山东_2015_both_sina
山东,2015,arts,中华女子学院,577,,山东_2015_both_sina
山东,2015,arts,北京信息科技大学,584,,山东_2015_both_sina
山东,2015,science,北京信息科技大学,602,,山东_2015_both_sina
山东,2015,arts,南京审计学院,609,,山东_2015_both_sina
山东,2015,science,南京审计学院,629,,山东_2015_both_sina
山东,2015,arts,中国矿业大学(北京),606,,山东_2015_both_sina
山东,2015,science,中国矿业大学(北京),616,,山东_2015_both_sina
山东,2015,arts,中国石油大学(北京),616,,山东_2015_both_sina
山东,2015,science,中国石油大学(北京),624,,山东_2015_both_sina
山东,2015,arts,中国地质大学(北京),607,,山东_2015_both_sina
山东,2015,science,中国地质大学(北京),622,,山东_2015_both_sina
山东,2015,arts,北京联合大学,580,,山东_2015_both_sina
山东,2015,science,北京联合大学,590,,山东_2015_both_sina
山东,2015,arts,浙江财经大学,588,,山东_2015_both_sina
山东,2015,science,浙江财经大学,599,,山东_2015_both_sina
山东,2015,arts,宁波大学,593,,山东_2015_both_sina
山东,2015,science,宁波大学,603,,山东_2015_both_sina
山东,2015,arts,宁波大学         (中外合作),583,,山东_2015_both_sina
山东,2015,science,宁波大学         (中外合作),590,,山东_2015_both_sina
山东,2015,arts,浙江传媒学院,595,,山东_2015_both_sina
山东,2015,science,浙江传媒学院,594,,山东_2015_both_sina
山东,2015,arts,西安邮电大学,580,,山东_2015_both_sina
山东,2015,science,西安邮电大学,602,,山东_2015_both_sina
山东,2015,science,西安邮电大学     (中外合作),582,,山东_2015_both_sina
山东,2015,arts,重庆工商大学,588,,山东_2015_both_sina
山东,2015,science,重庆工商大学,598,,山东_2015_both_sina
山东,2015,arts,上海政法学院,591,,山东_2015_both_sina
山东,2015,science,上海政法学院,593,,山东_2015_both_sina
山东,2015,science,广东工业大学,598,,山东_2015_both_sina
山东,2015,arts,南方医科大学,588,,山东_2015_both_sina
山东,2015,science,南方医科大学,595,,山东_2015_both_sina
山东,2015,science,中国科学院大学,689,,山东_2015_both_sina
山东,2015,arts,宁波诺丁汉大学,598,,山东_2015_both_sina
山东,2015,science,宁波诺丁汉大学,612,,山东_2015_both_sina
山东,2015,arts,西交利物浦大学,588,,山东_2015_both_sina
山东,2015,science,西交利物浦大学,601,,山东_2015_both_sina
山东,2015,arts,北京师范大学-香港浸会大学联合国际学院,572,,山东_2015_both_sina
山东,2015,science,北京师范大学-香港浸会大学联合国际学院,588,,山东_2015_both_sina
山东,2015,arts,温州肯恩大学,579,,山东_2015_both_sina
山东,2015,science,温州肯恩大学,590,,山东_2015_both_sina
山东,2015,science,北京大学医学部,676,,山东_2015_both_sina
山东,2015,arts,中国人民大学(苏州校区)(中外合作),626,,山东_2015_both_sina
山东,2015,science,中国人民大学(苏州校区)(中外合作),659,,山东_2015_both_sina
山东,2015,science,北京交通大学(威海校区)(中外合作),591,,山东_2015_both_sina
山东,2015,science,北京邮电大学(宏福校区)(中外合作),621,,山东_2015_both_sina
山东,2015,science,大连理工大学(盘锦校区),617,,山东_2015_both_sina
山东,2015,arts,东北大学秦皇岛分校,599,,山东_2015_both_sina
山东,2015,science,东北大学秦皇岛分校,616,,山东_2015_both_sina
山东,2015,arts,哈尔滨工业大学(威海),601,,山东_2015_both_sina
山东,2015,science,哈尔滨工业大学(威海),627,,山东_2015_both_sina
山东,2015,science,复旦大学医学院,691,,山东_2015_both_sina
山东,2015,science,上海交通大学医学院,685,,山东_2015_both_sina
山东,2015,science,浙江大学医学院,658,,山东_2015_both_sina
山东,2015,science,合肥工业大学(宣城校区),613,,山东_2015_both_sina
山东,2015,arts,山东大学威海分校,611,,山东_2015_both_sina
山东,2015,science,山东大学威海分校,624,,山东_2015_both_sina
山东,2015,arts,山东大学威海分校 (中外合作),606,,山东_2015_both_sina
山东,2015,science,山东大学威海分校 (中外合作),613,,山东_2015_both_sina
山东,2015,science,电子科技大学(沙河校区),633,,山东_2015_both_sina
山东,2015,science,电子科技大学(沙河校区)(中外合作),618,,山东_2015_both_sina
山东,2015,arts,西南大学(荣昌校区),572,,山东_2015_both_sina
山东,2015,science,西南大学(荣昌校区),564,,山东_2015_both_sina
山东,2015,arts,山东大学威海分校 (走读),598,,山东_2015_both_sina
山东,2015,science,山东大学威海分校 (走读),617,,山东_2015_both_sina
山东,2015,arts,济南大学         (走读),570,,山东_2015_both_sina
山东,2015,science,济南大学         (走读),564,,山东_2015_both_sina
山东,2015,arts,山东财经大学     (走读),572,,山东_2015_both_sina
山东,2015,science,山东财经大学     (走读),582,,山东_2015_both_sina
山西,2014,arts,北方工业大学,527,,山西_2014_both_sina
山西,2014,arts,北京工商大学,543,,山西_2014_both_sina
山西,2014,arts,首都师范大学,539,,山西_2014_both_sina
山西,2014,arts,首都经济贸易大学,545,,山西_2014_both_sina
山西,2014,arts,北京联合大学,540,,山西_2014_both_sina
山西,2014,arts,中国民航大学,536,,山西_2014_both_sina
山西,2014,arts,天津师范大学,534,,山西_2014_both_sina
山西,2014,arts,天津外国语大学,533,,山西_2014_both_sina
山西,2014,arts,天津商业大学,531,,山西_2014_both_sina
山西,2014,arts,天津财经大学,544,,山西_2014_both_sina
山西,2014,arts,河北大学,528,,山西_2014_both_sina
山西,2014,arts,石家庄铁道大学,528,,山西_2014_both_sina
山西,2014,arts,沈阳工业大学,526,,山西_2014_both_sina
山西,2014,arts,辽宁工程技术大学,526,,山西_2014_both_sina
山西,2014,arts,沈阳建筑大学,526,,山西_2014_both_sina
山西,2014,arts,长春理工大学,526,,山西_2014_both_sina
山西,2014,arts,吉林财经大学,533,,山西_2014_both_sina
山西,2014,arts,哈尔滨商业大学,532,,山西_2014_both_sina
山西,2014,arts,上海理工大学,530,,山西_2014_both_sina
山西,2014,arts,上海海事大学,528,,山西_2014_both_sina
山西,2014,arts,上海电力学院,526,,山西_2014_both_sina
山西,2014,arts,上海师范大学,529,,山西_2014_both_sina
山西,2014,arts,上海对外经贸大学,544,,山西_2014_both_sina
山西,2014,arts,上海金融学院,546,,山西_2014_both_sina
山西,2014,arts,江苏科技大学,529,,山西_2014_both_sina
山西,2014,arts,南京工业大学,529,,山西_2014_both_sina
山西,2014,arts,常州大学,528,,山西_2014_both_sina
山西,2014,arts,南京邮电大学,530,,山西_2014_both_sina
山西,2014,arts,南京林业大学,530,,山西_2014_both_sina
山西,2014,arts,南通大学,526,,山西_2014_both_sina
山西,2014,arts,扬州大学,534,,山西_2014_both_sina
山西,2014,arts,南京审计学院,543,,山西_2014_both_sina
山西,2014,arts,西交利物浦大学,534,,山西_2014_both_sina
山西,2014,arts,杭州电子科技大学,538,,山西_2014_both_sina
山西,2014,arts,浙江理工大学,530,,山西_2014_both_sina
山西,2014,arts,浙江工商大学,543,,山西_2014_both_sina
山西,2014,arts,宁波大学,533,,山西_2014_both_sina
山西,2014,arts,宁波诺丁汉大学,550,,山西_2014_both_sina
山西,2014,arts,安徽农业大学,526,,山西_2014_both_sina
山西,2014,arts,安徽财经大学,534,,山西_2014_both_sina
山西,2014,arts,华侨大学,530,,山西_2014_both_sina
山西,2014,arts,福建农林大学,526,,山西_2014_both_sina
山西,2014,arts,集美大学,530,,山西_2014_both_sina
山西,2014,arts,福建师范大学,526,,山西_2014_both_sina
山西,2014,arts,华东交通大学,526,,山西_2014_both_sina
山西,2014,arts,江西财经大学,535,,山西_2014_both_sina
山西,2014,arts,山东科技大学,540,,山西_2014_both_sina
山西,2014,arts,青岛理工大学,530,,山西_2014_both_sina
山西,2014,arts,青岛大学,538,,山西_2014_both_sina
山西,2014,arts,烟台大学,532,,山西_2014_both_sina
山西,2014,arts,河南大学,527,,山西_2014_both_sina
山西,2014,arts,武汉科技大学,529,,山西_2014_both_sina
山西,2014,arts,湖北大学,528,,山西_2014_both_sina
山西,2014,arts,中南民族大学,528,,山西_2014_both_sina
山西,2014,arts,三峡大学,526,,山西_2014_both_sina
山西,2014,arts,湖南科技大学,526,,山西_2014_both_sina
山西,2014,arts,长沙理工大学,530,,山西_2014_both_sina
山西,2014,arts,湖南农业大学,527,,山西_2014_both_sina
山西,2014,arts,中南林业科技大学,526,,山西_2014_both_sina
山西,2014,arts,南华大学,526,,山西_2014_both_sina
山西,2014,arts,汕头大学,535,,山西_2014_both_sina
山西,2014,arts,广州中医药大学,529,,山西_2014_both_sina
山西,2014,arts,深圳大学,541,,山西_2014_both_sina
山西,2014,arts,广州大学,529,,山西_2014_both_sina
山西,2014,arts,北京师范大学-香港浸会大学联合国际学院,531,,山西_2014_both_sina
山西,2014,arts,桂林电子科技大学,526,,山西_2014_both_sina
山西,2014,arts,重庆邮电大学,527,,山西_2014_both_sina
山西,2014,arts,四川外国语大学,533,,山西_2014_both_sina
山西,2014,arts,重庆工商大学,535,,山西_2014_both_sina
山西,2014,arts,成都理工大学,538,,山西_2014_both_sina
山西,2014,arts,西南科技大学,526,,山西_2014_both_sina
山西,2014,arts,成都信息工程学院,528,,山西_2014_both_sina
山西,2014,arts,中国民用航空飞行学院,535,,山西_2014_both_sina
山西,2014,arts,西南民族大学,529,,山西_2014_both_sina
山西,2014,arts,贵州大学,528,,山西_2014_both_sina
山西,2014,arts,西安理工大学,528,,山西_2014_both_sina
山西,2014,arts,西安建筑科技大学,530,,山西_2014_both_sina
山西,2014,arts,西安科技大学,530,,山西_2014_both_sina
山西,2014,arts,西安外国语大学,541,,山西_2014_both_sina
山西,2014,arts,西北政法大学,536,,山西_2014_both_sina
山西,2014,arts,西安邮电大学,529,,山西_2014_both_sina
山西,2014,arts,中北大学,526,,山西_2014_both_sina
山西,2014,arts,太原理工大学,529,,山西_2014_both_sina
山西,2014,arts,山西师范大学,526,,山西_2014_both_sina
山西,2014,arts,太原师范学院,526,,山西_2014_both_sina
山西,2014,arts,山西财经大学,529,,山西_2014_both_sina
山西,2014,arts,山西中医学院,526,,山西_2014_both_sina
山西,2014,science,北方工业大学,563,,山西_2014_both_sina
山西,2014,science,北京工商大学,557,,山西_2014_both_sina
山西,2014,science,北京建筑大学,560,,山西_2014_both_sina
山西,2014,science,首都师范大学,560,,山西_2014_both_sina
山西,2014,science,首都经济贸易大学,575,,山西_2014_both_sina
山西,2014,science,中华女子学院,534,,山西_2014_both_sina
山西,2014,science,北京信息科技大学,552,,山西_2014_both_sina
山西,2014,science,北京联合大学,556,,山西_2014_both_sina
山西,2014,science,天津工业大学,550,,山西_2014_both_sina
山西,2014,science,中国民航大学,556,,山西_2014_both_sina
山西,2014,science,天津师范大学,547,,山西_2014_both_sina
山西,2014,science,天津职业技术师范大学,534,,山西_2014_both_sina
山西,2014,science,天津外国语大学,542,,山西_2014_both_sina
山西,2014,science,天津商业大学,541,,山西_2014_both_sina
山西,2014,science,天津财经大学,572,,山西_2014_both_sina
山西,2014,science,河北大学,542,,山西_2014_both_sina
山西,2014,science,河北工程大学,539,,山西_2014_both_sina
山西,2014,science,河北科技大学,540,,山西_2014_both_sina
山西,2014,science,石家庄铁道大学,548,,山西_2014_both_sina
山西,2014,science,沈阳工业大学,540,,山西_2014_both_sina
山西,2014,science,沈阳理工大学,540,,山西_2014_both_sina
山西,2014,science,辽宁科技大学,534,,山西_2014_both_sina
山西,2014,science,辽宁工程技术大学,534,,山西_2014_both_sina
山西,2014,science,大连交通大学,556,,山西_2014_both_sina
山西,2014,science,沈阳建筑大学,543,,山西_2014_both_sina
山西,2014,science,大连医科大学,572,,山西_2014_both_sina
山西,2014,science,沈阳药科大学,540,,山西_2014_both_sina
山西,2014,science,长春理工大学,539,,山西_2014_both_sina
山西,2014,science,吉林财经大学,547,,山西_2014_both_sina
山西,2014,science,哈尔滨商业大学,542,,山西_2014_both_sina
山西,2014,science,上海理工大学,557,,山西_2014_both_sina
山西,2014,science,上海海事大学,546,,山西_2014_both_sina
山西,2014,science,上海电力学院,546,,山西_2014_both_sina
山西,2014,science,上海中医药大学,548,,山西_2014_both_sina
山西,2014,science,上海师范大学,538,,山西_2014_both_sina
山西,2014,science,上海对外经贸大学,564,,山西_2014_both_sina
山西,2014,science,上海金融学院,566,,山西_2014_both_sina
山西,2014,science,江苏科技大学,542,,山西_2014_both_sina
山西,2014,science,南京工业大学,551,,山西_2014_both_sina
山西,2014,science,常州大学,538,,山西_2014_both_sina
山西,2014,science,南京邮电大学,559,,山西_2014_both_sina
山西,2014,science,南京林业大学,543,,山西_2014_both_sina
山西,2014,science,南通大学,536,,山西_2014_both_sina
山西,2014,science,扬州大学,544,,山西_2014_both_sina
山西,2014,science,南京审计学院,572,,山西_2014_both_sina
山西,2014,science,西交利物浦大学,546,,山西_2014_both_sina
山西,2014,science,杭州电子科技大学,555,,山西_2014_both_sina
山西,2014,science,浙江工业大学,553,,山西_2014_both_sina
山西,2014,science,浙江理工大学,549,,山西_2014_both_sina
山西,2014,science,浙江工商大学,559,,山西_2014_both_sina
山西,2014,science,宁波大学,534,,山西_2014_both_sina
山西,2014,science,宁波诺丁汉大学,550,,山西_2014_both_sina
山西,2014,science,安徽工业大学,534,,山西_2014_both_sina
山西,2014,science,安徽理工大学,537,,山西_2014_both_sina
山西,2014,science,安徽农业大学,534,,山西_2014_both_sina
山西,2014,science,安徽财经大学,546,,山西_2014_both_sina
山西,2014,science,华侨大学,544,,山西_2014_both_sina
山西,2014,science,福建农林大学,534,,山西_2014_both_sina
山西,2014,science,集美大学,540,,山西_2014_both_sina
山西,2014,science,福建师范大学,534,,山西_2014_both_sina
山西,2014,science,华东交通大学,542,,山西_2014_both_sina
山西,2014,science,江西理工大学,534,,山西_2014_both_sina
山西,2014,science,江西财经大学,561,,山西_2014_both_sina
山西,2014,science,山东科技大学,546,,山西_2014_both_sina
山西,2014,science,青岛科技大学,544,,山西_2014_both_sina
山西,2014,science,青岛理工大学,552,,山西_2014_both_sina
山西,2014,science,青岛大学,553,,山西_2014_both_sina
山西,2014,science,烟台大学,545,,山西_2014_both_sina
山西,2014,science,河南大学,534,,山西_2014_both_sina
山西,2014,science,武汉科技大学,547,,山西_2014_both_sina
山西,2014,science,长江大学,534,,山西_2014_both_sina
山西,2014,science,武汉工程大学,538,,山西_2014_both_sina
山西,2014,science,湖北大学,538,,山西_2014_both_sina
山西,2014,science,中南民族大学,537,,山西_2014_both_sina
山西,2014,science,三峡大学,534,,山西_2014_both_sina
山西,2014,science,湖南科技大学,534,,山西_2014_both_sina
山西,2014,science,长沙理工大学,545,,山西_2014_both_sina
山西,2014,science,湖南农业大学,534,,山西_2014_both_sina
山西,2014,science,中南林业科技大学,534,,山西_2014_both_sina
山西,2014,science,湖南中医药大学,550,,山西_2014_both_sina
山西,2014,science,南华大学,534,,山西_2014_both_sina
山西,2014,science,汕头大学,552,,山西_2014_both_sina
山西,2014,science,广州医科大学,563,,山西_2014_both_sina
山西,2014,science,广州中医药大学,544,,山西_2014_both_sina
山西,2014,science,深圳大学,559,,山西_2014_both_sina
山西,2014,science,广州大学,544,,山西_2014_both_sina
山西,2014,science,广东工业大学,539,,山西_2014_both_sina
山西,2014,science,北京师范大学-香港浸会大学联合国际学院,540,,山西_2014_both_sina
山西,2014,science,桂林电子科技大学,538,,山西_2014_both_sina
山西,2014,science,重庆邮电大学,553,,山西_2014_both_sina
山西,2014,science,重庆医科大学,571,,山西_2014_both_sina
山西,2014,science,四川外国语大学,539,,山西_2014_both_sina
山西,2014,science,重庆工商大学,545,,山西_2014_both_sina
山西,2014,science,成都理工大学,545,,山西_2014_both_sina
山西,2014,science,西南科技大学,535,,山西_2014_both_sina
山西,2014,science,成都信息工程学院,538,,山西_2014_both_sina
山西,2014,science,中国民用航空飞行学院,540,,山西_2014_both_sina
山西,2014,science,西南民族大学,534,,山西_2014_both_sina
山西,2014,science,贵州大学,541,,山西_2014_both_sina
山西,2014,science,西安理工大学,557,,山西_2014_both_sina
山西,2014,science,西安工业大学,548,,山西_2014_both_sina
山西,2014,science,西安建筑科技大学,564,,山西_2014_both_sina
山西,2014,science,西安科技大学,553,,山西_2014_both_sina
山西,2014,science,西安石油大学,548,,山西_2014_both_sina
山西,2014,science,西安工程大学,547,,山西_2014_both_sina
山西,2014,science,西安外国语大学,556,,山西_2014_both_sina
山西,2014,science,西北政法大学,558,,山西_2014_both_sina
山西,2014,science,西安邮电大学,556,,山西_2014_both_sina
山西,2014,science,新疆大学,534,,山西_2014_both_sina
山西,2014,science,新疆医科大学,558,,山西_2014_both_sina
山西,2014,science,太原科技大学,534,,山西_2014_both_sina
山西,2014,science,中北大学,534,,山西_2014_both_sina
山西,2014,science,太原理工大学,540,,山西_2014_both_sina
山西,2014,science,山西医科大学,552,,山西_2014_both_sina
山西,2014,science,山西师范大学,534,,山西_2014_both_sina
山西,2014,science,太原师范学院,534,,山西_2014_both_sina
山西,2014,science,山西财经大学,540,,山西_2014_both_sina
山西,2014,science,山西中医学院,535,,山西_2014_both_sina
山西,2015,arts,北京大学,607,,山西_2015_both_sina
山西,2015,arts,中国人民大学,592,,山西_2015_both_sina
山西,2015,arts,清华大学,609,,山西_2015_both_sina
山西,2015,arts,北京交通大学,558,,山西_2015_both_sina
山西,2015,arts,北京航空航天大学,567,,山西_2015_both_sina
山西,2015,arts,北京理工大学,562,,山西_2015_both_sina
山西,2015,arts,北京科技大学,553,,山西_2015_both_sina
山西,2015,arts,北京化工大学,545,,山西_2015_both_sina
山西,2015,arts,北京邮电大学,555,,山西_2015_both_sina
山西,2015,arts,中国农业大学,558,,山西_2015_both_sina
山西,2015,arts,北京林业大学,550,,山西_2015_both_sina
山西,2015,arts,北京中医药大学,559,,山西_2015_both_sina
山西,2015,arts,北京第二外国语学院,548,,山西_2015_both_sina
山西,2015,arts,北京语言大学,549,,山西_2015_both_sina
山西,2015,arts,中国传媒大学,567,,山西_2015_both_sina
山西,2015,arts,中央财经大学,575,,山西_2015_both_sina
山西,2015,arts,对外经济贸易大学,573,,山西_2015_both_sina
山西,2015,arts,北京体育大学,537,,山西_2015_both_sina
山西,2015,arts,中央民族大学,552,,山西_2015_both_sina
山西,2015,arts,中国政法大学,571,,山西_2015_both_sina
山西,2015,arts,华北电力大学(北京),552,,山西_2015_both_sina
山西,2015,arts,中国矿业大学(北京),543,,山西_2015_both_sina
山西,2015,arts,中国石油大学(北京),551,,山西_2015_both_sina
山西,2015,arts,中国地质大学(北京),540,,山西_2015_both_sina
山西,2015,arts,南开大学,571,,山西_2015_both_sina
山西,2015,arts,天津大学,569,,山西_2015_both_sina
山西,2015,arts,天津医科大学,533,,山西_2015_both_sina
山西,2015,arts,河北工业大学,531,,山西_2015_both_sina
山西,2015,arts,华北电力大学(保定),540,,山西_2015_both_sina
山西,2015,arts,燕山大学,532,,山西_2015_both_sina
山西,2015,arts,东北大学秦皇岛分校,543,,山西_2015_both_sina
山西,2015,arts,内蒙古大学,517,,山西_2015_both_sina
山西,2015,arts,辽宁大学,538,,山西_2015_both_sina
山西,2015,arts,东北大学,545,,山西_2015_both_sina
山西,2015,arts,大连海事大学,539,,山西_2015_both_sina
山西,2015,arts,沈阳农业大学,519,,山西_2015_both_sina
山西,2015,arts,东北财经大学,555,,山西_2015_both_sina
山西,2015,arts,吉林大学,556,,山西_2015_both_sina
山西,2015,arts,延边大学,514,,山西_2015_both_sina
山西,2015,arts,东北师范大学,543,,山西_2015_both_sina
山西,2015,arts,哈尔滨工业大学,545,,山西_2015_both_sina
山西,2015,arts,东北农业大学,524,,山西_2015_both_sina
山西,2015,arts,东北林业大学,526,,山西_2015_both_sina
山西,2015,arts,哈尔滨医科大学,522,,山西_2015_both_sina
山西,2015,arts,复旦大学,590,,山西_2015_both_sina
山西,2015,arts,同济大学,550,,山西_2015_both_sina
山西,2015,arts,上海交通大学,602,,山西_2015_both_sina
山西,2015,arts,华东师范大学,565,,山西_2015_both_sina
山西,2015,arts,上海外国语大学,559,,山西_2015_both_sina
山西,2015,arts,上海财经大学,572,,山西_2015_both_sina
山西,2015,arts,华东政法大学,553,,山西_2015_both_sina
山西,2015,arts,上海大学,553,,山西_2015_both_sina
山西,2015,arts,南京大学,584,,山西_2015_both_sina
山西,2015,arts,苏州大学,553,,山西_2015_both_sina
山西,2015,arts,东南大学,558,,山西_2015_both_sina
山西,2015,arts,南京航空航天大学,552,,山西_2015_both_sina
山西,2015,arts,中国矿业大学,533,,山西_2015_both_sina
山西,2015,arts,河海大学,544,,山西_2015_both_sina
山西,2015,arts,江南大学,539,,山西_2015_both_sina
山西,2015,arts,江苏大学,536,,山西_2015_both_sina
山西,2015,arts,南京信息工程大学,528,,山西_2015_both_sina
山西,2015,arts,南京农业大学,540,,山西_2015_both_sina
山西,2015,arts,中国药科大学,541,,山西_2015_both_sina
山西,2015,arts,南京师范大学,546,,山西_2015_both_sina
山西,2015,arts,中国人民大学(苏州校区),550,,山西_2015_both_sina
山西,2015,arts,浙江大学,580,,山西_2015_both_sina
山西,2015,arts,安徽大学,539,,山西_2015_both_sina
山西,2015,arts,合肥工业大学,529,,山西_2015_both_sina
山西,2015,arts,厦门大学,575,,山西_2015_both_sina
山西,2015,arts,福州大学,538,,山西_2015_both_sina
山西,2015,arts,南昌大学,532,,山西_2015_both_sina
山西,2015,arts,山东大学,557,,山西_2015_both_sina
山西,2015,arts,中国海洋大学,554,,山西_2015_both_sina
山西,2015,arts,山东大学威海分校,550,,山西_2015_both_sina
山西,2015,arts,郑州大学,541,,山西_2015_both_sina
山西,2015,arts,武汉大学,577,,山西_2015_both_sina
山西,2015,arts,中国地质大学(武汉),542,,山西_2015_both_sina
山西,2015,arts,武汉理工大学,536,,山西_2015_both_sina
山西,2015,arts,华中农业大学,533,,山西_2015_both_sina
山西,2015,arts,华中师范大学,552,,山西_2015_both_sina
山西,2015,arts,中南财经政法大学,563,,山西_2015_both_sina
山西,2015,arts,湘潭大学,526,,山西_2015_both_sina
山西,2015,arts,湖南大学,561,,山西_2015_both_sina
山西,2015,arts,中南大学,549,,山西_2015_both_sina
山西,2015,arts,湖南师范大学,537,,山西_2015_both_sina
山西,2015,arts,中山大学,567,,山西_2015_both_sina
山西,2015,arts,暨南大学,554,,山西_2015_both_sina
山西,2015,arts,华南理工大学,550,,山西_2015_both_sina
山西,2015,arts,华南农业大学,526,,山西_2015_both_sina
山西,2015,arts,华南师范大学,543,,山西_2015_both_sina
山西,2015,arts,广东外语外贸大学,545,,山西_2015_both_sina
山西,2015,arts,南方医科大学,532,,山西_2015_both_sina
山西,2015,arts,海南大学,524,,山西_2015_both_sina
山西,2015,arts,重庆大学,555,,山西_2015_both_sina
山西,2015,arts,西南大学,547,,山西_2015_both_sina
山西,2015,arts,西南政法大学,547,,山西_2015_both_sina
山西,2015,arts,四川大学,563,,山西_2015_both_sina
山西,2015,arts,西南交通大学,538,,山西_2015_both_sina
山西,2015,arts,电子科技大学,541,,山西_2015_both_sina
山西,2015,arts,西南财经大学,559,,山西_2015_both_sina
山西,2015,arts,云南大学,532,,山西_2015_both_sina
山西,2015,arts,西北大学,551,,山西_2015_both_sina
山西,2015,arts,西安交通大学,559,,山西_2015_both_sina
山西,2015,arts,西北工业大学,547,,山西_2015_both_sina
山西,2015,arts,西安电子科技大学,534,,山西_2015_both_sina
山西,2015,arts,陕西科技大学,529,,山西_2015_both_sina
山西,2015,arts,长安大学,539,,山西_2015_both_sina
山西,2015,arts,西北农林科技大学,537,,山西_2015_both_sina
山西,2015,arts,陕西师范大学,544,,山西_2015_both_sina
山西,2015,arts,兰州大学,546,,山西_2015_both_sina
山西,2015,arts,宁夏大学,520,,山西_2015_both_sina
山西,2015,arts,石河子大学,513,,山西_2015_both_sina
山西,2015,arts,山西大学,515,,山西_2015_both_sina
山西,2015,arts,中北大学,519,,山西_2015_both_sina
山西,2015,arts,太原理工大学,518,,山西_2015_both_sina
山西,2015,arts,山西农业大学,513,,山西_2015_both_sina
山西,2015,arts,山西财经大学,540,,山西_2015_both_sina
山西,2015,science,北京大学,661,,山西_2015_both_sina
山西,2015,science,中国人民大学,641,,山西_2015_both_sina
山西,2015,science,清华大学,662,,山西_2015_both_sina
山西,2015,science,北京交通大学,591,,山西_2015_both_sina
山西,2015,science,北京工业大学,575,,山西_2015_both_sina
山西,2015,science,北京航空航天大学,626,,山西_2015_both_sina
山西,2015,science,北京理工大学,607,,山西_2015_both_sina
山西,2015,science,北京科技大学,579,,山西_2015_both_sina
山西,2015,science,北京化工大学,565,,山西_2015_both_sina
山西,2015,science,北京邮电大学,603,,山西_2015_both_sina
山西,2015,science,中国农业大学,582,,山西_2015_both_sina
山西,2015,science,北京林业大学,560,,山西_2015_both_sina
山西,2015,science,首都医科大学,585,,山西_2015_both_sina
山西,2015,science,北京中医药大学,564,,山西_2015_both_sina
山西,2015,science,北京外国语大学,603,,山西_2015_both_sina
山西,2015,science,北京第二外国语学院,560,,山西_2015_both_sina
山西,2015,science,北京语言大学,561,,山西_2015_both_sina
山西,2015,science,中国传媒大学,580,,山西_2015_both_sina
山西,2015,science,中央财经大学,605,,山西_2015_both_sina
山西,2015,science,对外经济贸易大学,619,,山西_2015_both_sina
山西,2015,science,北京体育大学,543,,山西_2015_both_sina
山西,2015,science,中央民族大学,571,,山西_2015_both_sina
山西,2015,science,中国政法大学,597,,山西_2015_both_sina
山西,2015,science,华北电力大学(北京),583,,山西_2015_both_sina
山西,2015,science,中国矿业大学(北京),559,,山西_2015_both_sina
山西,2015,science,中国石油大学(北京),560,,山西_2015_both_sina
山西,2015,science,中国地质大学(北京),560,,山西_2015_both_sina
山西,2015,science,北京大学医学部,563,,山西_2015_both_sina
山西,2015,science,北京邮电大学(宏福校区),562,,山西_2015_both_sina
山西,2015,science,南开大学,618,,山西_2015_both_sina
山西,2015,science,天津大学,609,,山西_2015_both_sina
山西,2015,science,天津医科大学,581,,山西_2015_both_sina
山西,2015,science,天津中医药大学,564,,山西_2015_both_sina
山西,2015,science,河北工业大学,559,,山西_2015_both_sina
山西,2015,science,华北电力大学(保定),567,,山西_2015_both_sina
山西,2015,science,河北医科大学,579,,山西_2015_both_sina
山西,2015,science,燕山大学,550,,山西_2015_both_sina
山西,2015,science,东北大学秦皇岛分校,558,,山西_2015_both_sina
山西,2015,science,内蒙古大学,530,,山西_2015_both_sina
山西,2015,science,辽宁大学,558,,山西_2015_both_sina
山西,2015,science,大连理工大学,589,,山西_2015_both_sina
山西,2015,science,东北大学,572,,山西_2015_both_sina
山西,2015,science,大连海事大学,556,,山西_2015_both_sina
山西,2015,science,沈阳农业大学,515,,山西_2015_both_sina
山西,2015,science,中国医科大学,572,,山西_2015_both_sina
山西,2015,science,大连医科大学,584,,山西_2015_both_sina
山西,2015,science,东北财经大学,577,,山西_2015_both_sina
山西,2015,science,大连理工大学(盘锦校区),558,,山西_2015_both_sina
山西,2015,science,吉林大学,535,,山西_2015_both_sina
山西,2015,science,延边大学,527,,山西_2015_both_sina
山西,2015,science,东北师范大学,554,,山西_2015_both_sina
山西,2015,science,哈尔滨工业大学,603,,山西_2015_both_sina
山西,2015,science,哈尔滨工程大学,564,,山西_2015_both_sina
山西,2015,science,东北石油大学,528,,山西_2015_both_sina
山西,2015,science,东北农业大学,524,,山西_2015_both_sina
山西,2015,science,东北林业大学,530,,山西_2015_both_sina
山西,2015,science,哈尔滨医科大学,563,,山西_2015_both_sina
山西,2015,science,复旦大学,652,,山西_2015_both_sina
山西,2015,science,同济大学,622,,山西_2015_both_sina
山西,2015,science,上海交通大学,657,,山西_2015_both_sina
山西,2015,science,华东理工大学,582,,山西_2015_both_sina
山西,2015,science,东华大学,567,,山西_2015_both_sina
山西,2015,science,华东师范大学,594,,山西_2015_both_sina
山西,2015,science,上海外国语大学,588,,山西_2015_both_sina
山西,2015,science,上海财经大学,618,,山西_2015_both_sina
山西,2015,science,华东政法大学,566,,山西_2015_both_sina
山西,2015,science,上海大学,573,,山西_2015_both_sina
山西,2015,science,复旦大学医学院,648,,山西_2015_both_sina
山西,2015,science,上海交通大学医学院,645,,山西_2015_both_sina
山西,2015,science,南京大学,634,,山西_2015_both_sina
山西,2015,science,苏州大学,566,,山西_2015_both_sina
山西,2015,science,东南大学,600,,山西_2015_both_sina
山西,2015,science,南京航空航天大学,584,,山西_2015_both_sina
山西,2015,science,南京理工大学,578,,山西_2015_both_sina
山西,2015,science,中国矿业大学,551,,山西_2015_both_sina
山西,2015,science,河海大学,561,,山西_2015_both_sina
山西,2015,science,江南大学,560,,山西_2015_both_sina
山西,2015,science,江苏大学,543,,山西_2015_both_sina
山西,2015,science,南京信息工程大学,546,,山西_2015_both_sina
山西,2015,science,南京农业大学,547,,山西_2015_both_sina
山西,2015,science,中国药科大学,560,,山西_2015_both_sina
山西,2015,science,南京师范大学,556,,山西_2015_both_sina
山西,2015,science,中国人民大学(苏州校区),578,,山西_2015_both_sina
山西,2015,science,浙江大学,641,,山西_2015_both_sina
山西,2015,science,浙江大学医学院,578,,山西_2015_both_sina
山西,2015,science,安徽大学,552,,山西_2015_both_sina
山西,2015,science,中国科学技术大学,640,,山西_2015_both_sina
山西,2015,science,合肥工业大学,557,,山西_2015_both_sina
山西,2015,science,合肥工业大学(宣城校区),547,,山西_2015_both_sina
山西,2015,science,厦门大学,603,,山西_2015_both_sina
山西,2015,science,福州大学,553,,山西_2015_both_sina
山西,2015,science,南昌大学,551,,山西_2015_both_sina
山西,2015,science,山东大学,554,,山西_2015_both_sina
山西,2015,science,中国海洋大学,571,,山西_2015_both_sina
山西,2015,science,中国石油大学(华东),555,,山西_2015_both_sina
山西,2015,science,北京交通大学(威海校区),548,,山西_2015_both_sina
山西,2015,science,哈尔滨工业大学(威海),572,,山西_2015_both_sina
山西,2015,science,山东大学威海分校,570,,山西_2015_both_sina
山西,2015,science,郑州大学,553,,山西_2015_both_sina
山西,2015,science,武汉大学,604,,山西_2015_both_sina
山西,2015,science,华中科技大学,600,,山西_2015_both_sina
山西,2015,science,中国地质大学(武汉),554,,山西_2015_both_sina
山西,2015,science,武汉理工大学,567,,山西_2015_both_sina
山西,2015,science,华中农业大学,544,,山西_2015_both_sina
山西,2015,science,华中师范大学,569,,山西_2015_both_sina
山西,2015,science,中南财经政法大学,576,,山西_2015_both_sina
山西,2015,science,湘潭大学,538,,山西_2015_both_sina
山西,2015,science,湖南大学,580,,山西_2015_both_sina
山西,2015,science,中南大学,580,,山西_2015_both_sina
山西,2015,science,湖南师范大学,551,,山西_2015_both_sina
山西,2015,science,中山大学,598,,山西_2015_both_sina
山西,2015,science,暨南大学,566,,山西_2015_both_sina
山西,2015,science,华南理工大学,595,,山西_2015_both_sina
山西,2015,science,华南农业大学,524,,山西_2015_both_sina
山西,2015,science,广州中医药大学,574,,山西_2015_both_sina
山西,2015,science,华南师范大学,550,,山西_2015_both_sina
山西,2015,science,广东外语外贸大学,559,,山西_2015_both_sina
山西,2015,science,南方医科大学,571,,山西_2015_both_sina
山西,2015,science,广西大学,533,,山西_2015_both_sina
山西,2015,science,广西医科大学,557,,山西_2015_both_sina
山西,2015,science,海南大学,529,,山西_2015_both_sina
山西,2015,science,重庆大学,581,,山西_2015_both_sina
山西,2015,science,西南大学,555,,山西_2015_both_sina
山西,2015,science,西南政法大学,561,,山西_2015_both_sina
山西,2015,science,四川大学,585,,山西_2015_both_sina
山西,2015,science,西南交通大学,571,,山西_2015_both_sina
山西,2015,science,电子科技大学,589,,山西_2015_both_sina
山西,2015,science,四川农业大学,522,,山西_2015_both_sina
山西,2015,science,成都中医药大学,564,,山西_2015_both_sina
山西,2015,science,西南财经大学,591,,山西_2015_both_sina
山西,2015,science,云南大学,541,,山西_2015_both_sina
山西,2015,science,西北大学,562,,山西_2015_both_sina
山西,2015,science,西安交通大学,620,,山西_2015_both_sina
山西,2015,science,西北工业大学,596,,山西_2015_both_sina
山西,2015,science,西安电子科技大学,579,,山西_2015_both_sina
山西,2015,science,陕西科技大学,539,,山西_2015_both_sina
山西,2015,science,长安大学,561,,山西_2015_both_sina
山西,2015,science,西北农林科技大学,553,,山西_2015_both_sina
山西,2015,science,陕西师范大学,561,,山西_2015_both_sina
山西,2015,science,兰州大学,568,,山西_2015_both_sina
山西,2015,science,青海大学,523,,山西_2015_both_sina
山西,2015,science,宁夏大学,531,,山西_2015_both_sina
山西,2015,science,石河子大学,515,,山西_2015_both_sina
山西,2015,science,山西大学,527,,山西_2015_both_sina
山西,2015,science,中北大学,515,,山西_2015_both_sina
山西,2015,science,太原理工大学,535,,山西_2015_both_sina
山西,2015,science,山西农业大学,515,,山西_2015_both_sina
山西,2015,science,山西医科大学,566,,山西_2015_both_sina
山西,2015,science,山西财经大学,559,,山西_2015_both_sina
广东,2015,science,北京大学,654,52,广东_2015_arts_sina
广东,2015,science,中国人民大学,643,175,广东_2015_arts_sina
广东,2015,science,清华大学,668,10,广东_2015_arts_sina
广东,2015,science,北京交通大学,608,2882,广东_2015_arts_sina
广东,2015,science,北京工业大学,589,8084,广东_2015_arts_sina
广东,2015,science,北京航空航天大学,613,2029,广东_2015_arts_sina
广东,2015,science,北京理工大学,606,3338,广东_2015_arts_sina
广东,2015,science,北京科技大学,603,3875,广东_2015_arts_sina
广东,2015,science,北京化工大学,584,9801,广东_2015_arts_sina
广东,2015,science,中国农业大学,584,9769,广东_2015_arts_sina
广东,2015,science,北京林业大学,591,7123,广东_2015_arts_sina
广东,2015,science,北京师范大学,629,620,广东_2015_arts_sina
广东,2015,science,北京外国语大学,633,447,广东_2015_arts_sina
广东,2015,science,北京第二外国语学院,600,4655,广东_2015_arts_sina
广东,2015,science,北京语言大学,605,3504,广东_2015_arts_sina
广东,2015,science,中国传媒大学,612,2251,广东_2015_arts_sina
广东,2015,science,中央财经大学,616,1644,广东_2015_arts_sina
广东,2015,science,对外经济贸易大学,625,891,广东_2015_arts_sina
广东,2015,science,北京体育大学,582,10471,广东_2015_arts_sina
广东,2015,science,北京电影学院,601,4476,广东_2015_arts_sina
广东,2015,science,中央民族大学,601,4418,广东_2015_arts_sina
广东,2015,science,中国政法大学,616,1740,广东_2015_arts_sina
广东,2015,science,华北电力大学(北京),589,7875,广东_2015_arts_sina
广东,2015,science,南开大学,617,1576,广东_2015_arts_sina
广东,2015,science,天津财经大学,584,9808,广东_2015_arts_sina
广东,2015,science,华北电力大学(保定),575,14162,广东_2015_arts_sina
广东,2015,science,辽宁大学,575,14022,广东_2015_arts_sina
广东,2015,science,大连海事大学,582,10606,广东_2015_arts_sina
广东,2015,science,东北财经大学,595,5860,广东_2015_arts_sina
广东,2015,science,吉林大学,601,4324,广东_2015_arts_sina
广东,2015,science,延边大学,573,,广东_2015_arts_sina
广东,2015,science,东北师范大学,580,11435,广东_2015_arts_sina
广东,2015,science,黑龙江大学,573,,广东_2015_arts_sina
广东,2015,science,复旦大学,645,133,广东_2015_arts_sina
广东,2015,science,上海交通大学,657,39,广东_2015_arts_sina
广东,2015,science,上海海事大学,581,11169,广东_2015_arts_sina
广东,2015,science,上海海洋大学,573,15104,广东_2015_arts_sina
广东,2015,science,华东师范大学,619,1372,广东_2015_arts_sina
广东,2015,science,上海外国语大学,621,1172,广东_2015_arts_sina
广东,2015,science,上海财经大学,631,561,广东_2015_arts_sina
广东,2015,science,华东政法大学,609,2771,广东_2015_arts_sina
广东,2015,science,南京大学,635,389,广东_2015_arts_sina
广东,2015,science,苏州大学,603,3829,广东_2015_arts_sina
广东,2015,science,中国矿业大学,576,13713,广东_2015_arts_sina
广东,2015,science,南京工业大学,573,,广东_2015_arts_sina
广东,2015,science,南京邮电大学,575,13968,广东_2015_arts_sina
广东,2015,science,河海大学,582,10855,广东_2015_arts_sina
广东,2015,science,南京林业大学,573,,广东_2015_arts_sina
广东,2015,science,南京信息工程大学,573,,广东_2015_arts_sina
广东,2015,science,南京农业大学,582,10668,广东_2015_arts_sina
广东,2015,science,中国药科大学,586,9108,广东_2015_arts_sina
广东,2015,science,浙江大学,640,221,广东_2015_arts_sina
广东,2015,science,浙江理工大学,573,,广东_2015_arts_sina
广东,2015,science,安徽大学,577,13096,广东_2015_arts_sina
广东,2015,science,厦门大学,619,1419,广东_2015_arts_sina
广东,2015,science,华侨大学,577,12864,广东_2015_arts_sina
广东,2015,science,福州大学,583,10068,广东_2015_arts_sina
广东,2015,science,福建师范大学,573,,广东_2015_arts_sina
广东,2015,science,南昌大学,583,10330,广东_2015_arts_sina
广东,2015,science,江西财经大学,585,9325,广东_2015_arts_sina
广东,2015,science,山东大学,604,3738,广东_2015_arts_sina
广东,2015,science,中国海洋大学,596,5747,广东_2015_arts_sina
广东,2015,science,郑州大学,583,10303,广东_2015_arts_sina
广东,2015,science,河南大学,573,,广东_2015_arts_sina
广东,2015,science,武汉大学,626,824,广东_2015_arts_sina
广东,2015,science,华中科技大学,608,2822,广东_2015_arts_sina
广东,2015,science,中国地质大学(武汉),585,9254,广东_2015_arts_sina
广东,2015,science,武汉理工大学,589,8062,广东_2015_arts_sina
广东,2015,science,华中农业大学,579,12057,广东_2015_arts_sina
广东,2015,science,华中师范大学,600,4671,广东_2015_arts_sina
广东,2015,science,中南财经政法大学,608,2913,广东_2015_arts_sina
广东,2015,science,湘潭大学,574,14314,广东_2015_arts_sina
广东,2015,science,湖南大学,606,3339,广东_2015_arts_sina
广东,2015,science,中南大学,605,3573,广东_2015_arts_sina
广东,2015,science,湖南科技大学,573,,广东_2015_arts_sina
广东,2015,science,长沙理工大学,573,,广东_2015_arts_sina
广东,2015,science,湖南农业大学,573,,广东_2015_arts_sina
广东,2015,science,湖南师范大学,584,9731,广东_2015_arts_sina
广东,2015,science,中山大学,615,1761,广东_2015_arts_sina
广东,2015,science,暨南大学,600,4706,广东_2015_arts_sina
广东,2015,science,汕头大学,585,9258,广东_2015_arts_sina
广东,2015,science,华南理工大学,608,2863,广东_2015_arts_sina
广东,2015,science,华南农业大学,577,13135,广东_2015_arts_sina
广东,2015,science,广州医科大学,573,,广东_2015_arts_sina
广东,2015,science,广州中医药大学,573,,广东_2015_arts_sina
广东,2015,science,华南师范大学,586,8900,广东_2015_arts_sina
广东,2015,science,海南大学,573,15008,广东_2015_arts_sina
广东,2015,science,深圳大学,597,5558,广东_2015_arts_sina
广东,2015,science,广西大学,575,14075,广东_2015_arts_sina
广东,2015,science,四川大学,609,2654,广东_2015_arts_sina
广东,2015,science,重庆大学,602,4017,广东_2015_arts_sina
广东,2015,science,西南交通大学,588,8129,广东_2015_arts_sina
广东,2015,science,西南大学,591,7265,广东_2015_arts_sina
广东,2015,science,西南财经大学,604,3682,广东_2015_arts_sina
广东,2015,science,西南政法大学,607,3166,广东_2015_arts_sina
广东,2015,science,贵州大学,573,,广东_2015_arts_sina
广东,2015,science,西北大学,573,,广东_2015_arts_sina
广东,2015,science,西安交通大学,604,3670,广东_2015_arts_sina
广东,2015,science,西北工业大学,590,7643,广东_2015_arts_sina
广东,2015,science,西北农林科技大学,576,13633,广东_2015_arts_sina
广东,2015,science,陕西师范大学,579,12123,广东_2015_arts_sina
广东,2015,science,西安外国语大学,587,8725,广东_2015_arts_sina
广东,2015,science,兰州大学,586,8886,广东_2015_arts_sina
广东,2015,science,广州大学,574,14802,广东_2015_arts_sina
广东,2015,science,中国石油大学(北京),589,7984,广东_2015_arts_sina
广东,2015,science,广东工业大学,573,,广东_2015_arts_sina
广东,2015,science,广东外语外贸大学,582,10469,广东_2015_arts_sina
广东,2015,science,南方医科大学,578,12471,广东_2015_arts_sina
广东,2015,science,中国人民大学(苏州校区),607,3054,广东_2015_arts_sina
广东,2015,science,山东大学威海分校,587,8623,广东_2015_arts_sina
广东,2015,science,中国传媒大学(中外合作办学专业),573,15125,广东_2015_arts_sina
广东,2015,science,东北财经大学(中外合作办学专业),573,,广东_2015_arts_sina
广东,2015,science,厦门大学(中外合作办学专业),601,4350,广东_2015_arts_sina
广东,2015,science,西南财经大学(中外合作办学专业),598,5081,广东_2015_arts_sina
广东,2015,science,西南政法大学(中外合作办学专业),599,4827,广东_2015_arts_sina
广东,2015,science,华南师范大学(中外合作办学专业),573,,广东_2015_arts_sina
广西,2015,arts,北京大学,651,,广西_2015_both_sina
广西,2015,science,北京大学,674,,广西_2015_both_sina
广西,2015,arts,中国人民大学,633,,广西_2015_both_sina
广西,2015,science,中国人民大学,642,,广西_2015_both_sina
广西,2015,arts,清华大学,658,,广西_2015_both_sina
广西,2015,science,清华大学,669,,广西_2015_both_sina
广西,2015,science,北京交通大学,565,,广西_2015_both_sina
广西,2015,arts,北京工业大学,535,,广西_2015_both_sina
广西,2015,science,北京工业大学,550,,广西_2015_both_sina
广西,2015,science,北京航空航天大学,626,,广西_2015_both_sina
广西,2015,arts,北京理工大学,590,,广西_2015_both_sina
广西,2015,science,北京理工大学,592,,广西_2015_both_sina
广西,2015,arts,北京科技大学,586,,广西_2015_both_sina
广西,2015,science,北京科技大学,566,,广西_2015_both_sina
广西,2015,science,北方工业大学,510,,广西_2015_both_sina
广西,2015,science,北京化工大学,532,,广西_2015_both_sina
广西,2015,arts,北京工商大学,566,,广西_2015_both_sina
广西,2015,science,北京工商大学,490,,广西_2015_both_sina
广西,2015,science,北京邮电大学,594,,广西_2015_both_sina
广西,2015,science,北京建筑大学,501,,广西_2015_both_sina
广西,2015,arts,中国农业大学,557,,广西_2015_both_sina
广西,2015,science,中国农业大学,558,,广西_2015_both_sina
广西,2015,arts,北京林业大学,570,,广西_2015_both_sina
广西,2015,science,北京林业大学,528,,广西_2015_both_sina
广西,2015,science,首都医科大学,599,,广西_2015_both_sina
广西,2015,science,北京中医药大学,554,,广西_2015_both_sina
广西,2015,arts,首都师范大学,553,,广西_2015_both_sina
广西,2015,science,首都师范大学,495,,广西_2015_both_sina
广西,2015,arts,北京外国语大学,607,,广西_2015_both_sina
广西,2015,science,北京外国语大学,594,,广西_2015_both_sina
广西,2015,arts,北京第二外国语学院,579,,广西_2015_both_sina
广西,2015,science,北京第二外国语学院,548,,广西_2015_both_sina
广西,2015,arts,北京语言大学,580,,广西_2015_both_sina
广西,2015,science,北京语言大学,543,,广西_2015_both_sina
广西,2015,arts,中国传媒大学,598,,广西_2015_both_sina
广西,2015,science,中国传媒大学,564,,广西_2015_both_sina
广西,2015,arts,中央财经大学,605,,广西_2015_both_sina
广西,2015,science,中央财经大学,594,,广西_2015_both_sina
广西,2015,arts,对外经济贸易大学,599,,广西_2015_both_sina
广西,2015,science,对外经济贸易大学,605,,广西_2015_both_sina
广西,2015,arts,首都经济贸易大学,572,,广西_2015_both_sina
广西,2015,science,首都经济贸易大学,543,,广西_2015_both_sina
广西,2015,arts,北京体育大学,546,,广西_2015_both_sina
广西,2015,science,北京体育大学,481,,广西_2015_both_sina
广西,2015,arts,中央民族大学,581,,广西_2015_both_sina
广西,2015,science,中央民族大学,554,,广西_2015_both_sina
广西,2015,arts,中国政法大学,599,,广西_2015_both_sina
广西,2015,science,中国政法大学,579,,广西_2015_both_sina
广西,2015,arts,华北电力大学(北京),575,,广西_2015_both_sina
广西,2015,science,华北电力大学(北京),560,,广西_2015_both_sina
广西,2015,arts,南开大学,608,,广西_2015_both_sina
广西,2015,science,南开大学,606,,广西_2015_both_sina
广西,2015,science,天津大学,587,,广西_2015_both_sina
广西,2015,science,中国民航大学,504,,广西_2015_both_sina
广西,2015,science,天津医科大学,498,,广西_2015_both_sina
广西,2015,arts,天津财经大学,567,,广西_2015_both_sina
广西,2015,science,天津财经大学,533,,广西_2015_both_sina
广西,2015,science,华北水利水电大学,489,,广西_2015_both_sina
广西,2015,arts,华北电力大学(保定),561,,广西_2015_both_sina
广西,2015,science,华北电力大学(保定),553,,广西_2015_both_sina
广西,2015,science,河北工业大学,519,,广西_2015_both_sina
广西,2015,arts,山西大学,530,,广西_2015_both_sina
广西,2015,science,山西大学,481,,广西_2015_both_sina
广西,2015,arts,中北大学,534,,广西_2015_both_sina
广西,2015,science,中北大学,480,,广西_2015_both_sina
广西,2015,science,太原理工大学,482,,广西_2015_both_sina
广西,2015,arts,山西财经大学,549,,广西_2015_both_sina
广西,2015,science,山西财经大学,515,,广西_2015_both_sina
广西,2015,arts,内蒙古大学,530,,广西_2015_both_sina
广西,2015,science,内蒙古大学,486,,广西_2015_both_sina
广西,2015,arts,辽宁大学,554,,广西_2015_both_sina
广西,2015,science,大连理工大学,569,,广西_2015_both_sina
广西,2015,science,东北大学,535,,广西_2015_both_sina
广西,2015,science,辽宁工程技术大学,480,,广西_2015_both_sina
广西,2015,arts,大连海事大学,543,,广西_2015_both_sina
广西,2015,science,大连海事大学,516,,广西_2015_both_sina
广西,2015,science,沈阳建筑大学,483,,广西_2015_both_sina
广西,2015,science,沈阳农业大学,484,,广西_2015_both_sina
广西,2015,science,中国医科大学,531,,广西_2015_both_sina
广西,2015,science,大连医科大学,539,,广西_2015_both_sina
广西,2015,science,沈阳药科大学,498,,广西_2015_both_sina
广西,2015,arts,东北财经大学,577,,广西_2015_both_sina
广西,2015,science,东北财经大学,551,,广西_2015_both_sina
广西,2015,arts,吉林大学,585,,广西_2015_both_sina
广西,2015,science,吉林大学,551,,广西_2015_both_sina
广西,2015,arts,延边大学,530,,广西_2015_both_sina
广西,2015,science,延边大学,492,,广西_2015_both_sina
广西,2015,science,长春理工大学,480,,广西_2015_both_sina
广西,2015,arts,东北师范大学,553,,广西_2015_both_sina
广西,2015,science,东北师范大学,502,,广西_2015_both_sina
广西,2015,science,哈尔滨工业大学,589,,广西_2015_both_sina
广西,2015,science,燕山大学,506,,广西_2015_both_sina
广西,2015,science,哈尔滨工程大学,515,,广西_2015_both_sina
广西,2015,arts,东北农业大学,533,,广西_2015_both_sina
广西,2015,science,东北农业大学,480,,广西_2015_both_sina
广西,2015,arts,东北林业大学,540,,广西_2015_both_sina
广西,2015,science,东北林业大学,482,,广西_2015_both_sina
广西,2015,science,哈尔滨医科大学,529,,广西_2015_both_sina
广西,2015,arts,复旦大学,637,,广西_2015_both_sina
广西,2015,science,复旦大学,657,,广西_2015_both_sina
广西,2015,science,同济大学,625,,广西_2015_both_sina
广西,2015,arts,上海交通大学,644,,广西_2015_both_sina
广西,2015,science,上海交通大学,659,,广西_2015_both_sina
广西,2015,science,华东理工大学,565,,广西_2015_both_sina
广西,2015,arts,上海理工大学,554,,广西_2015_both_sina
广西,2015,science,上海理工大学,530,,广西_2015_both_sina
广西,2015,arts,上海海事大学,554,,广西_2015_both_sina
广西,2015,science,上海海事大学,514,,广西_2015_both_sina
广西,2015,science,东华大学,550,,广西_2015_both_sina
广西,2015,arts,上海海洋大学,548,,广西_2015_both_sina
广西,2015,science,上海海洋大学,494,,广西_2015_both_sina
广西,2015,science,上海中医药大学,519,,广西_2015_both_sina
广西,2015,arts,华东师范大学,596,,广西_2015_both_sina
广西,2015,science,华东师范大学,580,,广西_2015_both_sina
广西,2015,arts,上海外国语大学,603,,广西_2015_both_sina
广西,2015,science,上海外国语大学,580,,广西_2015_both_sina
广西,2015,arts,上海财经大学,621,,广西_2015_both_sina
广西,2015,science,上海财经大学,627,,广西_2015_both_sina
广西,2015,arts,上海对外经贸大学,576,,广西_2015_both_sina
广西,2015,science,上海对外经贸大学,551,,广西_2015_both_sina
广西,2015,arts,华东政法大学,577,,广西_2015_both_sina
广西,2015,science,华东政法大学,543,,广西_2015_both_sina
广西,2015,arts,上海大学,584,,广西_2015_both_sina
广西,2015,science,上海大学,556,,广西_2015_both_sina
广西,2015,arts,南京大学,624,,广西_2015_both_sina
广西,2015,science,南京大学,640,,广西_2015_both_sina
广西,2015,arts,苏州大学,582,,广西_2015_both_sina
广西,2015,science,苏州大学,556,,广西_2015_both_sina
广西,2015,science,东南大学,603,,广西_2015_both_sina
广西,2015,science,南京航空航天大学,571,,广西_2015_both_sina
广西,2015,science,南京理工大学,561,,广西_2015_both_sina
广西,2015,arts,江苏科技大学,539,,广西_2015_both_sina
广西,2015,science,江苏科技大学,505,,广西_2015_both_sina
广西,2015,arts,中国矿业大学,565,,广西_2015_both_sina
广西,2015,science,中国矿业大学,517,,广西_2015_both_sina
广西,2015,science,南京工业大学,502,,广西_2015_both_sina
广西,2015,arts,南京邮电大学,545,,广西_2015_both_sina
广西,2015,science,南京邮电大学,532,,广西_2015_both_sina
广西,2015,arts,河海大学,576,,广西_2015_both_sina
广西,2015,science,河海大学,548,,广西_2015_both_sina
广西,2015,science,江南大学,532,,广西_2015_both_sina
广西,2015,arts,江苏大学,563,,广西_2015_both_sina
广西,2015,science,江苏大学,515,,广西_2015_both_sina
广西,2015,science,南京信息工程大学,499,,广西_2015_both_sina
广西,2015,arts,南京农业大学,554,,广西_2015_both_sina
广西,2015,science,南京农业大学,515,,广西_2015_both_sina
广西,2015,arts,中国药科大学,570,,广西_2015_both_sina
广西,2015,science,中国药科大学,554,,广西_2015_both_sina
广西,2015,arts,南京师范大学,564,,广西_2015_both_sina
广西,2015,science,南京师范大学,525,,广西_2015_both_sina
广西,2015,science,浙江大学,652,,广西_2015_both_sina
广西,2015,arts,杭州电子科技大学,554,,广西_2015_both_sina
广西,2015,science,杭州电子科技大学,537,,广西_2015_both_sina
广西,2015,science,浙江工业大学,522,,广西_2015_both_sina
广西,2015,science,浙江理工大学,519,,广西_2015_both_sina
广西,2015,arts,浙江师范大学,546,,广西_2015_both_sina
广西,2015,science,浙江师范大学,501,,广西_2015_both_sina
广西,2015,arts,浙江工商大学,570,,广西_2015_both_sina
广西,2015,science,浙江工商大学,526,,广西_2015_both_sina
广西,2015,arts,安徽大学,572,,广西_2015_both_sina
广西,2015,science,安徽大学,530,,广西_2015_both_sina
广西,2015,science,中国科学技术大学,644,,广西_2015_both_sina
广西,2015,science,合肥工业大学,530,,广西_2015_both_sina
广西,2015,arts,安徽财经大学,553,,广西_2015_both_sina
广西,2015,science,安徽财经大学,513,,广西_2015_both_sina
广西,2015,arts,厦门大学,612,,广西_2015_both_sina
广西,2015,science,厦门大学,595,,广西_2015_both_sina
广西,2015,arts,华侨大学,557,,广西_2015_both_sina
广西,2015,science,华侨大学,518,,广西_2015_both_sina
广西,2015,arts,福州大学,576,,广西_2015_both_sina
广西,2015,science,福州大学,542,,广西_2015_both_sina
广西,2015,science,福建农林大学,490,,广西_2015_both_sina
广西,2015,arts,福建师范大学,548,,广西_2015_both_sina
广西,2015,science,福建师范大学,497,,广西_2015_both_sina
广西,2015,arts,南昌大学,569,,广西_2015_both_sina
广西,2015,science,南昌大学,535,,广西_2015_both_sina
广西,2015,arts,华东交通大学,540,,广西_2015_both_sina
广西,2015,science,华东交通大学,500,,广西_2015_both_sina
广西,2015,science,东华理工大学,487,,广西_2015_both_sina
广西,2015,science,南昌航空大学,492,,广西_2015_both_sina
广西,2015,science,江西理工大学,485,,广西_2015_both_sina
广西,2015,arts,江西师范大学,530,,广西_2015_both_sina
广西,2015,arts,江西财经大学,571,,广西_2015_both_sina
广西,2015,science,江西财经大学,550,,广西_2015_both_sina
广西,2015,arts,山东大学,591,,广西_2015_both_sina
广西,2015,science,山东大学,564,,广西_2015_both_sina
广西,2015,arts,中国海洋大学,579,,广西_2015_both_sina
广西,2015,science,中国海洋大学,549,,广西_2015_both_sina
广西,2015,science,中国石油大学(华东),512,,广西_2015_both_sina
广西,2015,science,青岛科技大学,495,,广西_2015_both_sina
广西,2015,arts,济南大学,544,,广西_2015_both_sina
广西,2015,science,济南大学,484,,广西_2015_both_sina
广西,2015,arts,山东师范大学,530,,广西_2015_both_sina
广西,2015,science,山东师范大学,480,,广西_2015_both_sina
广西,2015,arts,郑州大学,560,,广西_2015_both_sina
广西,2015,science,郑州大学,524,,广西_2015_both_sina
广西,2015,arts,武汉大学,613,,广西_2015_both_sina
广西,2015,science,武汉大学,608,,广西_2015_both_sina
广西,2015,arts,华中科技大学,586,,广西_2015_both_sina
广西,2015,science,华中科技大学,591,,广西_2015_both_sina
广西,2015,arts,武汉科技大学,542,,广西_2015_both_sina
广西,2015,science,武汉科技大学,498,,广西_2015_both_sina
广西,2015,science,武汉工程大学,480,,广西_2015_both_sina
广西,2015,arts,中国地质大学(武汉),570,,广西_2015_both_sina
广西,2015,science,中国地质大学(武汉),530,,广西_2015_both_sina
广西,2015,arts,武汉理工大学,569,,广西_2015_both_sina
广西,2015,science,武汉理工大学,550,,广西_2015_both_sina
广西,2015,science,湖北工业大学,484,,广西_2015_both_sina
广西,2015,arts,华中农业大学,556,,广西_2015_both_sina
广西,2015,science,华中农业大学,511,,广西_2015_both_sina
广西,2015,arts,华中师范大学,575,,广西_2015_both_sina
广西,2015,science,华中师范大学,544,,广西_2015_both_sina
广西,2015,arts,湖北大学,545,,广西_2015_both_sina
广西,2015,science,湖北大学,500,,广西_2015_both_sina
广西,2015,arts,中南财经政法大学,592,,广西_2015_both_sina
广西,2015,science,中南财经政法大学,569,,广西_2015_both_sina
广西,2015,arts,中南民族大学,542,,广西_2015_both_sina
广西,2015,science,中南民族大学,487,,广西_2015_both_sina
广西,2015,arts,湘潭大学,550,,广西_2015_both_sina
广西,2015,science,湘潭大学,505,,广西_2015_both_sina
广西,2015,arts,湖南大学,596,,广西_2015_both_sina
广西,2015,science,湖南大学,557,,广西_2015_both_sina
广西,2015,arts,中南大学,586,,广西_2015_both_sina
广西,2015,science,中南大学,579,,广西_2015_both_sina
广西,2015,science,湖南科技大学,501,,广西_2015_both_sina
广西,2015,arts,长沙理工大学,530,,广西_2015_both_sina
广西,2015,science,长沙理工大学,493,,广西_2015_both_sina
广西,2015,arts,湖南农业大学,539,,广西_2015_both_sina
广西,2015,science,湖南农业大学,481,,广西_2015_both_sina
广西,2015,arts,中南林业科技大学,540,,广西_2015_both_sina
广西,2015,science,中南林业科技大学,482,,广西_2015_both_sina
广西,2015,arts,湖南中医药大学,553,,广西_2015_both_sina
广西,2015,science,湖南中医药大学,518,,广西_2015_both_sina
广西,2015,arts,湖南师范大学,567,,广西_2015_both_sina
广西,2015,science,湖南师范大学,531,,广西_2015_both_sina
广西,2015,arts,南华大学,536,,广西_2015_both_sina
广西,2015,science,南华大学,483,,广西_2015_both_sina
广西,2015,arts,中山大学,610,,广西_2015_both_sina
广西,2015,science,中山大学,604,,广西_2015_both_sina
广西,2015,arts,暨南大学,589,,广西_2015_both_sina
广西,2015,science,暨南大学,579,,广西_2015_both_sina
广西,2015,arts,汕头大学,574,,广西_2015_both_sina
广西,2015,science,汕头大学,555,,广西_2015_both_sina
广西,2015,arts,华南理工大学,589,,广西_2015_both_sina
广西,2015,science,华南理工大学,593,,广西_2015_both_sina
广西,2015,arts,华南农业大学,565,,广西_2015_both_sina
广西,2015,science,华南农业大学,514,,广西_2015_both_sina
广西,2015,science,广州医科大学,577,,广西_2015_both_sina
广西,2015,arts,广州中医药大学,541,,广西_2015_both_sina
广西,2015,science,广州中医药大学,550,,广西_2015_both_sina
广西,2015,arts,华南师范大学,568,,广西_2015_both_sina
广西,2015,science,华南师范大学,564,,广西_2015_both_sina
广西,2015,arts,海南大学,538,,广西_2015_both_sina
广西,2015,science,海南大学,486,,广西_2015_both_sina
广西,2015,arts,深圳大学,580,,广西_2015_both_sina
广西,2015,science,深圳大学,565,,广西_2015_both_sina
广西,2015,arts,广西大学(一),539,,广西_2015_both_sina
广西,2015,science,广西大学(一),492,,广西_2015_both_sina
广西,2015,arts,桂林电子科技大学(一),542,,广西_2015_both_sina
广西,2015,science,桂林电子科技大学(一),485,,广西_2015_both_sina
广西,2015,science,桂林理工大学(一),480,,广西_2015_both_sina
广西,2015,science,广西医科大学(一),519,,广西_2015_both_sina
广西,2015,arts,广西中医药大学,530,,广西_2015_both_sina
广西,2015,science,广西中医药大学,491,,广西_2015_both_sina
广西,2015,arts,广西师范大学,530,,广西_2015_both_sina
广西,2015,science,广西师范大学,480,,广西_2015_both_sina
广西,2015,arts,广西民族大学(一),530,,广西_2015_both_sina
广西,2015,science,广西民族大学(一),486,,广西_2015_both_sina
广西,2015,arts,四川大学,602,,广西_2015_both_sina
广西,2015,science,四川大学,577,,广西_2015_both_sina
广西,2015,arts,重庆大学,588,,广西_2015_both_sina
广西,2015,science,重庆大学,571,,广西_2015_both_sina
广西,2015,arts,西南交通大学,550,,广西_2015_both_sina
广西,2015,science,西南交通大学,552,,广西_2015_both_sina
广西,2015,science,电子科技大学,581,,广西_2015_both_sina
广西,2015,science,西南石油大学,483,,广西_2015_both_sina
广西,2015,science,成都理工大学,496,,广西_2015_both_sina
广西,2015,science,重庆邮电大学,530,,广西_2015_both_sina
广西,2015,arts,重庆交通大学,542,,广西_2015_both_sina
广西,2015,science,重庆交通大学,503,,广西_2015_both_sina
广西,2015,arts,西南科技大学,535,,广西_2015_both_sina
广西,2015,science,西南科技大学,480,,广西_2015_both_sina
广西,2015,science,四川农业大学,491,,广西_2015_both_sina
广西,2015,arts,西南大学,568,,广西_2015_both_sina
广西,2015,science,西南大学,538,,广西_2015_both_sina
广西,2015,arts,重庆师范大学,530,,广西_2015_both_sina
广西,2015,science,重庆师范大学,481,,广西_2015_both_sina
广西,2015,arts,四川外国语大学,560,,广西_2015_both_sina
广西,2015,science,四川外国语大学,528,,广西_2015_both_sina
广西,2015,arts,西南财经大学,594,,广西_2015_both_sina
广西,2015,science,西南财经大学,582,,广西_2015_both_sina
广西,2015,arts,西南政法大学,581,,广西_2015_both_sina
广西,2015,science,西南政法大学,550,,广西_2015_both_sina
广西,2015,arts,西南民族大学,532,,广西_2015_both_sina
广西,2015,science,西南民族大学,480,,广西_2015_both_sina
广西,2015,arts,贵州大学,540,,广西_2015_both_sina
广西,2015,science,贵州大学,492,,广西_2015_both_sina
广西,2015,arts,云南大学,550,,广西_2015_both_sina
广西,2015,science,云南大学,502,,广西_2015_both_sina
广西,2015,arts,西北大学,564,,广西_2015_both_sina
广西,2015,science,西北大学,512,,广西_2015_both_sina
广西,2015,science,西安交通大学,610,,广西_2015_both_sina
广西,2015,science,西北工业大学,568,,广西_2015_both_sina
广西,2015,science,西安理工大学,490,,广西_2015_both_sina
广西,2015,science,西安电子科技大学,560,,广西_2015_both_sina
广西,2015,science,西安工业大学,480,,广西_2015_both_sina
广西,2015,science,西安建筑科技大学,519,,广西_2015_both_sina
广西,2015,science,西安科技大学,488,,广西_2015_both_sina
广西,2015,science,陕西科技大学,480,,广西_2015_both_sina
广西,2015,arts,长安大学,553,,广西_2015_both_sina
广西,2015,science,长安大学,518,,广西_2015_both_sina
广西,2015,arts,西北农林科技大学,556,,广西_2015_both_sina
广西,2015,science,西北农林科技大学,512,,广西_2015_both_sina
广西,2015,arts,陕西师范大学,557,,广西_2015_both_sina
广西,2015,science,陕西师范大学,506,,广西_2015_both_sina
广西,2015,arts,兰州大学,568,,广西_2015_both_sina
广西,2015,science,兰州大学,528,,广西_2015_both_sina
广西,2015,science,青海大学,480,,广西_2015_both_sina
广西,2015,arts,宁夏大学,531,,广西_2015_both_sina
广西,2015,science,宁夏大学,484,,广西_2015_both_sina
广西,2015,arts,石河子大学,530,,广西_2015_both_sina
广西,2015,science,石河子大学,482,,广西_2015_both_sina
广西,2015,science,新疆医科大学,514,,广西_2015_both_sina
广西,2015,science,上海工程技术大学,483,,广西_2015_both_sina
广西,2015,arts,青岛大学,545,,广西_2015_both_sina
广西,2015,science,青岛大学,494,,广西_2015_both_sina
广西,2015,science,三峡大学,493,,广西_2015_both_sina
广西,2015,arts,广州大学,569,,广西_2015_both_sina
广西,2015,science,广州大学,532,,广西_2015_both_sina
广西,2015,arts,扬州大学,543,,广西_2015_both_sina
广西,2015,science,扬州大学,496,,广西_2015_both_sina
广西,2015,arts,北京信息科技大学,531,,广西_2015_both_sina
广西,2015,science,北京信息科技大学,499,,广西_2015_both_sina
广西,2015,arts,南京审计学院,573,,广西_2015_both_sina
广西,2015,science,南京审计学院,538,,广西_2015_both_sina
广西,2015,science,中国矿业大学(北京),510,,广西_2015_both_sina
广西,2015,arts,中国石油大学(北京),572,,广西_2015_both_sina
广西,2015,science,中国石油大学(北京),508,,广西_2015_both_sina
广西,2015,science,中国地质大学(北京),519,,广西_2015_both_sina
广西,2015,arts,宁波大学,540,,广西_2015_both_sina
广西,2015,science,宁波大学,499,,广西_2015_both_sina
广西,2015,arts,重庆工商大学,551,,广西_2015_both_sina
广西,2015,science,重庆工商大学,520,,广西_2015_both_sina
广西,2015,arts,上海政法学院,553,,广西_2015_both_sina
广西,2015,science,上海政法学院,499,,广西_2015_both_sina
广西,2015,arts,广东工业大学,555,,广西_2015_both_sina
广西,2015,science,广东工业大学,531,,广西_2015_both_sina
广西,2015,arts,广东外语外贸大学,585,,广西_2015_both_sina
广西,2015,science,广东外语外贸大学,565,,广西_2015_both_sina
广西,2015,arts,南方医科大学,556,,广西_2015_both_sina
广西,2015,science,南方医科大学,573,,广西_2015_both_sina
广西,2015,arts,宁波诺丁汉大学,536,,广西_2015_both_sina
广西,2015,science,宁波诺丁汉大学,489,,广西_2015_both_sina
广西,2015,arts,西交利物浦大学,531,,广西_2015_both_sina
广西,2015,science,西交利物浦大学,508,,广西_2015_both_sina
广西,2015,arts,北京师范大学-香港浸会大学联合国际学院,530,,广西_2015_both_sina
广西,2015,science,北京师范大学-香港浸会大学联合国际学院,483,,广西_2015_both_sina
广西,2015,science,北京大学医学部,633,,广西_2015_both_sina
广西,2015,science,北京邮电大学(宏福校区),524,,广西_2015_both_sina
广西,2015,science,大连理工大学(盘锦校区),487,,广西_2015_both_sina
广西,2015,science,东北大学秦皇岛分校,496,,广西_2015_both_sina
广西,2015,science,哈尔滨工业大学(威海),534,,广西_2015_both_sina
广西,2015,science,复旦大学医学院,645,,广西_2015_both_sina
广西,2015,science,上海交通大学医学院,643,,广西_2015_both_sina
广西,2015,science,合肥工业大学(宣城校区),480,,广西_2015_both_sina
广西,2015,arts,山东大学威海分校,572,,广西_2015_both_sina
广西,2015,science,山东大学威海分校,529,,广西_2015_both_sina
广西,2015,arts,西南大学(荣昌校区),530,,广西_2015_both_sina
广西,2015,science,西南大学(荣昌校区),484,,广西_2015_both_sina
广西,2015,arts,广西大学(二),531,,广西_2015_both_sina
广西,2015,science,广西大学(二),480,,广西_2015_both_sina
江苏,2015,arts,南京大学,380,,江苏_2015_arts_sina
江苏,2015,arts,东南大学,375,,江苏_2015_arts_sina
江苏,2015,arts,南京航空航天大学,370,,江苏_2015_arts_sina
江苏,2015,arts,南京理工大学,358,,江苏_2015_arts_sina
江苏,2015,arts,河海大学,360,,江苏_2015_arts_sina
江苏,2015,arts,南京信息工程大学,344,,江苏_2015_arts_sina
江苏,2015,arts,南京农业大学,353,,江苏_2015_arts_sina
江苏,2015,arts,南京师范大学,358,,江苏_2015_arts_sina
江苏,2015,arts,中国药科大学,352,,江苏_2015_arts_sina
江苏,2015,arts,南京工业大学,345,,江苏_2015_arts_sina
江苏,2015,arts,南京邮电大学,345,,江苏_2015_arts_sina
江苏,2015,arts,南京中医药大学,354,,江苏_2015_arts_sina
江苏,2015,arts,南京林业大学,346,,江苏_2015_arts_sina
江苏,2015,arts,南京财经大学,347,,江苏_2015_arts_sina
江苏,2015,arts,南京审计学院,348,,江苏_2015_arts_sina
江苏,2015,arts,东南大学医学院,347,,江苏_2015_arts_sina
江苏,2015,arts,江南大学,353,,江苏_2015_arts_sina
江苏,2015,arts,中国矿业大学,348,,江苏_2015_arts_sina
江苏,2015,arts,江苏师范大学,342,,江苏_2015_arts_sina
江苏,2015,arts,河海大学(常州校区),352,,江苏_2015_arts_sina
江苏,2015,arts,常州大学,342,,江苏_2015_arts_sina
江苏,2015,arts,苏州大学,358,,江苏_2015_arts_sina
江苏,2015,arts,苏州科技学院,343,,江苏_2015_arts_sina
江苏,2015,arts,中国人民大学(苏州校区),369,,江苏_2015_arts_sina
江苏,2015,arts,南通大学,342,,江苏_2015_arts_sina
江苏,2015,arts,扬州大学,347,,江苏_2015_arts_sina
江苏,2015,arts,江苏大学,344,,江苏_2015_arts_sina
江苏,2015,arts,江苏科技大学,343,,江苏_2015_arts_sina
江苏,2015,arts,西交利物浦大学,350,,江苏_2015_arts_sina
江苏,2015,arts,复旦大学,391,,江苏_2015_arts_sina
江苏,2015,arts,同济大学,380,,江苏_2015_arts_sina
江苏,2015,arts,上海交通大学,388,,江苏_2015_arts_sina
江苏,2015,arts,华东理工大学,357,,江苏_2015_arts_sina
江苏,2015,arts,东华大学,358,,江苏_2015_arts_sina
江苏,2015,arts,华东师范大学,374,,江苏_2015_arts_sina
江苏,2015,arts,华东政法大学,372,,江苏_2015_arts_sina
江苏,2015,arts,上海外国语大学,375,,江苏_2015_arts_sina
江苏,2015,arts,上海财经大学,389,,江苏_2015_arts_sina
江苏,2015,arts,上海师范大学,352,,江苏_2015_arts_sina
江苏,2015,arts,上海大学,359,,江苏_2015_arts_sina
江苏,2015,arts,上海对外经贸大学,364,,江苏_2015_arts_sina
江苏,2015,arts,上海理工大学,350,,江苏_2015_arts_sina
江苏,2015,arts,上海海事大学,350,,江苏_2015_arts_sina
江苏,2015,arts,上海金融学院,357,,江苏_2015_arts_sina
江苏,2015,arts,浙江大学,379,,江苏_2015_arts_sina
江苏,2015,arts,浙江理工大学,343,,江苏_2015_arts_sina
江苏,2015,arts,浙江工业大学,342,,江苏_2015_arts_sina
江苏,2015,arts,浙江师范大学,344,,江苏_2015_arts_sina
江苏,2015,arts,浙江工商大学,347,,江苏_2015_arts_sina
江苏,2015,arts,浙江财经大学,347,,江苏_2015_arts_sina
江苏,2015,arts,宁波大学,342,,江苏_2015_arts_sina
江苏,2015,arts,宁波诺丁汉大学,352,,江苏_2015_arts_sina
江苏,2015,arts,安徽大学,350,,江苏_2015_arts_sina
江苏,2015,arts,福州大学,350,,江苏_2015_arts_sina
江苏,2015,arts,闽江学院,348,,江苏_2015_arts_sina
江苏,2015,arts,厦门大学,377,,江苏_2015_arts_sina
江苏,2015,arts,华侨大学,343,,江苏_2015_arts_sina
江苏,2015,arts,江西财经大学,342,,江苏_2015_arts_sina
江苏,2015,arts,南昌大学,345,,江苏_2015_arts_sina
江苏,2015,arts,山东大学,342,,江苏_2015_arts_sina
江苏,2015,arts,中国海洋大学,357,,江苏_2015_arts_sina
江苏,2015,arts,青岛大学,344,,江苏_2015_arts_sina
江苏,2015,arts,山东大学威海分校,355,,江苏_2015_arts_sina
江苏,2015,arts,北京大学,400,,江苏_2015_arts_sina
江苏,2015,arts,中国人民大学,382,,江苏_2015_arts_sina
江苏,2015,arts,清华大学,403,,江苏_2015_arts_sina
江苏,2015,arts,北京师范大学,375,,江苏_2015_arts_sina
江苏,2015,arts,北京交通大学,368,,江苏_2015_arts_sina
江苏,2015,arts,北京航空航天大学,371,,江苏_2015_arts_sina
江苏,2015,arts,北京理工大学,366,,江苏_2015_arts_sina
江苏,2015,arts,北京科技大学,354,,江苏_2015_arts_sina
江苏,2015,arts,北京化工大学,345,,江苏_2015_arts_sina
江苏,2015,arts,中国农业大学,348,,江苏_2015_arts_sina
江苏,2015,arts,中国政法大学,372,,江苏_2015_arts_sina
江苏,2015,arts,北京邮电大学,346,,江苏_2015_arts_sina
江苏,2015,arts,北京林业大学,350,,江苏_2015_arts_sina
江苏,2015,arts,北京外国语大学,369,,江苏_2015_arts_sina
江苏,2015,arts,北京语言大学,358,,江苏_2015_arts_sina
江苏,2015,arts,中国石油大学(北京),343,,江苏_2015_arts_sina
江苏,2015,arts,对外经济贸易大学,374,,江苏_2015_arts_sina
江苏,2015,arts,中央财经大学,375,,江苏_2015_arts_sina
江苏,2015,arts,中国矿业大学(北京),346,,江苏_2015_arts_sina
江苏,2015,arts,中国传媒大学,370,,江苏_2015_arts_sina
江苏,2015,arts,北京体育大学,342,,江苏_2015_arts_sina
江苏,2015,arts,华北电力大学(北京),351,,江苏_2015_arts_sina
江苏,2015,arts,中央民族大学,358,,江苏_2015_arts_sina
江苏,2015,arts,北京第二外国语学院,358,,江苏_2015_arts_sina
江苏,2015,arts,首都师范大学,352,,江苏_2015_arts_sina
江苏,2015,arts,北京工业大学,346,,江苏_2015_arts_sina
江苏,2015,arts,北京工商大学,342,,江苏_2015_arts_sina
江苏,2015,arts,首都经济贸易大学,360,,江苏_2015_arts_sina
江苏,2015,arts,南开大学,374,,江苏_2015_arts_sina
江苏,2015,arts,天津大学,370,,江苏_2015_arts_sina
江苏,2015,arts,天津财经大学,351,,江苏_2015_arts_sina
江苏,2015,arts,华北电力大学(保定),344,,江苏_2015_arts_sina
江苏,2015,arts,燕山大学,342,,江苏_2015_arts_sina
江苏,2015,arts,山西大学,342,,江苏_2015_arts_sina
江苏,2015,arts,山西财经大学,345,,江苏_2015_arts_sina
江苏,2015,arts,东北大学,349,,江苏_2015_arts_sina
江苏,2015,arts,辽宁大学,346,,江苏_2015_arts_sina
江苏,2015,arts,大连理工大学,352,,江苏_2015_arts_sina
江苏,2015,arts,大连海事大学,348,,江苏_2015_arts_sina
江苏,2015,arts,东北财经大学,344,,江苏_2015_arts_sina
江苏,2015,arts,辽宁工程技术大学,342,,江苏_2015_arts_sina
江苏,2015,arts,吉林大学,360,,江苏_2015_arts_sina
江苏,2015,arts,东北师范大学,344,,江苏_2015_arts_sina
江苏,2015,arts,长春理工大学,342,,江苏_2015_arts_sina
江苏,2015,arts,哈尔滨工业大学,360,,江苏_2015_arts_sina
江苏,2015,arts,东北林业大学,342,,江苏_2015_arts_sina
江苏,2015,arts,东北农业大学,342,,江苏_2015_arts_sina
江苏,2015,arts,哈尔滨商业大学,342,,江苏_2015_arts_sina
江苏,2015,arts,哈尔滨医科大学,342,,江苏_2015_arts_sina
江苏,2015,arts,黑龙江大学,342,,江苏_2015_arts_sina
江苏,2015,arts,延边大学,342,,江苏_2015_arts_sina
江苏,2015,arts,郑州大学,345,,江苏_2015_arts_sina
江苏,2015,arts,河南大学,342,,江苏_2015_arts_sina
江苏,2015,arts,武汉大学,378,,江苏_2015_arts_sina
江苏,2015,arts,华中科技大学,366,,江苏_2015_arts_sina
江苏,2015,arts,华中师范大学,353,,江苏_2015_arts_sina
江苏,2015,arts,华中农业大学,344,,江苏_2015_arts_sina
江苏,2015,arts,中国地质大学(武汉),348,,江苏_2015_arts_sina
江苏,2015,arts,中南财经政法大学,366,,江苏_2015_arts_sina
江苏,2015,arts,武汉理工大学,345,,江苏_2015_arts_sina
江苏,2015,arts,湖北大学,342,,江苏_2015_arts_sina
江苏,2015,arts,湖北中医药大学,348,,江苏_2015_arts_sina
江苏,2015,arts,武汉科技大学,342,,江苏_2015_arts_sina
江苏,2015,arts,湖南大学,367,,江苏_2015_arts_sina
江苏,2015,arts,中南大学,359,,江苏_2015_arts_sina
江苏,2015,arts,湖南师范大学,347,,江苏_2015_arts_sina
江苏,2015,arts,长沙理工大学,344,,江苏_2015_arts_sina
江苏,2015,arts,湖南科技大学,342,,江苏_2015_arts_sina
江苏,2015,arts,湘潭大学,342,,江苏_2015_arts_sina
江苏,2015,arts,中南林业科技大学,342,,江苏_2015_arts_sina
江苏,2015,arts,中山大学,374,,江苏_2015_arts_sina
江苏,2015,arts,华南理工大学,365,,江苏_2015_arts_sina
江苏,2015,arts,广东外语外贸大学,348,,江苏_2015_arts_sina
江苏,2015,arts,暨南大学,342,,江苏_2015_arts_sina
江苏,2015,arts,汕头大学,342,,江苏_2015_arts_sina
江苏,2015,arts,深圳大学,347,,江苏_2015_arts_sina
江苏,2015,arts,北京师范大学-香港浸会大学联合国际学院,342,,江苏_2015_arts_sina
江苏,2015,arts,海南大学,352,,江苏_2015_arts_sina
江苏,2015,arts,四川大学,369,,江苏_2015_arts_sina
江苏,2015,arts,西南交通大学,351,,江苏_2015_arts_sina
江苏,2015,arts,西南财经大学,363,,江苏_2015_arts_sina
江苏,2015,arts,重庆大学,363,,江苏_2015_arts_sina
江苏,2015,arts,西南大学,351,,江苏_2015_arts_sina
江苏,2015,arts,西南政法大学,356,,江苏_2015_arts_sina
江苏,2015,arts,四川外国语大学,349,,江苏_2015_arts_sina
江苏,2015,arts,贵州大学,342,,江苏_2015_arts_sina
江苏,2015,arts,云南大学,346,,江苏_2015_arts_sina
江苏,2015,arts,西北大学,349,,江苏_2015_arts_sina
江苏,2015,arts,西北工业大学,352,,江苏_2015_arts_sina
江苏,2015,arts,陕西师范大学,345,,江苏_2015_arts_sina
江苏,2015,arts,西安交通大学,367,,江苏_2015_arts_sina
江苏,2015,arts,西安电子科技大学,342,,江苏_2015_arts_sina
江苏,2015,arts,长安大学,342,,江苏_2015_arts_sina
江苏,2015,arts,西北农林科技大学,346,,江苏_2015_arts_sina
江苏,2015,arts,兰州大学,351,,江苏_2015_arts_sina
江苏,2015,arts,宁夏大学,342,,江苏_2015_arts_sina
江苏,2015,arts,新疆大学,342,,江苏_2015_arts_sina
江苏,2015,science,南京大学,385,,江苏_2015_science_sina
江苏,2015,science,东南大学,383,,江苏_2015_science_sina
江苏,2015,science,南京航空航天大学,376,,江苏_2015_science_sina
江苏,2015,science,南京理工大学,375,,江苏_2015_science_sina
江苏,2015,science,河海大学,370,,江苏_2015_science_sina
江苏,2015,science,南京信息工程大学,348,,江苏_2015_science_sina
江苏,2015,science,南京农业大学,352,,江苏_2015_science_sina
江苏,2015,science,南京师范大学,359,,江苏_2015_science_sina
江苏,2015,science,中国药科大学,356,,江苏_2015_science_sina
江苏,2015,science,南京工业大学,348,,江苏_2015_science_sina
江苏,2015,science,南京邮电大学,354,,江苏_2015_science_sina
江苏,2015,science,南京医科大学,363,,江苏_2015_science_sina
江苏,2015,science,南京中医药大学,348,,江苏_2015_science_sina
江苏,2015,science,南京林业大学,345,,江苏_2015_science_sina
江苏,2015,science,南京财经大学,350,,江苏_2015_science_sina
江苏,2015,science,南京审计学院,352,,江苏_2015_science_sina
江苏,2015,science,东南大学医学院,354,,江苏_2015_science_sina
江苏,2015,science,江南大学,356,,江苏_2015_science_sina
江苏,2015,science,中国矿业大学,351,,江苏_2015_science_sina
江苏,2015,science,江苏师范大学,352,,江苏_2015_science_sina
江苏,2015,science,徐州医学院,348,,江苏_2015_science_sina
江苏,2015,science,河海大学(常州校区),351,,江苏_2015_science_sina
江苏,2015,science,常州大学,344,,江苏_2015_science_sina
江苏,2015,science,苏州大学,360,,江苏_2015_science_sina
江苏,2015,science,苏州科技学院,344,,江苏_2015_science_sina
江苏,2015,science,中国人民大学(苏州校区),372,,江苏_2015_science_sina
江苏,2015,science,南通大学,345,,江苏_2015_science_sina
江苏,2015,science,扬州大学,346,,江苏_2015_science_sina
江苏,2015,science,江苏大学,349,,江苏_2015_science_sina
江苏,2015,science,江苏科技大学,344,,江苏_2015_science_sina
江苏,2015,science,西交利物浦大学,355,,江苏_2015_science_sina
江苏,2015,science,复旦大学,401,,江苏_2015_science_sina
江苏,2015,science,同济大学,386,,江苏_2015_science_sina
江苏,2015,science,上海交通大学,394,,江苏_2015_science_sina
江苏,2015,science,华东理工大学,370,,江苏_2015_science_sina
江苏,2015,science,东华大学,366,,江苏_2015_science_sina
江苏,2015,science,华东师范大学,379,,江苏_2015_science_sina
江苏,2015,science,华东政法大学,377,,江苏_2015_science_sina
江苏,2015,science,上海外国语大学,378,,江苏_2015_science_sina
江苏,2015,science,上海财经大学,388,,江苏_2015_science_sina
江苏,2015,science,上海师范大学,352,,江苏_2015_science_sina
江苏,2015,science,上海大学,369,,江苏_2015_science_sina
江苏,2015,science,上海中医药大学,356,,江苏_2015_science_sina
江苏,2015,science,上海对外经贸大学,369,,江苏_2015_science_sina
江苏,2015,science,上海理工大学,357,,江苏_2015_science_sina
江苏,2015,science,上海海洋大学,344,,江苏_2015_science_sina
江苏,2015,science,上海海事大学,352,,江苏_2015_science_sina
江苏,2015,science,复旦大学医学院,344,,江苏_2015_science_sina
江苏,2015,science,上海金融学院,363,,江苏_2015_science_sina
江苏,2015,science,上海交通大学医学院,352,,江苏_2015_science_sina
江苏,2015,science,浙江大学,392,,江苏_2015_science_sina
江苏,2015,science,浙江理工大学,344,,江苏_2015_science_sina
江苏,2015,science,浙江工业大学,346,,江苏_2015_science_sina
江苏,2015,science,浙江师范大学,347,,江苏_2015_science_sina
江苏,2015,science,浙江工商大学,348,,江苏_2015_science_sina
江苏,2015,science,浙江财经大学,348,,江苏_2015_science_sina
江苏,2015,science,宁波大学,344,,江苏_2015_science_sina
江苏,2015,science,浙江大学医学院,381,,江苏_2015_science_sina
江苏,2015,science,宁波诺丁汉大学,348,,江苏_2015_science_sina
江苏,2015,science,中国科学技术大学,391,,江苏_2015_science_sina
江苏,2015,science,合肥工业大学,357,,江苏_2015_science_sina
江苏,2015,science,安徽大学,350,,江苏_2015_science_sina
江苏,2015,science,安徽工业大学,344,,江苏_2015_science_sina
江苏,2015,science,合肥工业大学(宣城校区),349,,江苏_2015_science_sina
江苏,2015,science,福州大学,352,,江苏_2015_science_sina
江苏,2015,science,福建农林大学,344,,江苏_2015_science_sina
江苏,2015,science,闽江学院,344,,江苏_2015_science_sina
江苏,2015,science,厦门大学,379,,江苏_2015_science_sina
江苏,2015,science,集美大学,344,,江苏_2015_science_sina
江苏,2015,science,华侨大学,344,,江苏_2015_science_sina
江苏,2015,science,江西财经大学,347,,江苏_2015_science_sina
江苏,2015,science,华东交通大学,348,,江苏_2015_science_sina
江苏,2015,science,南昌大学,349,,江苏_2015_science_sina
江苏,2015,science,山东大学,369,,江苏_2015_science_sina
江苏,2015,science,济南大学,344,,江苏_2015_science_sina
江苏,2015,science,山东理工大学,344,,江苏_2015_science_sina
江苏,2015,science,中国海洋大学,365,,江苏_2015_science_sina
江苏,2015,science,青岛科技大学,344,,江苏_2015_science_sina
江苏,2015,science,青岛大学,344,,江苏_2015_science_sina
江苏,2015,science,山东科技大学,344,,江苏_2015_science_sina
江苏,2015,science,中国石油大学(华东),344,,江苏_2015_science_sina
江苏,2015,science,山东大学威海分校,356,,江苏_2015_science_sina
江苏,2015,science,哈尔滨工业大学(威海),364,,江苏_2015_science_sina
江苏,2015,science,北京大学,410,,江苏_2015_science_sina
江苏,2015,science,中国人民大学,344,,江苏_2015_science_sina
江苏,2015,science,清华大学,407,,江苏_2015_science_sina
江苏,2015,science,北京师范大学,377,,江苏_2015_science_sina
江苏,2015,science,北京交通大学,369,,江苏_2015_science_sina
江苏,2015,science,北京航空航天大学,381,,江苏_2015_science_sina
江苏,2015,science,北京理工大学,376,,江苏_2015_science_sina
江苏,2015,science,北京科技大学,365,,江苏_2015_science_sina
江苏,2015,science,北京化工大学,350,,江苏_2015_science_sina
江苏,2015,science,中国农业大学,367,,江苏_2015_science_sina
江苏,2015,science,中国地质大学(北京),348,,江苏_2015_science_sina
江苏,2015,science,中国政法大学,371,,江苏_2015_science_sina
江苏,2015,science,北京邮电大学,375,,江苏_2015_science_sina
江苏,2015,science,北京林业大学,351,,江苏_2015_science_sina
江苏,2015,science,北京大学医学部,396,,江苏_2015_science_sina
江苏,2015,science,北京外国语大学,377,,江苏_2015_science_sina
江苏,2015,science,北京语言大学,356,,江苏_2015_science_sina
江苏,2015,science,中国石油大学(北京),344,,江苏_2015_science_sina
江苏,2015,science,对外经济贸易大学,379,,江苏_2015_science_sina
江苏,2015,science,中央财经大学,377,,江苏_2015_science_sina
江苏,2015,science,北京中医药大学,354,,江苏_2015_science_sina
江苏,2015,science,中国矿业大学(北京),344,,江苏_2015_science_sina
江苏,2015,science,中国传媒大学,372,,江苏_2015_science_sina
江苏,2015,science,北京体育大学,344,,江苏_2015_science_sina
江苏,2015,science,华北电力大学(北京),362,,江苏_2015_science_sina
江苏,2015,science,中央民族大学,363,,江苏_2015_science_sina
江苏,2015,science,北京协和医学院,344,,江苏_2015_science_sina
江苏,2015,science,北京第二外国语学院,358,,江苏_2015_science_sina
江苏,2015,science,首都师范大学,351,,江苏_2015_science_sina
江苏,2015,science,北京工业大学,355,,江苏_2015_science_sina
江苏,2015,science,首都医科大学,344,,江苏_2015_science_sina
江苏,2015,science,北京邮电大学(宏福校区),359,,江苏_2015_science_sina
江苏,2015,science,北京工商大学,347,,江苏_2015_science_sina
江苏,2015,science,首都经济贸易大学,363,,江苏_2015_science_sina
江苏,2015,science,中国科学院大学,375,,江苏_2015_science_sina
江苏,2015,science,南开大学,380,,江苏_2015_science_sina
江苏,2015,science,天津大学,375,,江苏_2015_science_sina
江苏,2015,science,天津医科大学,361,,江苏_2015_science_sina
江苏,2015,science,天津财经大学,349,,江苏_2015_science_sina
江苏,2015,science,天津中医药大学,355,,江苏_2015_science_sina
江苏,2015,science,石家庄铁道大学,344,,江苏_2015_science_sina
江苏,2015,science,河北工业大学,349,,江苏_2015_science_sina
江苏,2015,science,华北电力大学(保定),358,,江苏_2015_science_sina
江苏,2015,science,河北医科大学,363,,江苏_2015_science_sina
江苏,2015,science,燕山大学,344,,江苏_2015_science_sina
江苏,2015,science,东北大学秦皇岛分校,347,,江苏_2015_science_sina
江苏,2015,science,山西大学,344,,江苏_2015_science_sina
江苏,2015,science,中北大学,344,,江苏_2015_science_sina
江苏,2015,science,山西财经大学,344,,江苏_2015_science_sina
江苏,2015,science,太原理工大学,347,,江苏_2015_science_sina
江苏,2015,science,内蒙古大学,351,,江苏_2015_science_sina
江苏,2015,science,东北大学,362,,江苏_2015_science_sina
江苏,2015,science,辽宁大学,346,,江苏_2015_science_sina
江苏,2015,science,中国医科大学,361,,江苏_2015_science_sina
江苏,2015,science,沈阳药科大学,344,,江苏_2015_science_sina
江苏,2015,science,沈阳农业大学,344,,江苏_2015_science_sina
江苏,2015,science,沈阳工业大学,344,,江苏_2015_science_sina
江苏,2015,science,大连理工大学,368,,江苏_2015_science_sina
江苏,2015,science,大连海事大学,349,,江苏_2015_science_sina
江苏,2015,science,东北财经大学,355,,江苏_2015_science_sina
江苏,2015,science,大连医科大学,365,,江苏_2015_science_sina
江苏,2015,science,辽宁工程技术大学,344,,江苏_2015_science_sina
江苏,2015,science,大连理工大学(盘锦校区),351,,江苏_2015_science_sina
江苏,2015,science,吉林大学,358,,江苏_2015_science_sina
江苏,2015,science,东北师范大学,344,,江苏_2015_science_sina
江苏,2015,science,长春理工大学,344,,江苏_2015_science_sina
江苏,2015,science,哈尔滨工业大学,375,,江苏_2015_science_sina
江苏,2015,science,哈尔滨工程大学,355,,江苏_2015_science_sina
江苏,2015,science,东北林业大学,344,,江苏_2015_science_sina
江苏,2015,science,东北农业大学,344,,江苏_2015_science_sina
江苏,2015,science,黑龙江中医药大学,344,,江苏_2015_science_sina
江苏,2015,science,哈尔滨商业大学,344,,江苏_2015_science_sina
江苏,2015,science,哈尔滨理工大学,344,,江苏_2015_science_sina
江苏,2015,science,哈尔滨医科大学,344,,江苏_2015_science_sina
江苏,2015,science,黑龙江大学,344,,江苏_2015_science_sina
江苏,2015,science,东北石油大学,344,,江苏_2015_science_sina
江苏,2015,science,延边大学,357,,江苏_2015_science_sina
江苏,2015,science,郑州大学,352,,江苏_2015_science_sina
江苏,2015,science,河南大学,344,,江苏_2015_science_sina
江苏,2015,science,武汉大学,380,,江苏_2015_science_sina
江苏,2015,science,华中科技大学,374,,江苏_2015_science_sina
江苏,2015,science,华中师范大学,353,,江苏_2015_science_sina
江苏,2015,science,华中农业大学,348,,江苏_2015_science_sina
江苏,2015,science,中国地质大学(武汉),352,,江苏_2015_science_sina
江苏,2015,science,中南财经政法大学,369,,江苏_2015_science_sina
江苏,2015,science,武汉理工大学,344,,江苏_2015_science_sina
江苏,2015,science,湖北大学,344,,江苏_2015_science_sina
江苏,2015,science,湖北中医药大学,345,,江苏_2015_science_sina
江苏,2015,science,武汉工程大学,344,,江苏_2015_science_sina
江苏,2015,science,武汉科技大学,345,,江苏_2015_science_sina
江苏,2015,science,三峡大学,344,,江苏_2015_science_sina
江苏,2015,science,湖南大学,364,,江苏_2015_science_sina
江苏,2015,science,中南大学,367,,江苏_2015_science_sina
江苏,2015,science,湖南师范大学,346,,江苏_2015_science_sina
江苏,2015,science,湖南中医药大学,346,,江苏_2015_science_sina
江苏,2015,science,湖南农业大学,344,,江苏_2015_science_sina
江苏,2015,science,长沙理工大学,344,,江苏_2015_science_sina
江苏,2015,science,湖南科技大学,344,,江苏_2015_science_sina
江苏,2015,science,湘潭大学,344,,江苏_2015_science_sina
江苏,2015,science,中南林业科技大学,344,,江苏_2015_science_sina
江苏,2015,science,南华大学,344,,江苏_2015_science_sina
江苏,2015,science,中山大学,378,,江苏_2015_science_sina
江苏,2015,science,华南理工大学,373,,江苏_2015_science_sina
江苏,2015,science,华南农业大学,344,,江苏_2015_science_sina
江苏,2015,science,广东外语外贸大学,348,,江苏_2015_science_sina
江苏,2015,science,暨南大学,349,,江苏_2015_science_sina
江苏,2015,science,广州中医药大学,353,,江苏_2015_science_sina
江苏,2015,science,汕头大学,348,,江苏_2015_science_sina
江苏,2015,science,南方医科大学,363,,江苏_2015_science_sina
江苏,2015,science,深圳大学,354,,江苏_2015_science_sina
江苏,2015,science,北京师范大学-香港浸会大学联合国际学院,344,,江苏_2015_science_sina
江苏,2015,science,广西大学,346,,江苏_2015_science_sina
江苏,2015,science,广西医科大学,360,,江苏_2015_science_sina
江苏,2015,science,海南大学,360,,江苏_2015_science_sina
江苏,2015,science,四川大学,370,,江苏_2015_science_sina
江苏,2015,science,西南交通大学,359,,江苏_2015_science_sina
江苏,2015,science,西南财经大学,372,,江苏_2015_science_sina
江苏,2015,science,电子科技大学,372,,江苏_2015_science_sina
江苏,2015,science,成都理工大学,344,,江苏_2015_science_sina
江苏,2015,science,电子科技大学(沙河校区),362,,江苏_2015_science_sina
江苏,2015,science,四川农业大学,344,,江苏_2015_science_sina
江苏,2015,science,西南石油大学,344,,江苏_2015_science_sina
江苏,2015,science,重庆大学,368,,江苏_2015_science_sina
江苏,2015,science,西南大学,348,,江苏_2015_science_sina
江苏,2015,science,西南政法大学,355,,江苏_2015_science_sina
江苏,2015,science,重庆医科大学,344,,江苏_2015_science_sina
江苏,2015,science,重庆交通大学,344,,江苏_2015_science_sina
江苏,2015,science,重庆邮电大学,345,,江苏_2015_science_sina
江苏,2015,science,四川外国语大学,363,,江苏_2015_science_sina
江苏,2015,science,贵州大学,346,,江苏_2015_science_sina
江苏,2015,science,云南大学,349,,江苏_2015_science_sina
江苏,2015,science,西北大学,349,,江苏_2015_science_sina
江苏,2015,science,西北工业大学,370,,江苏_2015_science_sina
江苏,2015,science,陕西师范大学,345,,江苏_2015_science_sina
江苏,2015,science,西安交通大学,378,,江苏_2015_science_sina
江苏,2015,science,西安电子科技大学,355,,江苏_2015_science_sina
江苏,2015,science,长安大学,349,,江苏_2015_science_sina
江苏,2015,science,西安建筑科技大学,357,,江苏_2015_science_sina
江苏,2015,science,西安理工大学,355,,江苏_2015_science_sina
江苏,2015,science,西安工业大学,352,,江苏_2015_science_sina
江苏,2015,science,西北农林科技大学,348,,江苏_2015_science_sina
江苏,2015,science,陕西科技大学,352,,江苏_2015_science_sina
江苏,2015,science,兰州大学,359,,江苏_2015_science_sina
江苏,2015,science,青海大学,344,,江苏_2015_science_sina
江苏,2015,science,宁夏大学,344,,江苏_2015_science_sina
江苏,2015,science,新疆大学,344,,江苏_2015_science_sina
江西,2015,arts,北京师范大学★,581,516,江西_2015_both_sina
江西,2015,arts,北京体育大学▲,539,3968,江西_2015_both_sina
江西,2015,arts,天津师范大学,528,6021,江西_2015_both_sina
江西,2015,arts,大连海事大学▲,545,3117,江西_2015_both_sina
江西,2015,arts,东北师范大学▲,549,2605,江西_2015_both_sina
江西,2015,arts,华东师范大学★,576,671,江西_2015_both_sina
江西,2015,arts,南京师范大学▲,557,1824,江西_2015_both_sina
江西,2015,arts,浙江师范大学,536,4428,江西_2015_both_sina
江西,2015,arts,福建师范大学,537,4294,江西_2015_both_sina
江西,2015,arts,山东师范大学,528,6082,江西_2015_both_sina
江西,2015,arts,华中师范大学▲,561,1494,江西_2015_both_sina
江西,2015,arts,湖南师范大学▲,548,2764,江西_2015_both_sina
江西,2015,arts,华南师范大学▲,554,2116,江西_2015_both_sina
江西,2015,arts,重庆师范大学,529,5828,江西_2015_both_sina
江西,2015,arts,西南大学▲,555,2018,江西_2015_both_sina
江西,2015,arts,西南大学(荣昌校区)▲,528,6082,江西_2015_both_sina
江西,2015,arts,四川师范大学,529,5755,江西_2015_both_sina
江西,2015,arts,陕西师范大学▲,545,3158,江西_2015_both_sina
江西,2015,arts,西北师范大学,528,6082,江西_2015_both_sina
江西,2015,arts,中央民族大学★,567,1113,江西_2015_both_sina
江西,2015,arts,华北电力大学(北京)▲,560,1577,江西_2015_both_sina
江西,2015,arts,北京大学★,621,14,江西_2015_both_sina
江西,2015,arts,中国人民大学★,604,100,江西_2015_both_sina
江西,2015,arts,清华大学★,623,,江西_2015_both_sina
江西,2015,arts,北京交通大学▲,568,1048,江西_2015_both_sina
江西,2015,arts,北京科技大学▲,562,1454,江西_2015_both_sina
江西,2015,arts,北京化工大学▲,552,2312,江西_2015_both_sina
江西,2015,arts,北京邮电大学▲,565,1244,江西_2015_both_sina
江西,2015,arts,北京林业大学▲,558,1769,江西_2015_both_sina
江西,2015,arts,北京语言大学,562,1477,江西_2015_both_sina
江西,2015,arts,中国传媒大学▲,579,578,江西_2015_both_sina
江西,2015,arts,中央财经大学▲,585,383,江西_2015_both_sina
江西,2015,arts,对外经济贸易大学▲,528,6082,江西_2015_both_sina
江西,2015,arts,中国政法大学▲,580,542,江西_2015_both_sina
江西,2015,arts,中国矿业大学(北京)▲,542,3550,江西_2015_both_sina
江西,2015,arts,中国石油大学(北京)▲,555,1965,江西_2015_both_sina
江西,2015,arts,北京航空航天大学★,578,620,江西_2015_both_sina
江西,2015,arts,北京理工大学★,575,733,江西_2015_both_sina
江西,2015,arts,北京第二外国语学院,563,1375,江西_2015_both_sina
江西,2015,arts,南开大学★,584,423,江西_2015_both_sina
江西,2015,arts,天津大学★,572,851,江西_2015_both_sina
江西,2015,arts,天津财经大学,562,1439,江西_2015_both_sina
江西,2015,arts,石家庄铁道大学,528,6082,江西_2015_both_sina
江西,2015,arts,华北电力大学(保定)▲,543,3450,江西_2015_both_sina
江西,2015,arts,燕山大学,532,5211,江西_2015_both_sina
江西,2015,arts,东北财经大学,566,1180,江西_2015_both_sina
江西,2015,arts,东北大学★,555,1983,江西_2015_both_sina
江西,2015,arts,辽宁大学▲,542,3597,江西_2015_both_sina
江西,2015,arts,吉林大学★,567,1148,江西_2015_both_sina
江西,2015,arts,延边大学▲,528,6082,江西_2015_both_sina
江西,2015,arts,东北农业大学▲,529,5782,江西_2015_both_sina
江西,2015,arts,哈尔滨医科大学,528,6082,江西_2015_both_sina
江西,2015,arts,东北林业大学▲,529,5711,江西_2015_both_sina
江西,2015,arts,复旦大学★,614,35,江西_2015_both_sina
江西,2015,arts,同济大学★,581,509,江西_2015_both_sina
江西,2015,arts,上海交通大学★,607,81,江西_2015_both_sina
江西,2015,arts,上海外国语大学▲,579,579,江西_2015_both_sina
江西,2015,arts,上海财经大学▲,595,199,江西_2015_both_sina
江西,2015,arts,华东政法大学,568,1086,江西_2015_both_sina
江西,2015,arts,上海大学▲,567,1125,江西_2015_both_sina
江西,2015,arts,上海对外经贸大学,565,1249,江西_2015_both_sina
江西,2015,arts,上海理工大学,550,2576,江西_2015_both_sina
江西,2015,arts,南京大学★,597,178,江西_2015_both_sina
江西,2015,arts,中国矿业大学▲,543,3382,江西_2015_both_sina
江西,2015,arts,河海大学▲,557,1852,江西_2015_both_sina
江西,2015,arts,中国药科大学▲,555,2023,江西_2015_both_sina
江西,2015,arts,南京航空航天大学▲,563,1360,江西_2015_both_sina
江西,2015,arts,苏州大学▲,567,1140,江西_2015_both_sina
江西,2015,arts,江南大学▲,556,1925,江西_2015_both_sina
江西,2015,arts,江苏大学,543,3456,江西_2015_both_sina
江西,2015,arts,扬州大学,544,3251,江西_2015_both_sina
江西,2015,arts,江苏科技大学,536,4569,江西_2015_both_sina
江西,2015,arts,西交利物浦大学,532,5151,江西_2015_both_sina
江西,2015,arts,宁波大学,537,4358,江西_2015_both_sina
江西,2015,arts,浙江工业大学,539,3949,江西_2015_both_sina
江西,2015,arts,浙江理工大学,530,5507,江西_2015_both_sina
江西,2015,arts,浙江工商大学,560,1603,江西_2015_both_sina
江西,2015,arts,宁波诺丁汉大学,542,3585,江西_2015_both_sina
江西,2015,arts,安徽大学▲,547,2890,江西_2015_both_sina
江西,2015,arts,厦门大学★,587,349,江西_2015_both_sina
江西,2015,arts,福州大学▲,556,1926,江西_2015_both_sina
江西,2015,arts,山东大学★,561,1518,江西_2015_both_sina
江西,2015,arts,中国海洋大学★,565,1233,江西_2015_both_sina
江西,2015,arts,山东大学威海分校★,562,1468,江西_2015_both_sina
江西,2015,arts,郑州大学▲,544,3210,江西_2015_both_sina
江西,2015,arts,河南大学,531,5463,江西_2015_both_sina
江西,2015,arts,华中农业大学▲,545,3149,江西_2015_both_sina
江西,2015,arts,武汉大学★,586,364,江西_2015_both_sina
江西,2015,arts,中南财经政法大学▲,576,673,江西_2015_both_sina
江西,2015,arts,华中科技大学★,572,857,江西_2015_both_sina
江西,2015,arts,武汉理工大学▲,554,2099,江西_2015_both_sina
江西,2015,arts,中国地质大学(武汉)▲,554,2060,江西_2015_both_sina
江西,2015,arts,武汉科技大学,538,4228,江西_2015_both_sina
江西,2015,arts,湖南大学★,575,744,江西_2015_both_sina
江西,2015,arts,中南大学★,568,1092,江西_2015_both_sina
江西,2015,arts,湘潭大学,539,4040,江西_2015_both_sina
江西,2015,arts,中山大学★,584,431,江西_2015_both_sina
江西,2015,arts,华南理工大学★,571,906,江西_2015_both_sina
江西,2015,arts,华南农业大学,542,3588,江西_2015_both_sina
江西,2015,arts,暨南大学▲,580,561,江西_2015_both_sina
江西,2015,arts,广州中医药大学,533,4960,江西_2015_both_sina
江西,2015,arts,汕头大学,555,2019,江西_2015_both_sina
江西,2015,arts,广东外语外贸大学,567,1136,江西_2015_both_sina
江西,2015,arts,深圳大学,564,1271,江西_2015_both_sina
江西,2015,arts,南方医科大学,539,3979,江西_2015_both_sina
江西,2015,arts,广西大学▲,533,4947,江西_2015_both_sina
江西,2015,arts,海南大学▲,536,4415,江西_2015_both_sina
江西,2015,arts,重庆大学★,569,1018,江西_2015_both_sina
江西,2015,arts,西南政法大学,567,1097,江西_2015_both_sina
江西,2015,arts,西南交通大学▲,553,2192,江西_2015_both_sina
江西,2015,arts,电子科技大学★,558,1752,江西_2015_both_sina
江西,2015,arts,西南财经大学▲,572,861,江西_2015_both_sina
江西,2015,arts,四川大学★,576,675,江西_2015_both_sina
江西,2015,arts,贵州大学▲,536,4542,江西_2015_both_sina
江西,2015,arts,云南大学▲,543,3344,江西_2015_both_sina
江西,2015,arts,西北农林科技大学★,544,3305,江西_2015_both_sina
江西,2015,arts,西安交通大学★,574,784,江西_2015_both_sina
江西,2015,arts,西北大学▲,552,2314,江西_2015_both_sina
江西,2015,arts,西北工业大学★,560,1596,江西_2015_both_sina
江西,2015,arts,长安大学▲,539,3964,江西_2015_both_sina
江西,2015,arts,兰州大学★,557,1861,江西_2015_both_sina
江西,2015,arts,宁夏大学▲,528,6082,江西_2015_both_sina
江西,2015,arts,新疆大学▲,528,6082,江西_2015_both_sina
江西,2015,arts,石河子大学▲,528,6082,江西_2015_both_sina
江西,2015,arts,北京印刷学院,531,5328,江西_2015_both_sina
江西,2015,arts,北京建筑大学,536,4427,江西_2015_both_sina
江西,2015,arts,北京物资学院,536,4453,江西_2015_both_sina
江西,2015,arts,首都经济贸易大学,566,1184,江西_2015_both_sina
江西,2015,arts,北京工商大学,564,1301,江西_2015_both_sina
江西,2015,arts,北京联合大学,540,3863,江西_2015_both_sina
江西,2015,arts,首都师范大学,553,2203,江西_2015_both_sina
江西,2015,arts,天津外国语大学,555,2028,江西_2015_both_sina
江西,2015,arts,河北大学,529,5843,江西_2015_both_sina
江西,2015,arts,山西大学,530,5635,江西_2015_both_sina
江西,2015,arts,中北大学,528,6082,江西_2015_both_sina
江西,2015,arts,山西财经大学,538,4163,江西_2015_both_sina
江西,2015,arts,黑龙江大学,528,6082,江西_2015_both_sina
江西,2015,arts,哈尔滨商业大学,532,5218,江西_2015_both_sina
江西,2015,arts,上海师范大学,546,2978,江西_2015_both_sina
江西,2015,arts,上海海事大学,551,2460,江西_2015_both_sina
江西,2015,arts,上海海洋大学,538,4120,江西_2015_both_sina
江西,2015,arts,上海立信会计学院,570,953,江西_2015_both_sina
江西,2015,arts,上海政法学院,548,2809,江西_2015_both_sina
江西,2015,arts,南京工业大学,540,3898,江西_2015_both_sina
江西,2015,arts,常州大学,537,4398,江西_2015_both_sina
江西,2015,arts,南京邮电大学,543,3337,江西_2015_both_sina
江西,2015,arts,南京林业大学,536,4520,江西_2015_both_sina
江西,2015,arts,南京审计学院,566,1167,江西_2015_both_sina
江西,2015,arts,南京财经大学,558,1779,江西_2015_both_sina
江西,2015,arts,安徽工业大学,528,6082,江西_2015_both_sina
江西,2015,arts,安徽财经大学,543,3363,江西_2015_both_sina
江西,2015,arts,安徽农业大学,541,3679,江西_2015_both_sina
江西,2015,arts,闽江学院,544,3266,江西_2015_both_sina
江西,2015,arts,集美大学,551,2407,江西_2015_both_sina
江西,2015,arts,华侨大学,543,3440,江西_2015_both_sina
江西,2015,arts,烟台大学,534,4871,江西_2015_both_sina
江西,2015,arts,山东科技大学,534,4906,江西_2015_both_sina
江西,2015,arts,青岛大学,536,4421,江西_2015_both_sina
江西,2015,arts,济南大学,532,5262,江西_2015_both_sina
江西,2015,arts,曲阜师范大学,528,6082,江西_2015_both_sina
江西,2015,arts,河南财经政法大学,533,5057,江西_2015_both_sina
江西,2015,arts,湖北工业大学,528,6082,江西_2015_both_sina
江西,2015,arts,湖北大学,531,5405,江西_2015_both_sina
江西,2015,arts,三峡大学,528,6082,江西_2015_both_sina
江西,2015,arts,中南民族大学,528,6000,江西_2015_both_sina
江西,2015,arts,湖南农业大学,529,5694,江西_2015_both_sina
江西,2015,arts,中南林业科技大学,529,5781,江西_2015_both_sina
江西,2015,arts,湖南中医药大学,532,5306,江西_2015_both_sina
江西,2015,arts,长沙理工大学,530,5505,江西_2015_both_sina
江西,2015,arts,湖南科技大学,528,6082,江西_2015_both_sina
江西,2015,arts,广东财经大学,549,2607,江西_2015_both_sina
江西,2015,arts,广东工业大学,536,4429,江西_2015_both_sina
江西,2015,arts,北京师范大学-香港浸会大学联合国,529,5776,江西_2015_both_sina
江西,2015,arts,广州医科大学,528,6082,江西_2015_both_sina
江西,2015,arts,重庆理工大学,533,5015,江西_2015_both_sina
江西,2015,arts,重庆工商大学,542,3632,江西_2015_both_sina
江西,2015,arts,四川外国语大学,548,2796,江西_2015_both_sina
江西,2015,arts,成都理工大学,528,6053,江西_2015_both_sina
江西,2015,arts,西安科技大学,531,5493,江西_2015_both_sina
江西,2015,arts,西北政法大学,539,4046,江西_2015_both_sina
江西,2015,arts,江西师范大学,530,5572,江西_2015_both_sina
江西,2015,arts,南昌大学▲,536,4516,江西_2015_both_sina
江西,2015,arts,江西财经大学,543,3389,江西_2015_both_sina
江西,2015,arts,江西农业大学,528,6082,江西_2015_both_sina
江西,2015,arts,华东交通大学,530,5626,江西_2015_both_sina
江西,2015,arts,江西理工大学,528,6082,江西_2015_both_sina
江西,2015,arts,南昌航空大学,528,6082,江西_2015_both_sina
江西,2015,arts,江西科技师范大学,528,6082,江西_2015_both_sina
江西,2015,arts,井冈山大学,528,6082,江西_2015_both_sina
江西,2015,science,北京师范大学★,615,3260,江西_2015_both_sina
江西,2015,science,北京体育大学▲,545,22754,江西_2015_both_sina
江西,2015,science,天津师范大学,540,25591,江西_2015_both_sina
江西,2015,science,大连海事大学▲,578,10679,江西_2015_both_sina
江西,2015,science,东北师范大学▲,563,15411,江西_2015_both_sina
江西,2015,science,华东师范大学★,611,3790,江西_2015_both_sina
江西,2015,science,南京师范大学▲,569,13322,江西_2015_both_sina
江西,2015,science,浙江师范大学,551,20220,江西_2015_both_sina
江西,2015,science,福建师范大学,542,24328,江西_2015_both_sina
江西,2015,science,山东师范大学,540,25591,江西_2015_both_sina
江西,2015,science,华中师范大学▲,578,10722,江西_2015_both_sina
江西,2015,science,湖南师范大学▲,564,14913,江西_2015_both_sina
江西,2015,science,华南师范大学▲,570,13111,江西_2015_both_sina
江西,2015,science,重庆师范大学,540,25591,江西_2015_both_sina
江西,2015,science,西南大学▲,574,11823,江西_2015_both_sina
江西,2015,science,西南大学(荣昌校区)▲,540,25591,江西_2015_both_sina
江西,2015,science,四川师范大学,540,25591,江西_2015_both_sina
江西,2015,science,陕西师范大学▲,563,15319,江西_2015_both_sina
江西,2015,science,西北师范大学,540,25591,江西_2015_both_sina
江西,2015,science,中央民族大学★,591,7411,江西_2015_both_sina
江西,2015,science,华北电力大学(北京)▲,585,8748,江西_2015_both_sina
江西,2015,science,北京大学★,684,36,江西_2015_both_sina
江西,2015,science,北京大学医学部★,660,314,江西_2015_both_sina
江西,2015,science,中国人民大学★,658,376,江西_2015_both_sina
江西,2015,science,清华大学★,686,28,江西_2015_both_sina
江西,2015,science,北京交通大学▲,601,5220,江西_2015_both_sina
江西,2015,science,北京科技大学▲,598,5818,江西_2015_both_sina
江西,2015,science,北京化工大学▲,585,8811,江西_2015_both_sina
江西,2015,science,北京邮电大学▲,608,4197,江西_2015_both_sina
江西,2015,science,中国农业大学★,596,6261,江西_2015_both_sina
江西,2015,science,北京林业大学▲,579,10241,江西_2015_both_sina
江西,2015,science,北京中医药大学▲,582,9520,江西_2015_both_sina
江西,2015,science,北京语言大学,580,10064,江西_2015_both_sina
江西,2015,science,中国传媒大学▲,585,8825,江西_2015_both_sina
江西,2015,science,中央财经大学▲,638,1178,江西_2015_both_sina
江西,2015,science,对外经济贸易大学▲,636,1297,江西_2015_both_sina
江西,2015,science,中国政法大学▲,611,3730,江西_2015_both_sina
江西,2015,science,中国矿业大学(北京)▲,563,15211,江西_2015_both_sina
江西,2015,science,中国石油大学(北京)▲,581,9943,江西_2015_both_sina
江西,2015,science,中国地质大学(北京)▲,575,11410,江西_2015_both_sina
江西,2015,science,北京航空航天大学★,644,916,江西_2015_both_sina
江西,2015,science,北京理工大学★,617,3027,江西_2015_both_sina
江西,2015,science,北京工业大学▲,589,7731,江西_2015_both_sina
江西,2015,science,北京第二外国语学院,583,9249,江西_2015_both_sina
江西,2015,science,首都医科大学,606,4530,江西_2015_both_sina
江西,2015,science,北京外国语大学▲,624,2333,江西_2015_both_sina
江西,2015,science,北京邮电大学(宏福校区)▲,585,8640,江西_2015_both_sina
江西,2015,science,南开大学★,640,1103,江西_2015_both_sina
江西,2015,science,天津大学★,616,3139,江西_2015_both_sina
江西,2015,science,天津医科大学▲,599,5629,江西_2015_both_sina
江西,2015,science,河北工业大学▲,575,11539,江西_2015_both_sina
江西,2015,science,天津财经大学,584,9162,江西_2015_both_sina
江西,2015,science,石家庄铁道大学,548,21532,江西_2015_both_sina
江西,2015,science,华北电力大学(保定)▲,588,7935,江西_2015_both_sina
江西,2015,science,燕山大学,568,13810,江西_2015_both_sina
江西,2015,science,东北大学秦皇岛分校★,575,11380,江西_2015_both_sina
江西,2015,science,太原理工大学▲,561,16077,江西_2015_both_sina
江西,2015,science,东北财经大学,599,5600,江西_2015_both_sina
江西,2015,science,大连理工大学★,608,4099,江西_2015_both_sina
江西,2015,science,沈阳药科大学,561,16215,江西_2015_both_sina
江西,2015,science,中国医科大学,593,6937,江西_2015_both_sina
江西,2015,science,沈阳农业大学,540,25591,江西_2015_both_sina
江西,2015,science,东北大学★,593,6896,江西_2015_both_sina
江西,2015,science,辽宁大学▲,565,14808,江西_2015_both_sina
江西,2015,science,大连理工大学(盘锦校区)★,577,11033,江西_2015_both_sina
江西,2015,science,吉林大学★,598,5859,江西_2015_both_sina
江西,2015,science,延边大学▲,548,21681,江西_2015_both_sina
江西,2015,science,长春理工大学,544,23545,江西_2015_both_sina
江西,2015,science,哈尔滨工业大学★,617,3014,江西_2015_both_sina
江西,2015,science,哈尔滨工程大学▲,582,9525,江西_2015_both_sina
江西,2015,science,东北农业大学▲,542,24533,江西_2015_both_sina
江西,2015,science,哈尔滨医科大学,576,11265,江西_2015_both_sina
江西,2015,science,东北石油大学,540,25591,江西_2015_both_sina
江西,2015,science,东北林业大学▲,546,22499,江西_2015_both_sina
江西,2015,science,黑龙江中医药大学,540,25591,江西_2015_both_sina
江西,2015,science,复旦大学★,676,68,江西_2015_both_sina
江西,2015,science,同济大学★,645,838,江西_2015_both_sina
江西,2015,science,上海交通大学★,660,297,江西_2015_both_sina
江西,2015,science,华东理工大学▲,602,5118,江西_2015_both_sina
江西,2015,science,东华大学▲,588,8038,江西_2015_both_sina
江西,2015,science,上海外国语大学▲,614,3319,江西_2015_both_sina
江西,2015,science,上海财经大学▲,650,654,江西_2015_both_sina
江西,2015,science,华东政法大学,592,7083,江西_2015_both_sina
江西,2015,science,上海大学▲,591,7367,江西_2015_both_sina
江西,2015,science,上海对外经贸大学,592,7047,江西_2015_both_sina
江西,2015,science,上海交通大学医学院★,657,415,江西_2015_both_sina
江西,2015,science,上海理工大学,584,9036,江西_2015_both_sina
江西,2015,science,复旦大学医学院★,660,328,江西_2015_both_sina
江西,2015,science,南京大学★,653,520,江西_2015_both_sina
江西,2015,science,东南大学★,623,2379,江西_2015_both_sina
江西,2015,science,中国矿业大学▲,568,13620,江西_2015_both_sina
江西,2015,science,河海大学▲,586,8473,江西_2015_both_sina
江西,2015,science,南京农业大学▲,566,14440,江西_2015_both_sina
江西,2015,science,中国药科大学▲,585,8829,江西_2015_both_sina
江西,2015,science,南京理工大学▲,596,6281,江西_2015_both_sina
江西,2015,science,南京航空航天大学▲,600,5545,江西_2015_both_sina
江西,2015,science,苏州大学▲,593,6855,江西_2015_both_sina
江西,2015,science,南京信息工程大学,566,14434,江西_2015_both_sina
江西,2015,science,江南大学▲,584,8906,江西_2015_both_sina
江西,2015,science,江苏大学,570,13088,江西_2015_both_sina
江西,2015,science,扬州大学,567,14169,江西_2015_both_sina
江西,2015,science,江苏科技大学,558,17070,江西_2015_both_sina
江西,2015,science,西交利物浦大学,549,20935,江西_2015_both_sina
江西,2015,science,浙江大学★,657,411,江西_2015_both_sina
江西,2015,science,宁波大学,571,12798,江西_2015_both_sina
江西,2015,science,浙江工业大学,580,10199,江西_2015_both_sina
江西,2015,science,浙江理工大学,571,12795,江西_2015_both_sina
江西,2015,science,温州医科大学,584,9010,江西_2015_both_sina
江西,2015,science,浙江工商大学,580,10212,江西_2015_both_sina
江西,2015,science,宁波诺丁汉大学,561,16221,江西_2015_both_sina
江西,2015,science,合肥工业大学▲,581,9744,江西_2015_both_sina
江西,2015,science,中国科学技术大学★,657,401,江西_2015_both_sina
江西,2015,science,安徽大学▲,576,11287,江西_2015_both_sina
江西,2015,science,合肥工业大学(宣城校区)▲,560,16607,江西_2015_both_sina
江西,2015,science,厦门大学★,629,1775,江西_2015_both_sina
江西,2015,science,福州大学▲,585,8899,江西_2015_both_sina
江西,2015,science,山东大学★,601,5379,江西_2015_both_sina
江西,2015,science,中国海洋大学★,593,6979,江西_2015_both_sina
江西,2015,science,中国石油大学(华东)▲,571,12787,江西_2015_both_sina
江西,2015,science,山东大学威海分校★,586,8495,江西_2015_both_sina
江西,2015,science,哈尔滨工业大学(威海)★,589,7804,江西_2015_both_sina
江西,2015,science,青岛科技大学,553,19287,江西_2015_both_sina
江西,2015,science,郑州大学▲,573,12258,江西_2015_both_sina
江西,2015,science,河南大学,548,21656,江西_2015_both_sina
江西,2015,science,华中农业大学▲,565,14522,江西_2015_both_sina
江西,2015,science,武汉大学★,626,2142,江西_2015_both_sina
江西,2015,science,中南财经政法大学▲,608,4237,江西_2015_both_sina
江西,2015,science,华中科技大学★,619,2707,江西_2015_both_sina
江西,2015,science,武汉理工大学▲,590,7612,江西_2015_both_sina
江西,2015,science,中国地质大学(武汉)▲,579,10500,江西_2015_both_sina
江西,2015,science,武汉科技大学,572,12561,江西_2015_both_sina
江西,2015,science,湖南大学★,603,4891,江西_2015_both_sina
江西,2015,science,中南大学★,608,4146,江西_2015_both_sina
江西,2015,science,湘潭大学,555,18451,江西_2015_both_sina
江西,2015,science,中山大学★,633,1537,江西_2015_both_sina
江西,2015,science,华南理工大学★,617,2939,江西_2015_both_sina
江西,2015,science,华南农业大学,555,18511,江西_2015_both_sina
江西,2015,science,暨南大学▲,605,4575,江西_2015_both_sina
江西,2015,science,广州中医药大学,567,14160,江西_2015_both_sina
江西,2015,science,汕头大学,580,10193,江西_2015_both_sina
江西,2015,science,广东外语外贸大学,596,6293,江西_2015_both_sina
江西,2015,science,深圳大学,592,7064,江西_2015_both_sina
江西,2015,science,南方医科大学,595,6442,江西_2015_both_sina
江西,2015,science,广西大学▲,552,19610,江西_2015_both_sina
江西,2015,science,海南大学▲,554,18946,江西_2015_both_sina
江西,2015,science,重庆大学★,601,5346,江西_2015_both_sina
江西,2015,science,西南政法大学,582,9633,江西_2015_both_sina
江西,2015,science,西南交通大学▲,588,7960,江西_2015_both_sina
江西,2015,science,电子科技大学★,605,4731,江西_2015_both_sina
江西,2015,science,西南财经大学▲,606,4566,江西_2015_both_sina
江西,2015,science,四川大学★,603,4952,江西_2015_both_sina
江西,2015,science,四川农业大学▲,548,21450,江西_2015_both_sina
江西,2015,science,电子科技大学(沙河校区)★,591,7284,江西_2015_both_sina
江西,2015,science,贵州大学▲,555,18343,江西_2015_both_sina
江西,2015,science,云南大学▲,563,15483,江西_2015_both_sina
江西,2015,science,西安电子科技大学▲,594,6637,江西_2015_both_sina
江西,2015,science,西北农林科技大学★,571,12637,江西_2015_both_sina
江西,2015,science,西安交通大学★,627,1972,江西_2015_both_sina
江西,2015,science,西北大学▲,575,11619,江西_2015_both_sina
江西,2015,science,西安建筑科技大学,557,17604,江西_2015_both_sina
江西,2015,science,陕西科技大学,545,22842,江西_2015_both_sina
江西,2015,science,西北工业大学★,602,5190,江西_2015_both_sina
江西,2015,science,长安大学▲,575,11455,江西_2015_both_sina
江西,2015,science,兰州大学★,587,8220,江西_2015_both_sina
江西,2015,science,青海大学▲,544,23222,江西_2015_both_sina
江西,2015,science,宁夏大学▲,543,23998,江西_2015_both_sina
江西,2015,science,新疆大学▲,540,25591,江西_2015_both_sina
江西,2015,science,石河子大学▲,540,25591,江西_2015_both_sina
江西,2015,science,北方工业大学,562,15695,江西_2015_both_sina
江西,2015,science,北京印刷学院,540,25209,江西_2015_both_sina
江西,2015,science,北京建筑大学,577,10954,江西_2015_both_sina
江西,2015,science,北京物资学院,555,18440,江西_2015_both_sina
江西,2015,science,北京信息科技大学,568,13548,江西_2015_both_sina
江西,2015,science,首都经济贸易大学,588,8061,江西_2015_both_sina
江西,2015,science,北京工商大学,567,13946,江西_2015_both_sina
江西,2015,science,北京联合大学,556,18228,江西_2015_both_sina
江西,2015,science,首都师范大学,561,16148,江西_2015_both_sina
江西,2015,science,天津外国语大学,571,12770,江西_2015_both_sina
江西,2015,science,天津中医药大学,577,10932,江西_2015_both_sina
江西,2015,science,天津城建大学,550,20485,江西_2015_both_sina
江西,2015,science,中国民航大学,565,14721,江西_2015_both_sina
江西,2015,science,河北大学,548,21619,江西_2015_both_sina
江西,2015,science,河北工程大学,541,24640,江西_2015_both_sina
江西,2015,science,山西大学,543,24046,江西_2015_both_sina
江西,2015,science,中北大学,541,24789,江西_2015_both_sina
江西,2015,science,山西财经大学,558,17317,江西_2015_both_sina
江西,2015,science,山西医科大学,586,8489,江西_2015_both_sina
江西,2015,science,沈阳工业大学,545,23072,江西_2015_both_sina
江西,2015,science,沈阳航空航天大学,542,24439,江西_2015_both_sina
江西,2015,science,辽宁科技大学,540,25591,江西_2015_both_sina
江西,2015,science,大连大学,542,24096,江西_2015_both_sina
江西,2015,science,大连交通大学,554,18891,江西_2015_both_sina
江西,2015,science,大连医科大学,576,11205,江西_2015_both_sina
江西,2015,science,沈阳建筑大学,541,24974,江西_2015_both_sina
江西,2015,science,吉林农业大学,540,25591,江西_2015_both_sina
江西,2015,science,黑龙江大学,540,25211,江西_2015_both_sina
江西,2015,science,哈尔滨商业大学,545,23050,江西_2015_both_sina
江西,2015,science,哈尔滨理工大学,540,25591,江西_2015_both_sina
江西,2015,science,上海师范大学,566,14400,江西_2015_both_sina
江西,2015,science,上海海事大学,579,10375,江西_2015_both_sina
江西,2015,science,上海海洋大学,552,19918,江西_2015_both_sina
江西,2015,science,上海工程技术大学,556,18215,江西_2015_both_sina
江西,2015,science,上海立信会计学院,593,6919,江西_2015_both_sina
江西,2015,science,上海电机学院,550,20607,江西_2015_both_sina
江西,2015,science,上海政法学院,562,15823,江西_2015_both_sina
江西,2015,science,南京工业大学,572,12530,江西_2015_both_sina
江西,2015,science,常州大学,554,18821,江西_2015_both_sina
江西,2015,science,南京邮电大学,584,8957,江西_2015_both_sina
江西,2015,science,南京林业大学,554,18761,江西_2015_both_sina
江西,2015,science,南京审计学院,595,6391,江西_2015_both_sina
江西,2015,science,南京财经大学,578,10641,江西_2015_both_sina
江西,2015,science,苏州科技学院,547,22067,江西_2015_both_sina
江西,2015,science,南京医科大学,595,6433,江西_2015_both_sina
江西,2015,science,杭州电子科技大学,574,11751,江西_2015_both_sina
江西,2015,science,浙江海洋学院,549,20839,江西_2015_both_sina
江西,2015,science,浙江科技学院,540,25562,江西_2015_both_sina
江西,2015,science,安徽工业大学,542,24362,江西_2015_both_sina
江西,2015,science,安徽理工大学,544,23379,江西_2015_both_sina
江西,2015,science,安徽财经大学,559,16734,江西_2015_both_sina
江西,2015,science,安徽农业大学,540,25591,江西_2015_both_sina
江西,2015,science,安徽医科大学,595,6377,江西_2015_both_sina
江西,2015,science,安徽工程大学,541,24674,江西_2015_both_sina
江西,2015,science,闽江学院,556,18133,江西_2015_both_sina
江西,2015,science,集美大学,567,13925,江西_2015_both_sina
江西,2015,science,福建农林大学,540,25591,江西_2015_both_sina
江西,2015,science,华侨大学,563,15373,江西_2015_both_sina
江西,2015,science,厦门理工学院,554,18964,江西_2015_both_sina
江西,2015,science,烟台大学,546,22453,江西_2015_both_sina
江西,2015,science,山东科技大学,552,19800,江西_2015_both_sina
江西,2015,science,青岛大学,559,16767,江西_2015_both_sina
江西,2015,science,青岛理工大学,554,18762,江西_2015_both_sina
江西,2015,science,济南大学,546,22572,江西_2015_both_sina
江西,2015,science,山东理工大学,540,25591,江西_2015_both_sina
江西,2015,science,曲阜师范大学,540,25591,江西_2015_both_sina
江西,2015,science,华北水利水电大学,543,24037,江西_2015_both_sina
江西,2015,science,河南理工大学,540,25591,江西_2015_both_sina
江西,2015,science,河南财经政法大学,549,21153,江西_2015_both_sina
江西,2015,science,武汉工程大学,550,20631,江西_2015_both_sina
江西,2015,science,湖北工业大学,545,22932,江西_2015_both_sina
江西,2015,science,湖北大学,555,18513,江西_2015_both_sina
江西,2015,science,长江大学,544,23177,江西_2015_both_sina
江西,2015,science,三峡大学,548,21680,江西_2015_both_sina
江西,2015,science,中南民族大学,540,25591,江西_2015_both_sina
江西,2015,science,湖南农业大学,540,25591,江西_2015_both_sina
江西,2015,science,中南林业科技大学,544,23482,江西_2015_both_sina
江西,2015,science,湖南中医药大学,554,18844,江西_2015_both_sina
江西,2015,science,长沙理工大学,558,17248,江西_2015_both_sina
江西,2015,science,南华大学,552,19557,江西_2015_both_sina
江西,2015,science,湖南科技大学,550,20552,江西_2015_both_sina
江西,2015,science,广东财经大学,577,11072,江西_2015_both_sina
江西,2015,science,广东工业大学,571,12766,江西_2015_both_sina
江西,2015,science,广州大学,575,11402,江西_2015_both_sina
江西,2015,science,东莞理工学院,544,23291,江西_2015_both_sina
江西,2015,science,北京师范大学-香港浸会大学联合国,545,22921,江西_2015_both_sina
江西,2015,science,广州医科大学,593,6789,江西_2015_both_sina
江西,2015,science,广西医科大学,586,8435,江西_2015_both_sina
江西,2015,science,重庆邮电大学,570,13135,江西_2015_both_sina
江西,2015,science,重庆交通大学,553,19114,江西_2015_both_sina
江西,2015,science,重庆医科大学,596,6222,江西_2015_both_sina
江西,2015,science,重庆理工大学,550,20772,江西_2015_both_sina
江西,2015,science,重庆工商大学,559,16910,江西_2015_both_sina
江西,2015,science,四川外国语大学,559,16977,江西_2015_both_sina
江西,2015,science,成都理工大学,548,21298,江西_2015_both_sina
江西,2015,science,西南科技大学,540,25591,江西_2015_both_sina
江西,2015,science,西安理工大学,554,18922,江西_2015_both_sina
江西,2015,science,西安工业大学,546,22261,江西_2015_both_sina
江西,2015,science,西安工程大学,540,25591,江西_2015_both_sina
江西,2015,science,西安科技大学,547,22157,江西_2015_both_sina
江西,2015,science,西北政法大学,552,19523,江西_2015_both_sina
江西,2015,science,江西师范大学,543,23751,江西_2015_both_sina
江西,2015,science,南昌大学▲,556,17858,江西_2015_both_sina
江西,2015,science,江西财经大学,564,14941,江西_2015_both_sina
江西,2015,science,江西农业大学,540,25591,江西_2015_both_sina
江西,2015,science,华东交通大学,546,22484,江西_2015_both_sina
江西,2015,science,江西理工大学,540,25591,江西_2015_both_sina
江西,2015,science,东华理工大学,540,25591,江西_2015_both_sina
江西,2015,science,南昌航空大学,540,25591,江西_2015_both_sina
江西,2015,science,景德镇陶瓷学院,540,25591,江西_2015_both_sina
江西,2015,science,江西中医药大学,542,24240,江西_2015_both_sina
江西,2015,science,江西科技师范大学,540,25591,江西_2015_both_sina
江西,2015,science,井冈山大学,540,25591,江西_2015_both_sina
江西,2015,science,南昌工程学院,540,25591,江西_2015_both_sina
河南,2014,science,中国科学院大学,664,,河南_2014_science_sina
河南,2014,science,中央民族大学,605,,河南_2014_science_sina
河南,2014,science,中南民族大学,547,,河南_2014_science_sina
河南,2014,science,北京大学,683,,河南_2014_science_sina
河南,2014,science,北京大学医学部,674,,河南_2014_science_sina
河南,2014,science,北京大学医学部(护理),661,,河南_2014_science_sina
河南,2014,science,中国人民大学,661,,河南_2014_science_sina
河南,2014,science,中国人民大学(苏州校区),625,,河南_2014_science_sina
河南,2014,science,清华大学,685,,河南_2014_science_sina
河南,2014,science,北京交通大学,620,,河南_2014_science_sina
河南,2014,science,东南大学,634,,河南_2014_science_sina
河南,2014,science,复旦大学,673,,河南_2014_science_sina
河南,2014,science,湖南大学,619,,河南_2014_science_sina
河南,2014,science,华中科技大学,635,,河南_2014_science_sina
河南,2014,science,吉林大学,611,,河南_2014_science_sina
河南,2014,science,吉林大学(较高收费),556,,河南_2014_science_sina
河南,2014,science,江南大学,594,,河南_2014_science_sina
河南,2014,science,兰州大学,608,,河南_2014_science_sina
河南,2014,science,南京大学,661,,河南_2014_science_sina
河南,2014,science,南开大学,652,,河南_2014_science_sina
河南,2014,science,山东大学,624,,河南_2014_science_sina
河南,2014,science,山东大学(较高收费),592,,河南_2014_science_sina
河南,2014,science,山东大学威海分校,599,,河南_2014_science_sina
河南,2014,science,山东大学威海分校(较高收费),580,,河南_2014_science_sina
河南,2014,science,四川大学,623,,河南_2014_science_sina
河南,2014,science,四川大学(护理),565,,河南_2014_science_sina
河南,2014,science,武汉大学,638,,河南_2014_science_sina
河南,2014,science,武汉大学(护理),584,,河南_2014_science_sina
河南,2014,science,西安交通大学,647,,河南_2014_science_sina
河南,2014,science,西安交通大学(护理),576,,河南_2014_science_sina
河南,2014,science,西交利物浦大学,552,,河南_2014_science_sina
河南,2014,science,厦门大学,635,,河南_2014_science_sina
河南,2014,science,厦门大学(较高收费),608,,河南_2014_science_sina
河南,2014,science,浙江大学,665,,河南_2014_science_sina
河南,2014,science,华北电力大学(保定),603,,河南_2014_science_sina
河南,2014,science,中南财经政法大学,614,,河南_2014_science_sina
河南,2014,science,中南大学,622,,河南_2014_science_sina
河南,2014,science,中山大学,637,,河南_2014_science_sina
河南,2014,science,中山大学(护理),589,,河南_2014_science_sina
河南,2014,science,华北电力大学(北京),614,,河南_2014_science_sina
河南,2014,science,北京化工大学,602,,河南_2014_science_sina
河南,2014,science,北京科技大学,616,,河南_2014_science_sina
河南,2014,science,北京邮电大学,628,,河南_2014_science_sina
河南,2014,science,北京邮电大学(宏福校区),583,,河南_2014_science_sina
河南,2014,science,长安大学,595,,河南_2014_science_sina
河南,2014,science,大连理工大学,629,,河南_2014_science_sina
河南,2014,science,大连理工大学(较高收费),589,,河南_2014_science_sina
河南,2014,science,大连理工大学(盘锦校区),593,,河南_2014_science_sina
河南,2014,science,电子科技大学,620,,河南_2014_science_sina
河南,2014,science,电子科技大学(沙河校区),600,,河南_2014_science_sina
河南,2014,science,电子科技大学(沙河校区)(较高收费),580,,河南_2014_science_sina
河南,2014,science,东北大学,607,,河南_2014_science_sina
河南,2014,science,东北大学秦皇岛分校,586,,河南_2014_science_sina
河南,2014,science,东华大学,600,,河南_2014_science_sina
河南,2014,science,合肥工业大学,599,,河南_2014_science_sina
河南,2014,science,合肥工业大学(较高收费),574,,河南_2014_science_sina
河南,2014,science,合肥工业大学(宣城校区),581,,河南_2014_science_sina
河南,2014,science,河海大学,602,,河南_2014_science_sina
河南,2014,science,河海大学(较高收费),571,,河南_2014_science_sina
河南,2014,science,华东理工大学,615,,河南_2014_science_sina
河南,2014,science,华南理工大学,632,,河南_2014_science_sina
河南,2014,science,大连海事大学,593,,河南_2014_science_sina
河南,2014,science,上海交通大学,674,,河南_2014_science_sina
河南,2014,science,中国石油大学(北京),604,,河南_2014_science_sina
河南,2014,science,中国石油大学(华东),591,,河南_2014_science_sina
河南,2014,science,天津大学,637,,河南_2014_science_sina
河南,2014,science,同济大学,651,,河南_2014_science_sina
河南,2014,science,复旦大学医学院,672,,河南_2014_science_sina
河南,2014,science,武汉理工大学,608,,河南_2014_science_sina
河南,2014,science,武汉理工大学(较高收费),590,,河南_2014_science_sina
河南,2014,science,西安电子科技大学,610,,河南_2014_science_sina
河南,2014,science,西安电子科技大学(较高收费),560,,河南_2014_science_sina
河南,2014,science,西南交通大学,607,,河南_2014_science_sina
河南,2014,science,西南交通大学(较高收费),564,,河南_2014_science_sina
河南,2014,science,中国海洋大学,609,,河南_2014_science_sina
河南,2014,science,中国海洋大学(较高收费),575,,河南_2014_science_sina
河南,2014,science,中国地质大学(北京),600,,河南_2014_science_sina
河南,2014,science,中国地质大学(武汉),593,,河南_2014_science_sina
河南,2014,science,中国矿业大学(北京),592,,河南_2014_science_sina
河南,2014,science,中国矿业大学,587,,河南_2014_science_sina
河南,2014,science,中国矿业大学(较高收费),565,,河南_2014_science_sina
河南,2014,science,重庆大学,619,,河南_2014_science_sina
河南,2014,science,华中农业大学,577,,河南_2014_science_sina
河南,2014,science,南京农业大学,578,,河南_2014_science_sina
河南,2014,science,西北农林科技大学,583,,河南_2014_science_sina
河南,2014,science,中国农业大学,612,,河南_2014_science_sina
河南,2014,science,中国农业大学(较高收费),568,,河南_2014_science_sina
河南,2014,science,北京林业大学,593,,河南_2014_science_sina
河南,2014,science,东北林业大学,565,,河南_2014_science_sina
河南,2014,science,北京中医药大学,600,,河南_2014_science_sina
河南,2014,science,中国药科大学,595,,河南_2014_science_sina
河南,2014,science,东北师范大学,578,,河南_2014_science_sina
河南,2014,science,华东师范大学,620,,河南_2014_science_sina
河南,2014,science,华中师范大学,598,,河南_2014_science_sina
河南,2014,science,华中师范大学(较高收费),547,,河南_2014_science_sina
河南,2014,science,陕西师范大学,583,,河南_2014_science_sina
河南,2014,science,西南大学,588,,河南_2014_science_sina
河南,2014,science,西南大学(较高收费),554,,河南_2014_science_sina
河南,2014,science,北京外国语大学,586,,河南_2014_science_sina
河南,2014,science,北京语言大学,587,,河南_2014_science_sina
河南,2014,science,上海外国语大学,618,,河南_2014_science_sina
河南,2014,science,上海财经大学,643,,河南_2014_science_sina
河南,2014,science,对外经济贸易大学,633,,河南_2014_science_sina
河南,2014,science,西南财经大学,616,,河南_2014_science_sina
河南,2014,science,中央财经大学,639,,河南_2014_science_sina
河南,2014,science,中央财经大学(较高收费),601,,河南_2014_science_sina
河南,2014,science,中国政法大学,627,,河南_2014_science_sina
河南,2014,science,中国传媒大学,609,,河南_2014_science_sina
河南,2014,science,北京航空航天大学,655,,河南_2014_science_sina
河南,2014,science,北京理工大学,634,,河南_2014_science_sina
河南,2014,science,北京理工大学(较高收费),594,,河南_2014_science_sina
河南,2014,science,哈尔滨工业大学,646,,河南_2014_science_sina
河南,2014,science,哈尔滨工业大学(威海),610,,河南_2014_science_sina
河南,2014,science,哈尔滨工程大学,601,,河南_2014_science_sina
河南,2014,science,南京航空航天大学,617,,河南_2014_science_sina
河南,2014,science,南京航空航天大学(较高收费),578,,河南_2014_science_sina
河南,2014,science,南京理工大学,613,,河南_2014_science_sina
河南,2014,science,西北工业大学,627,,河南_2014_science_sina
河南,2014,science,暨南大学,607,,河南_2014_science_sina
河南,2014,science,中国科学技术大学,664,,河南_2014_science_sina
河南,2014,science,北京工商大学,579,,河南_2014_science_sina
河南,2014,science,北京工业大学,607,,河南_2014_science_sina
河南,2014,science,北京第二外国语学院,550,,河南_2014_science_sina
河南,2014,science,天津医科大学,618,,河南_2014_science_sina
河南,2014,science,河北工业大学,593,,河南_2014_science_sina
河南,2014,science,燕山大学,585,,河南_2014_science_sina
河南,2014,science,石家庄铁道大学,576,,河南_2014_science_sina
河南,2014,science,山西大学,567,,河南_2014_science_sina
河南,2014,science,内蒙古大学,568,,河南_2014_science_sina
河南,2014,science,辽宁大学,586,,河南_2014_science_sina
河南,2014,science,辽宁工程技术大学,556,,河南_2014_science_sina
河南,2014,science,沈阳农业大学,527,,河南_2014_science_sina
河南,2014,science,沈阳药科大学,567,,河南_2014_science_sina
河南,2014,science,东北财经大学,606,,河南_2014_science_sina
河南,2014,science,东北财经大学(较高收费),550,,河南_2014_science_sina
河南,2014,science,延边大学,573,,河南_2014_science_sina
河南,2014,science,长春理工大学,566,,河南_2014_science_sina
河南,2014,science,东北农业大学,558,,河南_2014_science_sina
河南,2014,science,哈尔滨医科大学,595,,河南_2014_science_sina
河南,2014,science,上海大学,601,,河南_2014_science_sina
河南,2014,science,上海理工大学,588,,河南_2014_science_sina
河南,2014,science,上海理工大学(较高收费),570,,河南_2014_science_sina
河南,2014,science,上海对外经贸大学,586,,河南_2014_science_sina
河南,2014,science,华东政法大学,583,,河南_2014_science_sina
河南,2014,science,苏州大学,606,,河南_2014_science_sina
河南,2014,science,扬州大学,579,,河南_2014_science_sina
河南,2014,science,江苏大学,582,,河南_2014_science_sina
河南,2014,science,南京工业大学,583,,河南_2014_science_sina
河南,2014,science,南京师范大学,587,,河南_2014_science_sina
河南,2014,science,南京信息工程大学,578,,河南_2014_science_sina
河南,2014,science,宁波大学,574,,河南_2014_science_sina
河南,2014,science,安徽大学,590,,河南_2014_science_sina
河南,2014,science,福州大学,590,,河南_2014_science_sina
河南,2014,science,南昌大学,590,,河南_2014_science_sina
河南,2014,science,南昌大学(较高收费),548,,河南_2014_science_sina
河南,2014,science,江西财经大学,583,,河南_2014_science_sina
河南,2014,science,湘潭大学,577,,河南_2014_science_sina
河南,2014,science,湖南师范大学,583,,河南_2014_science_sina
河南,2014,science,广东外语外贸大学,584,,河南_2014_science_sina
河南,2014,science,深圳大学,590,,河南_2014_science_sina
河南,2014,science,华南农业大学,563,,河南_2014_science_sina
河南,2014,science,华南农业大学(较高收费),545,,河南_2014_science_sina
河南,2014,science,广州中医药大学,576,,河南_2014_science_sina
河南,2014,science,华南师范大学,582,,河南_2014_science_sina
河南,2014,science,广西大学,580,,河南_2014_science_sina
河南,2014,science,广西大学(较高收费),559,,河南_2014_science_sina
河南,2014,science,重庆医科大学,601,,河南_2014_science_sina
河南,2014,science,西南政法大学,583,,河南_2014_science_sina
河南,2014,science,西南政法大学(较高收费),560,,河南_2014_science_sina
河南,2014,science,重庆邮电大学,578,,河南_2014_science_sina
河南,2014,science,重庆邮电大学(较高收费),550,,河南_2014_science_sina
河南,2014,science,云南大学,582,,河南_2014_science_sina
河南,2014,science,西北大学,593,,河南_2014_science_sina
河南,2014,science,陕西科技大学,569,,河南_2014_science_sina
河南,2014,science,西安建筑科技大学,588,,河南_2014_science_sina
河南,2014,science,西安邮电大学,578,,河南_2014_science_sina
河南,2014,science,西安外国语大学,576,,河南_2014_science_sina
河南,2014,science,西北政法大学,578,,河南_2014_science_sina
河南,2014,science,新疆大学,548,,河南_2014_science_sina
河南,2014,science,青海大学,558,,河南_2014_science_sina
河南,2014,science,石河子大学,551,,河南_2014_science_sina
河南,2014,science,首都医科大学,627,,河南_2014_science_sina
河南,2014,science,青岛大学,582,,河南_2014_science_sina
河南,2014,science,湖北大学,572,,河南_2014_science_sina
河南,2014,science,中国民航大学,571,,河南_2014_science_sina
河南,2014,science,武汉科技大学,584,,河南_2014_science_sina
河南,2014,science,首都师范大学,580,,河南_2014_science_sina
河南,2014,science,天津财经大学,590,,河南_2014_science_sina
河南,2014,science,东北电力大学,567,,河南_2014_science_sina
河南,2014,science,东北电力大学(较高收费),555,,河南_2014_science_sina
河南,2014,science,南京审计学院,592,,河南_2014_science_sina
河南,2014,science,天津外国语大学,572,,河南_2014_science_sina
河南,2014,science,浙江理工大学,580,,河南_2014_science_sina
河南,2014,science,上海交通大学医学院,667,,河南_2014_science_sina
河南,2014,science,南京财经大学,586,,河南_2014_science_sina
河南,2014,science,江苏科技大学,570,,河南_2014_science_sina
河南,2014,science,青岛科技大学,571,,河南_2014_science_sina
河南,2014,science,北京建筑大学,585,,河南_2014_science_sina
河南,2014,science,沈阳建筑大学,559,,河南_2014_science_sina
河南,2014,science,中国计量学院,567,,河南_2014_science_sina
河南,2014,science,南华大学,563,,河南_2014_science_sina
河南,2014,science,长沙理工大学,578,,河南_2014_science_sina
河南,2014,science,贵州大学,579,,河南_2014_science_sina
河南,2014,science,南方医科大学,600,,河南_2014_science_sina
河南,2014,science,南京邮电大学,589,,河南_2014_science_sina
河南,2014,science,北方工业大学,577,,河南_2014_science_sina
河南,2014,science,华侨大学,571,,河南_2014_science_sina
河南,2014,science,西安工业大学,567,,河南_2014_science_sina
河南,2014,science,上海金融学院,584,,河南_2014_science_sina
河南,2014,science,汕头大学,588,,河南_2014_science_sina
河南,2014,science,宁波诺丁汉大学,575,,河南_2014_science_sina
河南,2014,science,大连民族学院,555,,河南_2014_science_sina
河南,2014,science,四川农业大学,557,,河南_2014_science_sina
河南,2014,science,温州肯恩大学,547,,河南_2014_science_sina
河南,2014,science,太原理工大学,588,,河南_2014_science_sina
河南,2014,science,东北石油大学,561,,河南_2014_science_sina
河南,2014,science,北京信息科技大学,574,,河南_2014_science_sina
河南,2014,science,安徽财经大学,573,,河南_2014_science_sina
河南,2014,science,上海师范大学,568,,河南_2014_science_sina
河南,2014,science,上海师范大学(较高收费),547,,河南_2014_science_sina
河南,2014,science,集美大学,570,,河南_2014_science_sina
河南,2014,science,北京物资学院,568,,河南_2014_science_sina
河南,2014,science,天津师范大学,563,,河南_2014_science_sina
河南,2014,science,青岛理工大学,579,,河南_2014_science_sina
河南,2014,science,浙江工业大学,584,,河南_2014_science_sina
河南,2014,science,杭州电子科技大学,582,,河南_2014_science_sina
河南,2014,science,杭州电子科技大学(较高收费),567,,河南_2014_science_sina
河南,2014,science,湖南科技大学,565,,河南_2014_science_sina
河南,2014,science,南昌航空大学,563,,河南_2014_science_sina
河南,2014,science,江西理工大学,558,,河南_2014_science_sina
河南,2014,science,长江大学,558,,河南_2014_science_sina
河南,2014,science,成都理工大学,572,,河南_2014_science_sina
河南,2014,science,首都经济贸易大学,597,,河南_2014_science_sina
河南,2014,science,南京林业大学,567,,河南_2014_science_sina
河南,2014,science,西南科技大学,563,,河南_2014_science_sina
河南,2014,science,西南石油大学,579,,河南_2014_science_sina
河南,2014,science,西安工程大学,564,,河南_2014_science_sina
河南,2014,science,天津工业大学,570,,河南_2014_science_sina
河南,2014,science,中北大学,570,,河南_2014_science_sina
河南,2014,science,西安科技大学,580,,河南_2014_science_sina
河南,2014,science,西安科技大学(较高收费),548,,河南_2014_science_sina
河南,2014,science,河北科技大学,563,,河南_2014_science_sina
河南,2014,science,河北工程大学,564,,河南_2014_science_sina
河南,2014,science,北京联合大学,570,,河南_2014_science_sina
河南,2014,science,大连交通大学,575,,河南_2014_science_sina
河南,2014,science,温州医科大学,587,,河南_2014_science_sina
河南,2014,science,南通大学,564,,河南_2014_science_sina
河南,2014,science,上海中医药大学,587,,河南_2014_science_sina
河南,2014,science,浙江师范大学,563,,河南_2014_science_sina
河南,2014,science,安徽理工大学,566,,河南_2014_science_sina
河南,2014,science,天津中医药大学,585,,河南_2014_science_sina
河南,2014,science,中国医科大学,602,,河南_2014_science_sina
河南,2014,science,黑龙江中医药大学,574,,河南_2014_science_sina
河南,2014,science,湖南中医药大学,567,,河南_2014_science_sina
河南,2014,science,成都中医药大学,587,,河南_2014_science_sina
河南,2014,science,新疆医科大学,589,,河南_2014_science_sina
河南,2014,science,山西医科大学,602,,河南_2014_science_sina
河南,2014,science,大连医科大学,594,,河南_2014_science_sina
河南,2014,science,广西医科大学,590,,河南_2014_science_sina
河南,2014,science,海南大学,570,,河南_2014_science_sina
河南,2014,science,宁夏大学,567,,河南_2014_science_sina
河南,2014,science,山东科技大学,574,,河南_2014_science_sina
河南,2014,science,河北大学,565,,河南_2014_science_sina
河南,2014,science,辽宁石油化工大学,554,,河南_2014_science_sina
河南,2014,science,沈阳工业大学,564,,河南_2014_science_sina
河南,2014,science,中南林业科技大学,561,,河南_2014_science_sina
河南,2014,science,西安理工大学,585,,河南_2014_science_sina
河南,2014,science,安徽工业大学,565,,河南_2014_science_sina
河南,2014,science,安徽医科大学,601,,河南_2014_science_sina
河南,2014,science,广州大学,577,,河南_2014_science_sina
河南,2014,science,广州医科大学,589,,河南_2014_science_sina
河南,2014,science,上海海事大学,575,,河南_2014_science_sina
河南,2014,science,重庆交通大学,570,,河南_2014_science_sina
河南,2014,science,重庆交通大学(较高收费),548,,河南_2014_science_sina
河南,2014,science,天津理工大学,574,,河南_2014_science_sina
河南,2014,science,上海海洋大学,563,,河南_2014_science_sina
河南,2014,science,上海海洋大学(较高收费),553,,河南_2014_science_sina
河南,2014,science,常州大学,563,,河南_2014_science_sina
河南,2014,science,华东交通大学,569,,河南_2014_science_sina
河南,2014,science,重庆工商大学,569,,河南_2014_science_sina
河南,2014,science,武汉工程大学,564,,河南_2014_science_sina
河南,2014,science,太原科技大学,554,,河南_2014_science_sina
河南,2014,science,三峡大学,557,,河南_2014_science_sina
河南,2014,science,四川外国语大学,573,,河南_2014_science_sina
河南,2014,science,西安石油大学,580,,河南_2014_science_sina
河南,2014,science,山西财经大学,574,,河南_2014_science_sina
河南,2014,science,上海立信会计学院,585,,河南_2014_science_sina
河南,2014,science,广东工业大学,570,,河南_2014_science_sina
河南,2014,science,辽宁科技大学,559,,河南_2014_science_sina
河南,2014,science,北京印刷学院,555,,河南_2014_science_sina
河南,2014,science,天津科技大学,565,,河南_2014_science_sina
河南,2014,science,天津商业大学,561,,河南_2014_science_sina
河南,2014,science,沈阳理工大学,547,,河南_2014_science_sina
河南,2014,science,沈阳航空航天大学,576,,河南_2014_science_sina
河南,2014,science,哈尔滨商业大学,547,,河南_2014_science_sina
河南,2014,science,上海工程技术大学,561,,河南_2014_science_sina
河南,2014,science,苏州科技学院,551,,河南_2014_science_sina
河南,2014,science,浙江海洋学院,553,,河南_2014_science_sina
河南,2014,science,杭州师范大学,560,,河南_2014_science_sina
河南,2014,science,浙江工商大学,563,,河南_2014_science_sina
河南,2014,science,福建农林大学,534,,河南_2014_science_sina
河南,2014,science,福建师范大学,550,,河南_2014_science_sina
河南,2014,science,济南大学,558,,河南_2014_science_sina
河南,2014,science,山东理工大学,553,,河南_2014_science_sina
河南,2014,science,山东师范大学,547,,河南_2014_science_sina
河南,2014,science,山东财经大学,558,,河南_2014_science_sina
河南,2014,science,湖北工业大学,553,,河南_2014_science_sina
河南,2014,science,湖南农业大学,546,,河南_2014_science_sina
河南,2014,science,北京师范大学-香港浸会大学联合国际学院,550,,河南_2014_science_sina
河南,2014,science,海南医学院,564,,河南_2014_science_sina
河南,2014,science,重庆理工大学,564,,河南_2014_science_sina
河南,2014,science,上海电机学院,553,,河南_2014_science_sina
河南,2014,science,上海政法学院,554,,河南_2014_science_sina
河南,2014,science,郑州大学(中外合作办学),547,,河南_2014_science_sina
河南,2014,science,郑州大学,591,,河南_2014_science_sina
河南,2014,science,河南大学,570,,河南_2014_science_sina
河南,2014,science,河南大学(中外合作办学)(较高收费),547,,河南_2014_science_sina
河南,2014,science,河南农业大学,527,,河南_2014_science_sina
河南,2014,science,河南中医学院,550,,河南_2014_science_sina
河南,2014,science,新乡医学院,578,,河南_2014_science_sina
河南,2014,science,河南师范大学,547,,河南_2014_science_sina
河南,2014,science,河南财经政法大学,563,,河南_2014_science_sina
河南,2014,science,河南财经政法大学(较高收费),559,,河南_2014_science_sina
河南,2014,science,河南科技大学,555,,河南_2014_science_sina
河南,2014,science,华北水利水电大学,568,,河南_2014_science_sina
河南,2014,science,河南理工大学,547,,河南_2014_science_sina
河南,2014,science,河南工业大学,549,,河南_2014_science_sina
河南,2014,science,华中农业大学(较高收费),536,,河南_2014_science_sina
河南,2014,science,北京师范大学-香港浸会 大学联合国际学院,536,,河南_2014_science_sina
河南,2014,science,河南大学(中外合作办学) (较高收费),536,,河南_2014_science_sina
河南,2015,arts,中央民族大学,565,,河南_2015_arts_sina
河南,2015,arts,中南民族大学,526,,河南_2015_arts_sina
河南,2015,arts,中南民族大学(仅招少数民族),513,,河南_2015_arts_sina
河南,2015,arts,北京大学,616,,河南_2015_arts_sina
河南,2015,arts,中国人民大学,603,,河南_2015_arts_sina
河南,2015,arts,中国人民大学(苏州校区),576,,河南_2015_arts_sina
河南,2015,arts,清华大学,628,,河南_2015_arts_sina
河南,2015,arts,北京交通大学,567,,河南_2015_arts_sina
河南,2015,arts,东南大学,573,,河南_2015_arts_sina
河南,2015,arts,复旦大学,612,,河南_2015_arts_sina
河南,2015,arts,湖南大学,570,,河南_2015_arts_sina
河南,2015,arts,华中科技大学,571,,河南_2015_arts_sina
河南,2015,arts,吉林大学,567,,河南_2015_arts_sina
河南,2015,arts,江南大学,554,,河南_2015_arts_sina
河南,2015,arts,兰州大学,559,,河南_2015_arts_sina
河南,2015,arts,南京大学,598,,河南_2015_arts_sina
河南,2015,arts,南开大学,590,,河南_2015_arts_sina
河南,2015,arts,山东大学,572,,河南_2015_arts_sina
河南,2015,arts,山东大学威海分校,560,,河南_2015_arts_sina
河南,2015,arts,山东大学威海分校(较高收费),556,,河南_2015_arts_sina
河南,2015,arts,四川大学,575,,河南_2015_arts_sina
河南,2015,arts,武汉大学,586,,河南_2015_arts_sina
河南,2015,arts,武汉大学(护理),550,,河南_2015_arts_sina
河南,2015,arts,西安交通大学,568,,河南_2015_arts_sina
河南,2015,arts,西交利物浦大学,515,,河南_2015_arts_sina
河南,2015,arts,厦门大学,587,,河南_2015_arts_sina
河南,2015,arts,厦门大学(较高收费),557,,河南_2015_arts_sina
河南,2015,arts,浙江大学,600,,河南_2015_arts_sina
河南,2015,arts,华北电力大学(保定),543,,河南_2015_arts_sina
河南,2015,arts,中南财经政法大学,568,,河南_2015_arts_sina
河南,2015,arts,中南大学,567,,河南_2015_arts_sina
河南,2015,arts,中山大学,584,,河南_2015_arts_sina
河南,2015,arts,华北电力大学(北京),557,,河南_2015_arts_sina
河南,2015,arts,北京化工大学,549,,河南_2015_arts_sina
河南,2015,arts,北京科技大学,562,,河南_2015_arts_sina
河南,2015,arts,北京邮电大学,566,,河南_2015_arts_sina
河南,2015,arts,长安大学,546,,河南_2015_arts_sina
河南,2015,arts,电子科技大学,555,,河南_2015_arts_sina
河南,2015,arts,东北大学,557,,河南_2015_arts_sina
河南,2015,arts,合肥工业大学,533,,河南_2015_arts_sina
河南,2015,arts,河海大学,553,,河南_2015_arts_sina
河南,2015,arts,华东理工大学,556,,河南_2015_arts_sina
河南,2015,arts,华南理工大学,564,,河南_2015_arts_sina
河南,2015,arts,大连海事大学,546,,河南_2015_arts_sina
河南,2015,arts,上海交通大学,609,,河南_2015_arts_sina
河南,2015,arts,中国石油大学(北京),556,,河南_2015_arts_sina
河南,2015,arts,中国石油大学(华东),540,,河南_2015_arts_sina
河南,2015,arts,天津大学,580,,河南_2015_arts_sina
河南,2015,arts,同济大学,582,,河南_2015_arts_sina
河南,2015,arts,武汉理工大学,553,,河南_2015_arts_sina
河南,2015,arts,武汉理工大学(较高收费),553,,河南_2015_arts_sina
河南,2015,arts,西安电子科技大学,536,,河南_2015_arts_sina
河南,2015,arts,西南交通大学,546,,河南_2015_arts_sina
河南,2015,arts,中国海洋大学,565,,河南_2015_arts_sina
河南,2015,arts,中国海洋大学(较高收费),519,,河南_2015_arts_sina
河南,2015,arts,中国地质大学(北京),553,,河南_2015_arts_sina
河南,2015,arts,中国地质大学(武汉),548,,河南_2015_arts_sina
河南,2015,arts,中国矿业大学(北京),546,,河南_2015_arts_sina
河南,2015,arts,中国矿业大学,539,,河南_2015_arts_sina
河南,2015,arts,重庆大学,567,,河南_2015_arts_sina
河南,2015,arts,华中农业大学,539,,河南_2015_arts_sina
河南,2015,arts,南京农业大学,540,,河南_2015_arts_sina
河南,2015,arts,西北农林科技大学,543,,河南_2015_arts_sina
河南,2015,arts,中国农业大学,569,,河南_2015_arts_sina
河南,2015,arts,中国农业大学(较高收费),543,,河南_2015_arts_sina
河南,2015,arts,北京林业大学,559,,河南_2015_arts_sina
河南,2015,arts,东北林业大学,531,,河南_2015_arts_sina
河南,2015,arts,北京中医药大学,566,,河南_2015_arts_sina
河南,2015,arts,中国药科大学,547,,河南_2015_arts_sina
河南,2015,arts,东北师范大学,543,,河南_2015_arts_sina
河南,2015,arts,东北师范大学(较高收费),514,,河南_2015_arts_sina
河南,2015,arts,华东师范大学,576,,河南_2015_arts_sina
河南,2015,arts,华中师范大学,563,,河南_2015_arts_sina
河南,2015,arts,华中师范大学(较高收费),523,,河南_2015_arts_sina
河南,2015,arts,陕西师范大学,549,,河南_2015_arts_sina
河南,2015,arts,西南大学,557,,河南_2015_arts_sina
河南,2015,arts,西南大学(较高收费),520,,河南_2015_arts_sina
河南,2015,arts,西南大学(荣昌校区),523,,河南_2015_arts_sina
河南,2015,arts,北京外国语大学,576,,河南_2015_arts_sina
河南,2015,arts,北京语言大学,559,,河南_2015_arts_sina
河南,2015,arts,上海外国语大学,576,,河南_2015_arts_sina
河南,2015,arts,上海财经大学,595,,河南_2015_arts_sina
河南,2015,arts,对外经济贸易大学,583,,河南_2015_arts_sina
河南,2015,arts,西南财经大学,562,,河南_2015_arts_sina
河南,2015,arts,中央财经大学,580,,河南_2015_arts_sina
河南,2015,arts,中国政法大学,578,,河南_2015_arts_sina
河南,2015,arts,中国传媒大学,569,,河南_2015_arts_sina
河南,2015,arts,北京航空航天大学,576,,河南_2015_arts_sina
河南,2015,arts,北京理工大学,571,,河南_2015_arts_sina
河南,2015,arts,哈尔滨工业大学,564,,河南_2015_arts_sina
河南,2015,arts,哈尔滨工程大学,531,,河南_2015_arts_sina
河南,2015,arts,南京航空航天大学,553,,河南_2015_arts_sina
河南,2015,arts,西北工业大学,559,,河南_2015_arts_sina
河南,2015,arts,暨南大学,567,,河南_2015_arts_sina
河南,2015,arts,北京工商大学,551,,河南_2015_arts_sina
河南,2015,arts,北京第二外国语学院,553,,河南_2015_arts_sina
河南,2015,arts,天津医科大学,539,,河南_2015_arts_sina
河南,2015,arts,河北工业大学,533,,河南_2015_arts_sina
河南,2015,arts,燕山大学,531,,河南_2015_arts_sina
河南,2015,arts,石家庄铁道大学,522,,河南_2015_arts_sina
河南,2015,arts,山西大学,523,,河南_2015_arts_sina
河南,2015,arts,内蒙古大学,526,,河南_2015_arts_sina
河南,2015,arts,辽宁大学,541,,河南_2015_arts_sina
河南,2015,arts,辽宁工程技术大学,513,,河南_2015_arts_sina
河南,2015,arts,沈阳农业大学,516,,河南_2015_arts_sina
河南,2015,arts,东北财经大学,558,,河南_2015_arts_sina
河南,2015,arts,东北财经大学(较高收费),522,,河南_2015_arts_sina
河南,2015,arts,延边大学,527,,河南_2015_arts_sina
河南,2015,arts,长春理工大学,514,,河南_2015_arts_sina
河南,2015,arts,东北农业大学,525,,河南_2015_arts_sina
河南,2015,arts,哈尔滨医科大学,518,,河南_2015_arts_sina
河南,2015,arts,上海大学,565,,河南_2015_arts_sina
河南,2015,arts,上海理工大学,542,,河南_2015_arts_sina
河南,2015,arts,上海理工大学(较高收费),526,,河南_2015_arts_sina
河南,2015,arts,上海对外经贸大学,553,,河南_2015_arts_sina
河南,2015,arts,华东政法大学,556,,河南_2015_arts_sina
河南,2015,arts,苏州大学,564,,河南_2015_arts_sina
河南,2015,arts,扬州大学,531,,河南_2015_arts_sina
河南,2015,arts,江苏大学,542,,河南_2015_arts_sina
河南,2015,arts,南京工业大学,529,,河南_2015_arts_sina
河南,2015,arts,南京师范大学,557,,河南_2015_arts_sina
河南,2015,arts,南京信息工程大学,525,,河南_2015_arts_sina
河南,2015,arts,宁波大学,538,,河南_2015_arts_sina
河南,2015,arts,安徽大学,544,,河南_2015_arts_sina
河南,2015,arts,福州大学,545,,河南_2015_arts_sina
河南,2015,arts,南昌大学,543,,河南_2015_arts_sina
河南,2015,arts,江西财经大学,546,,河南_2015_arts_sina
河南,2015,arts,湘潭大学,534,,河南_2015_arts_sina
河南,2015,arts,湖南师范大学,543,,河南_2015_arts_sina
河南,2015,arts,广东外语外贸大学,555,,河南_2015_arts_sina
河南,2015,arts,深圳大学,550,,河南_2015_arts_sina
河南,2015,arts,华南农业大学,529,,河南_2015_arts_sina
河南,2015,arts,广州中医药大学,545,,河南_2015_arts_sina
河南,2015,arts,华南师范大学,547,,河南_2015_arts_sina
河南,2015,arts,西南政法大学,553,,河南_2015_arts_sina
河南,2015,arts,西南政法大学(较高收费),537,,河南_2015_arts_sina
河南,2015,arts,重庆邮电大学,524,,河南_2015_arts_sina
河南,2015,arts,云南大学,541,,河南_2015_arts_sina
河南,2015,arts,西北大学,556,,河南_2015_arts_sina
河南,2015,arts,陕西科技大学,522,,河南_2015_arts_sina
河南,2015,arts,西安建筑科技大学,519,,河南_2015_arts_sina
河南,2015,arts,西安邮电大学,531,,河南_2015_arts_sina
河南,2015,arts,西安外国语大学,541,,河南_2015_arts_sina
河南,2015,arts,西北政法大学,541,,河南_2015_arts_sina
河南,2015,arts,新疆大学,513,,河南_2015_arts_sina
河南,2015,arts,青海大学,516,,河南_2015_arts_sina
河南,2015,arts,石河子大学,516,,河南_2015_arts_sina
河南,2015,arts,青岛大学,532,,河南_2015_arts_sina
河南,2015,arts,湖北大学,530,,河南_2015_arts_sina
河南,2015,arts,中国民航大学,536,,河南_2015_arts_sina
河南,2015,arts,武汉科技大学,535,,河南_2015_arts_sina
河南,2015,arts,首都师范大学,547,,河南_2015_arts_sina
河南,2015,arts,天津财经大学,550,,河南_2015_arts_sina
河南,2015,arts,南京审计学院,550,,河南_2015_arts_sina
河南,2015,arts,天津外国语大学,538,,河南_2015_arts_sina
河南,2015,arts,浙江理工大学,528,,河南_2015_arts_sina
河南,2015,arts,南京财经大学,547,,河南_2015_arts_sina
河南,2015,arts,江苏科技大学,528,,河南_2015_arts_sina
河南,2015,arts,北京建筑大学,533,,河南_2015_arts_sina
河南,2015,arts,沈阳建筑大学,515,,河南_2015_arts_sina
河南,2015,arts,中国计量学院,526,,河南_2015_arts_sina
河南,2015,arts,南华大学,519,,河南_2015_arts_sina
河南,2015,arts,长沙理工大学,522,,河南_2015_arts_sina
河南,2015,arts,贵州大学,535,,河南_2015_arts_sina
河南,2015,arts,南方医科大学,537,,河南_2015_arts_sina
河南,2015,arts,南京邮电大学,536,,河南_2015_arts_sina
河南,2015,arts,北方工业大学,527,,河南_2015_arts_sina
河南,2015,arts,华侨大学,531,,河南_2015_arts_sina
河南,2015,arts,西安工业大学,521,,河南_2015_arts_sina
河南,2015,arts,上海金融学院,549,,河南_2015_arts_sina
河南,2015,arts,汕头大学,540,,河南_2015_arts_sina
河南,2015,arts,宁波诺丁汉大学,534,,河南_2015_arts_sina
河南,2015,arts,大连民族学院已经更名为大连民族大学,518,,河南_2015_arts_sina
河南,2015,arts,温州肯恩大学,514,,河南_2015_arts_sina
河南,2015,arts,太原理工大学,530,,河南_2015_arts_sina
河南,2015,arts,东北石油大学,513,,河南_2015_arts_sina
河南,2015,arts,北京信息科技大学,533,,河南_2015_arts_sina
河南,2015,arts,安徽财经大学,536,,河南_2015_arts_sina
河南,2015,arts,上海师范大学,536,,河南_2015_arts_sina
河南,2015,arts,上海师范大学(较高收费),524,,河南_2015_arts_sina
河南,2015,arts,集美大学,534,,河南_2015_arts_sina
河南,2015,arts,北京物资学院,526,,河南_2015_arts_sina
河南,2015,arts,天津师范大学,532,,河南_2015_arts_sina
河南,2015,arts,青岛理工大学,523,,河南_2015_arts_sina
河南,2015,arts,浙江工业大学,527,,河南_2015_arts_sina
河南,2015,arts,湖南科技大学,521,,河南_2015_arts_sina
河南,2015,arts,成都理工大学,515,,河南_2015_arts_sina
河南,2015,arts,首都经济贸易大学,551,,河南_2015_arts_sina
河南,2015,arts,南京林业大学,526,,河南_2015_arts_sina
河南,2015,arts,西南科技大学,519,,河南_2015_arts_sina
河南,2015,arts,西南石油大学,513,,河南_2015_arts_sina
河南,2015,arts,天津工业大学,523,,河南_2015_arts_sina
河南,2015,arts,中北大学,517,,河南_2015_arts_sina
河南,2015,arts,西安科技大学,522,,河南_2015_arts_sina
河南,2015,arts,北京联合大学,531,,河南_2015_arts_sina
河南,2015,arts,南通大学,519,,河南_2015_arts_sina
河南,2015,arts,浙江师范大学,529,,河南_2015_arts_sina
河南,2015,arts,湖南中医药大学,527,,河南_2015_arts_sina
河南,2015,arts,成都中医药大学,553,,河南_2015_arts_sina
河南,2015,arts,湖北中医药大学,518,,河南_2015_arts_sina
河南,2015,arts,海南大学,530,,河南_2015_arts_sina
河南,2015,arts,海南大学(较高收费),513,,河南_2015_arts_sina
河南,2015,arts,宁夏大学,525,,河南_2015_arts_sina
河南,2015,arts,山东科技大学,522,,河南_2015_arts_sina
河南,2015,arts,河北大学,524,,河南_2015_arts_sina
河南,2015,arts,辽宁石油化工大学,513,,河南_2015_arts_sina
河南,2015,arts,沈阳工业大学,515,,河南_2015_arts_sina
河南,2015,arts,中南林业科技大学,521,,河南_2015_arts_sina
河南,2015,arts,西安理工大学,520,,河南_2015_arts_sina
河南,2015,arts,广州大学,538,,河南_2015_arts_sina
河南,2015,arts,广州大学(较高收费),523,,河南_2015_arts_sina
河南,2015,arts,上海海事大学,537,,河南_2015_arts_sina
河南,2015,arts,重庆交通大学,522,,河南_2015_arts_sina
河南,2015,arts,上海海洋大学,527,,河南_2015_arts_sina
河南,2015,arts,上海海洋大学(较高收费),518,,河南_2015_arts_sina
河南,2015,arts,常州大学,521,,河南_2015_arts_sina
河南,2015,arts,华东交通大学,535,,河南_2015_arts_sina
河南,2015,arts,重庆工商大学,535,,河南_2015_arts_sina
河南,2015,arts,四川外国语大学,540,,河南_2015_arts_sina
河南,2015,arts,山西财经大学,532,,河南_2015_arts_sina
河南,2015,arts,上海立信会计学院,551,,河南_2015_arts_sina
河南,2015,arts,北京印刷学院,529,,河南_2015_arts_sina
河南,2015,arts,天津商业大学,530,,河南_2015_arts_sina
河南,2015,arts,哈尔滨商业大学,518,,河南_2015_arts_sina
河南,2015,arts,杭州师范大学,526,,河南_2015_arts_sina
河南,2015,arts,浙江工商大学,531,,河南_2015_arts_sina
河南,2015,arts,福建农林大学,519,,河南_2015_arts_sina
河南,2015,arts,福建师范大学,523,,河南_2015_arts_sina
河南,2015,arts,济南大学,522,,河南_2015_arts_sina
河南,2015,arts,山东师范大学,523,,河南_2015_arts_sina
河南,2015,arts,山东财经大学,531,,河南_2015_arts_sina
河南,2015,arts,湖北工业大学,514,,河南_2015_arts_sina
河南,2015,arts,湖南农业大学,516,,河南_2015_arts_sina
河南,2015,arts,北京师范大学-香港浸会大学联合国际学院,513,,河南_2015_arts_sina
河南,2015,arts,重庆理工大学,523,,河南_2015_arts_sina
河南,2015,arts,昆明理工大学,514,,河南_2015_arts_sina
河南,2015,arts,上海政法学院,530,,河南_2015_arts_sina
河南,2015,arts,郑州大学(中外合作办学),513,,河南_2015_arts_sina
河南,2015,arts,郑州大学,544,,河南_2015_arts_sina
河南,2015,arts,河南大学,527,,河南_2015_arts_sina
河南,2015,arts,河南大学(中外合作办学),513,,河南_2015_arts_sina
河南,2015,arts,河南农业大学,517,,河南_2015_arts_sina
河南,2015,arts,河南中医学院,513,,河南_2015_arts_sina
河南,2015,arts,河南师范大学,519,,河南_2015_arts_sina
河南,2015,arts,河南财经政法大学,523,,河南_2015_arts_sina
河南,2015,arts,河南财经政法大学(较高收费),513,,河南_2015_arts_sina
河南,2015,arts,河南科技大学,516,,河南_2015_arts_sina
河南,2015,arts,河南理工大学,518,,河南_2015_arts_sina
河南,2015,arts,河南工业大学,517,,河南_2015_arts_sina
浙江,2015,arts,浙江大学,683,1000778,浙江_2015_both_sina
浙江,2015,science,浙江大学,690,1000778,浙江_2015_both_sina
浙江,2015,arts,浙江工业大学,644,1005120,浙江_2015_both_sina
浙江,2015,science,浙江工业大学,636,1005120,浙江_2015_both_sina
浙江,2015,arts,浙江师范大学,642,1005476,浙江_2015_both_sina
浙江,2015,science,浙江师范大学,625,1005476,浙江_2015_both_sina
浙江,2015,arts,宁波大学,639,1005898,浙江_2015_both_sina
浙江,2015,science,宁波大学,625,1005898,浙江_2015_both_sina
浙江,2015,arts,杭州电子科技大学,649,1004313,浙江_2015_both_sina
浙江,2015,science,杭州电子科技大学,631,1004313,浙江_2015_both_sina
浙江,2015,arts,浙江工商大学,648,1004360,浙江_2015_both_sina
浙江,2015,science,浙江工商大学,625,1004360,浙江_2015_both_sina
浙江,2015,arts,浙江理工大学,640,1005779,浙江_2015_both_sina
浙江,2015,science,浙江理工大学,627,1005779,浙江_2015_both_sina
浙江,2015,arts,温州医科大学,654,1003573,浙江_2015_both_sina
浙江,2015,science,温州医科大学,649,1003573,浙江_2015_both_sina
浙江,2015,arts,浙江海洋学院,626,1008878,浙江_2015_both_sina
浙江,2015,science,浙江海洋学院,609,1008878,浙江_2015_both_sina
浙江,2015,arts,浙江农林大学,632,1007351,浙江_2015_both_sina
浙江,2015,science,浙江农林大学,614,1007351,浙江_2015_both_sina
浙江,2015,arts,浙江中医药大学,661,1002596,浙江_2015_both_sina
浙江,2015,science,浙江中医药大学,643,1002596,浙江_2015_both_sina
浙江,2015,arts,中国计量学院,635,1006805,浙江_2015_both_sina
浙江,2015,science,中国计量学院,621,1006805,浙江_2015_both_sina
浙江,2015,arts,浙江万里学院,626,1008690,浙江_2015_both_sina
浙江,2015,science,浙江万里学院,605,1008690,浙江_2015_both_sina
浙江,2015,science,浙江科技学院,613,,浙江_2015_both_sina
浙江,2015,arts,浙江财经大学,660,1002787,浙江_2015_both_sina
浙江,2015,science,浙江财经大学,646,1002787,浙江_2015_both_sina
浙江,2015,arts,嘉兴学院,633,1007154,浙江_2015_both_sina
浙江,2015,science,嘉兴学院,614,1007154,浙江_2015_both_sina
浙江,2015,arts,浙江大学城市学院,636,1006504,浙江_2015_both_sina
浙江,2015,science,浙江大学城市学院,619,1006504,浙江_2015_both_sina
浙江,2015,arts,浙江大学宁波理工学院,630,1007867,浙江_2015_both_sina
浙江,2015,science,浙江大学宁波理工学院,610,1007867,浙江_2015_both_sina
浙江,2015,arts,杭州师范大学,637,1006360,浙江_2015_both_sina
浙江,2015,science,杭州师范大学,622,1006360,浙江_2015_both_sina
浙江,2015,arts,湖州师范学院,629,1008046,浙江_2015_both_sina
浙江,2015,science,湖州师范学院,611,1008046,浙江_2015_both_sina
浙江,2015,arts,绍兴文理学院,631,1007604,浙江_2015_both_sina
浙江,2015,science,绍兴文理学院,609,1007604,浙江_2015_both_sina
浙江,2015,arts,温州大学,633,1007117,浙江_2015_both_sina
浙江,2015,science,温州大学,617,1007117,浙江_2015_both_sina
浙江,2015,arts,浙江外国语学院,633,1007291,浙江_2015_both_sina
浙江,2015,science,浙江外国语学院,617,1007291,浙江_2015_both_sina
浙江,2015,arts,浙江传媒学院,638,1006153,浙江_2015_both_sina
浙江,2015,science,浙江传媒学院,622,1006153,浙江_2015_both_sina
浙江,2015,arts,浙江财经大学(中外合作专业),636,1006544,浙江_2015_both_sina
浙江,2015,science,浙江财经大学(中外合作专业),635,1006544,浙江_2015_both_sina
浙江,2015,arts,温州肯恩大学,629,1008110,浙江_2015_both_sina
浙江,2015,science,温州肯恩大学,608,1008110,浙江_2015_both_sina
浙江,2015,science,浙江科技学院(中外合作专业),605,,浙江_2015_both_sina
浙江,2015,arts,宁波诺丁汉大学,645,1004901,浙江_2015_both_sina
浙江,2015,science,宁波诺丁汉大学,631,1004901,浙江_2015_both_sina
浙江,2015,science,杭州电子科技大学(中外合作专业),619,,浙江_2015_both_sina
浙江,2015,science,浙江农林大学(中外合作专业),605,,浙江_2015_both_sina
浙江,2015,arts,宁波大学(中外合作专业),626,1008707,浙江_2015_both_sina
浙江,2015,science,宁波大学(中外合作专业),619,1008707,浙江_2015_both_sina
浙江,2015,science,浙江大学医学院,682,,浙江_2015_both_sina
浙江,2015,arts,北京大学,723,1000019,浙江_2015_both_sina
浙江,2015,science,北京大学,740,1000019,浙江_2015_both_sina
浙江,2015,science,北京大学医学部,711,,浙江_2015_both_sina
浙江,2015,arts,北京第二外国语学院,664,1002231,浙江_2015_both_sina
浙江,2015,science,北京第二外国语学院,653,1002231,浙江_2015_both_sina
浙江,2015,arts,北京工业大学,655,1003417,浙江_2015_both_sina
浙江,2015,science,北京工业大学,651,1003417,浙江_2015_both_sina
浙江,2015,arts,北京航空航天大学,676,1001187,浙江_2015_both_sina
浙江,2015,science,北京航空航天大学,682,1001187,浙江_2015_both_sina
浙江,2015,arts,北京化工大学,632,1007537,浙江_2015_both_sina
浙江,2015,science,北京化工大学,649,1007537,浙江_2015_both_sina
浙江,2015,arts,北京交通大学,672,1001472,浙江_2015_both_sina
浙江,2015,science,北京交通大学,668,1001472,浙江_2015_both_sina
浙江,2015,arts,北京科技大学,666,1002101,浙江_2015_both_sina
浙江,2015,science,北京科技大学,660,1002101,浙江_2015_both_sina
浙江,2015,arts,北京理工大学,660,1002707,浙江_2015_both_sina
浙江,2015,science,北京理工大学,675,1002707,浙江_2015_both_sina
浙江,2015,arts,北京林业大学,661,1002591,浙江_2015_both_sina
浙江,2015,science,北京林业大学,642,1002591,浙江_2015_both_sina
浙江,2015,arts,北京师范大学,684,1000718,浙江_2015_both_sina
浙江,2015,science,北京师范大学,682,1000718,浙江_2015_both_sina
浙江,2015,arts,北京体育大学,650,1004010,浙江_2015_both_sina
浙江,2015,science,北京体育大学,621,1004010,浙江_2015_both_sina
浙江,2015,arts,北京外国语大学,682,1000819,浙江_2015_both_sina
浙江,2015,science,北京外国语大学,677,1000819,浙江_2015_both_sina
浙江,2015,science,北京协和医学院,631,,浙江_2015_both_sina
浙江,2015,science,北京邮电大学,674,,浙江_2015_both_sina
浙江,2015,arts,北京语言大学,670,1001681,浙江_2015_both_sina
浙江,2015,science,北京语言大学,644,1001681,浙江_2015_both_sina
浙江,2015,arts,北京中医药大学,670,1001702,浙江_2015_both_sina
浙江,2015,science,北京中医药大学,649,1001702,浙江_2015_both_sina
浙江,2015,arts,对外经济贸易大学,674,1001335,浙江_2015_both_sina
浙江,2015,science,对外经济贸易大学,639,1001335,浙江_2015_both_sina
浙江,2015,arts,华北电力大学(北京),652,1003838,浙江_2015_both_sina
浙江,2015,science,华北电力大学(北京),655,1003838,浙江_2015_both_sina
浙江,2015,arts,清华大学,722,1000022,浙江_2015_both_sina
浙江,2015,science,清华大学,737,1000022,浙江_2015_both_sina
浙江,2015,arts,首都师范大学,652,1003795,浙江_2015_both_sina
浙江,2015,science,首都师范大学,630,1003795,浙江_2015_both_sina
浙江,2015,science,首都医科大学,660,,浙江_2015_both_sina
浙江,2015,arts,中国传媒大学,675,1001217,浙江_2015_both_sina
浙江,2015,science,中国传媒大学,659,1001217,浙江_2015_both_sina
浙江,2015,arts,中国地质大学(北京),659,1002860,浙江_2015_both_sina
浙江,2015,science,中国地质大学(北京),643,1002860,浙江_2015_both_sina
浙江,2015,arts,中国矿业大学(北京),639,1005968,浙江_2015_both_sina
浙江,2015,science,中国矿业大学(北京),605,1005968,浙江_2015_both_sina
浙江,2015,arts,中国农业大学,670,1001641,浙江_2015_both_sina
浙江,2015,science,中国农业大学,654,1001641,浙江_2015_both_sina
浙江,2015,arts,中国人民大学,705,1000125,浙江_2015_both_sina
浙江,2015,science,中国人民大学,716,1000125,浙江_2015_both_sina
浙江,2015,arts,中国石油大学(北京),649,1004305,浙江_2015_both_sina
浙江,2015,science,中国石油大学(北京),606,1004305,浙江_2015_both_sina
浙江,2015,arts,中国政法大学,677,1001082,浙江_2015_both_sina
浙江,2015,science,中国政法大学,667,1001082,浙江_2015_both_sina
浙江,2015,arts,中央财经大学,676,1001140,浙江_2015_both_sina
浙江,2015,science,中央财经大学,685,1001140,浙江_2015_both_sina
浙江,2015,arts,中央民族大学,666,1002076,浙江_2015_both_sina
浙江,2015,science,中央民族大学,656,1002076,浙江_2015_both_sina
浙江,2015,science,北京邮电大学(宏福校区),656,,浙江_2015_both_sina
浙江,2015,science,中国科学院大学,726,,浙江_2015_both_sina
浙江,2015,science,中央财经大学(中外合作专业),669,,浙江_2015_both_sina
浙江,2015,science,北京化工大学(中外合作专业),624,,浙江_2015_both_sina
浙江,2015,arts,中国传媒大学(中外合作专业),655,1003420,浙江_2015_both_sina
浙江,2015,science,中国传媒大学(中外合作专业),641,1003420,浙江_2015_both_sina
浙江,2015,science,北京交通大学(中外合作专业),616,,浙江_2015_both_sina
浙江,2015,science,北京理工大学(中外合作专业),662,,浙江_2015_both_sina
浙江,2015,science,河北工业大学,636,,浙江_2015_both_sina
浙江,2015,arts,南开大学,680,1000885,浙江_2015_both_sina
浙江,2015,science,南开大学,684,1000885,浙江_2015_both_sina
浙江,2015,arts,天津财经大学,652,1003775,浙江_2015_both_sina
浙江,2015,science,天津财经大学,642,1003775,浙江_2015_both_sina
浙江,2015,arts,天津大学,675,1001249,浙江_2015_both_sina
浙江,2015,science,天津大学,675,1001249,浙江_2015_both_sina
浙江,2015,science,天津医科大学,660,,浙江_2015_both_sina
浙江,2015,science,天津中医药大学,647,,浙江_2015_both_sina
浙江,2015,science,中国民航大学,621,,浙江_2015_both_sina
浙江,2015,science,东北大学秦皇岛分校,629,,浙江_2015_both_sina
浙江,2015,science,河北医科大学,668,,浙江_2015_both_sina
浙江,2015,arts,华北电力大学(保定),640,1005836,浙江_2015_both_sina
浙江,2015,science,华北电力大学(保定),651,1005836,浙江_2015_both_sina
浙江,2015,arts,石家庄铁道大学,629,1008010,浙江_2015_both_sina
浙江,2015,science,石家庄铁道大学,618,1008010,浙江_2015_both_sina
浙江,2015,arts,燕山大学,633,1007135,浙江_2015_both_sina
浙江,2015,science,燕山大学,621,1007135,浙江_2015_both_sina
浙江,2015,arts,山西大学,633,1007282,浙江_2015_both_sina
浙江,2015,science,山西大学,616,1007282,浙江_2015_both_sina
浙江,2015,arts,太原理工大学,635,1006720,浙江_2015_both_sina
浙江,2015,science,太原理工大学,628,1006720,浙江_2015_both_sina
浙江,2015,science,中北大学,613,,浙江_2015_both_sina
浙江,2015,science,内蒙古大学,617,,浙江_2015_both_sina
浙江,2015,arts,大连海事大学,664,1002304,浙江_2015_both_sina
浙江,2015,science,大连海事大学,640,1002304,浙江_2015_both_sina
浙江,2015,arts,大连理工大学,661,1002620,浙江_2015_both_sina
浙江,2015,science,大连理工大学,662,1002620,浙江_2015_both_sina
浙江,2015,science,大连医科大学,648,,浙江_2015_both_sina
浙江,2015,arts,东北财经大学,658,1002933,浙江_2015_both_sina
浙江,2015,science,东北财经大学,645,1002933,浙江_2015_both_sina
浙江,2015,arts,东北大学,656,1003284,浙江_2015_both_sina
浙江,2015,science,东北大学,654,1003284,浙江_2015_both_sina
浙江,2015,arts,辽宁大学,641,1005611,浙江_2015_both_sina
浙江,2015,science,辽宁大学,633,1005611,浙江_2015_both_sina
浙江,2015,science,沈阳农业大学,611,,浙江_2015_both_sina
浙江,2015,science,沈阳药科大学,622,,浙江_2015_both_sina
浙江,2015,science,中国医科大学,642,,浙江_2015_both_sina
浙江,2015,science,大连理工大学(盘锦校区),642,,浙江_2015_both_sina
浙江,2015,arts,东北财经大学(中外合作专业),628,1008266,浙江_2015_both_sina
浙江,2015,science,东北财经大学(中外合作专业),612,1008266,浙江_2015_both_sina
浙江,2015,science,大连理工大学(中外合作专业),637,,浙江_2015_both_sina
浙江,2015,arts,长春理工大学,631,1007655,浙江_2015_both_sina
浙江,2015,science,长春理工大学,615,1007655,浙江_2015_both_sina
浙江,2015,arts,东北师范大学,642,1005372,浙江_2015_both_sina
浙江,2015,science,东北师范大学,624,1005372,浙江_2015_both_sina
浙江,2015,arts,吉林大学,667,1001996,浙江_2015_both_sina
浙江,2015,science,吉林大学,657,1001996,浙江_2015_both_sina
浙江,2015,arts,延边大学,633,1007234,浙江_2015_both_sina
浙江,2015,science,延边大学,622,1007234,浙江_2015_both_sina
浙江,2015,arts,东北师范大学(中外合作专业),633,1007253,浙江_2015_both_sina
浙江,2015,science,东北师范大学(中外合作专业),614,1007253,浙江_2015_both_sina
浙江,2015,science,东北石油大学,614,,浙江_2015_both_sina
浙江,2015,arts,东北林业大学,635,1006732,浙江_2015_both_sina
浙江,2015,science,东北林业大学,620,1006732,浙江_2015_both_sina
浙江,2015,arts,东北农业大学,635,1006879,浙江_2015_both_sina
浙江,2015,science,东北农业大学,620,1006879,浙江_2015_both_sina
浙江,2015,science,哈尔滨工程大学,644,,浙江_2015_both_sina
浙江,2015,arts,哈尔滨工业大学,665,1002202,浙江_2015_both_sina
浙江,2015,science,哈尔滨工业大学,662,1002202,浙江_2015_both_sina
浙江,2015,science,哈尔滨工业大学(威海),656,,浙江_2015_both_sina
浙江,2015,science,哈尔滨医科大学,628,,浙江_2015_both_sina
浙江,2015,arts,黑龙江大学,632,1007409,浙江_2015_both_sina
浙江,2015,science,黑龙江大学,615,1007409,浙江_2015_both_sina
浙江,2015,arts,东华大学,667,1001954,浙江_2015_both_sina
浙江,2015,science,东华大学,659,1001954,浙江_2015_both_sina
浙江,2015,arts,复旦大学,716,1000052,浙江_2015_both_sina
浙江,2015,science,复旦大学,729,1000052,浙江_2015_both_sina
浙江,2015,arts,华东理工大学,668,1001853,浙江_2015_both_sina
浙江,2015,science,华东理工大学,672,1001853,浙江_2015_both_sina
浙江,2015,arts,华东师范大学,680,1000927,浙江_2015_both_sina
浙江,2015,science,华东师范大学,677,1000927,浙江_2015_both_sina
浙江,2015,arts,华东政法大学,676,1001188,浙江_2015_both_sina
浙江,2015,science,华东政法大学,677,1001188,浙江_2015_both_sina
浙江,2015,arts,上海财经大学,700,1000200,浙江_2015_both_sina
浙江,2015,science,上海财经大学,695,1000200,浙江_2015_both_sina
浙江,2015,arts,上海大学,671,1001539,浙江_2015_both_sina
浙江,2015,science,上海大学,660,1001539,浙江_2015_both_sina
浙江,2015,arts,上海对外经贸大学,667,1001921,浙江_2015_both_sina
浙江,2015,science,上海对外经贸大学,659,1001921,浙江_2015_both_sina
浙江,2015,arts,上海海事大学,649,1004272,浙江_2015_both_sina
浙江,2015,science,上海海事大学,631,1004272,浙江_2015_both_sina
浙江,2015,arts,上海海洋大学,644,1005098,浙江_2015_both_sina
浙江,2015,science,上海海洋大学,619,1005098,浙江_2015_both_sina
浙江,2015,arts,上海交通大学,717,1000045,浙江_2015_both_sina
浙江,2015,science,上海交通大学,728,1000045,浙江_2015_both_sina
浙江,2015,science,上海交通大学医学院,710,,浙江_2015_both_sina
浙江,2015,arts,上海理工大学,651,1003896,浙江_2015_both_sina
浙江,2015,science,上海理工大学,649,1003896,浙江_2015_both_sina
浙江,2015,arts,上海外国语大学,677,1001084,浙江_2015_both_sina
浙江,2015,science,上海外国语大学,679,1001084,浙江_2015_both_sina
浙江,2015,science,上海中医药大学,647,,浙江_2015_both_sina
浙江,2015,arts,同济大学,679,1000985,浙江_2015_both_sina
浙江,2015,science,同济大学,686,1000985,浙江_2015_both_sina
浙江,2015,science,复旦大学医学院,730,,浙江_2015_both_sina
浙江,2015,arts,东南大学,679,1001001,浙江_2015_both_sina
浙江,2015,science,东南大学,682,1001001,浙江_2015_both_sina
浙江,2015,arts,河海大学,664,1002297,浙江_2015_both_sina
浙江,2015,science,河海大学,654,1002297,浙江_2015_both_sina
浙江,2015,arts,江南大学,661,1002613,浙江_2015_both_sina
浙江,2015,science,江南大学,650,1002613,浙江_2015_both_sina
浙江,2015,arts,江苏大学,641,1005669,浙江_2015_both_sina
浙江,2015,science,江苏大学,627,1005669,浙江_2015_both_sina
浙江,2015,arts,南京大学,697,1000261,浙江_2015_both_sina
浙江,2015,science,南京大学,690,1000261,浙江_2015_both_sina
浙江,2015,arts,南京工业大学,638,1006215,浙江_2015_both_sina
浙江,2015,science,南京工业大学,630,1006215,浙江_2015_both_sina
浙江,2015,arts,南京航空航天大学,666,1002113,浙江_2015_both_sina
浙江,2015,science,南京航空航天大学,669,1002113,浙江_2015_both_sina
浙江,2015,arts,南京理工大学,658,1003034,浙江_2015_both_sina
浙江,2015,science,南京理工大学,665,1003034,浙江_2015_both_sina
浙江,2015,arts,南京农业大学,656,1003214,浙江_2015_both_sina
浙江,2015,science,南京农业大学,641,1003214,浙江_2015_both_sina
浙江,2015,arts,南京师范大学,671,1001610,浙江_2015_both_sina
浙江,2015,science,南京师范大学,657,1001610,浙江_2015_both_sina
浙江,2015,arts,南京信息工程大学,635,1006726,浙江_2015_both_sina
浙江,2015,science,南京信息工程大学,625,1006726,浙江_2015_both_sina
浙江,2015,science,南京医科大学,667,,浙江_2015_both_sina
浙江,2015,arts,南京邮电大学,637,1006355,浙江_2015_both_sina
浙江,2015,science,南京邮电大学,632,1006355,浙江_2015_both_sina
浙江,2015,arts,苏州大学,673,1001445,浙江_2015_both_sina
浙江,2015,science,苏州大学,663,1001445,浙江_2015_both_sina
浙江,2015,arts,西交利物浦大学,637,1006418,浙江_2015_both_sina
浙江,2015,science,西交利物浦大学,622,1006418,浙江_2015_both_sina
浙江,2015,arts,中国矿业大学,643,1005206,浙江_2015_both_sina
浙江,2015,science,中国矿业大学,625,1005206,浙江_2015_both_sina
浙江,2015,arts,中国药科大学,661,1002636,浙江_2015_both_sina
浙江,2015,science,中国药科大学,652,1002636,浙江_2015_both_sina
浙江,2015,arts,中国人民大学(苏州校区),670,1001668,浙江_2015_both_sina
浙江,2015,science,中国人民大学(苏州校区),668,1001668,浙江_2015_both_sina
浙江,2015,arts,江南大学(中外合作专业),660,1002742,浙江_2015_both_sina
浙江,2015,science,江南大学(中外合作专业),650,1002742,浙江_2015_both_sina
浙江,2015,science,河海大学(中外合作专业),633,,浙江_2015_both_sina
浙江,2015,science,苏州大学(中外合作专业),610,,浙江_2015_both_sina
浙江,2015,arts,安徽大学,652,1003812,浙江_2015_both_sina
浙江,2015,science,安徽大学,640,1003812,浙江_2015_both_sina
浙江,2015,arts,安徽医科大学,628,1008311,浙江_2015_both_sina
浙江,2015,science,安徽医科大学,624,1008311,浙江_2015_both_sina
浙江,2015,arts,合肥工业大学,636,1006593,浙江_2015_both_sina
浙江,2015,science,合肥工业大学,638,1006593,浙江_2015_both_sina
浙江,2015,science,中国科学技术大学,720,,浙江_2015_both_sina
浙江,2015,science,合肥工业大学(宣城校区),635,,浙江_2015_both_sina
浙江,2015,science,福建农林大学,611,,浙江_2015_both_sina
浙江,2015,arts,福州大学,663,1002427,浙江_2015_both_sina
浙江,2015,science,福州大学,650,1002427,浙江_2015_both_sina
浙江,2015,arts,华侨大学,637,1006381,浙江_2015_both_sina
浙江,2015,science,华侨大学,623,1006381,浙江_2015_both_sina
浙江,2015,arts,厦门大学,696,1000286,浙江_2015_both_sina
浙江,2015,science,厦门大学,684,1000286,浙江_2015_both_sina
浙江,2015,arts,厦门大学(中外合作专业),672,1001510,浙江_2015_both_sina
浙江,2015,science,厦门大学(中外合作专业),668,1001510,浙江_2015_both_sina
浙江,2015,arts,江西财经大学,646,1004637,浙江_2015_both_sina
浙江,2015,science,江西财经大学,634,1004637,浙江_2015_both_sina
浙江,2015,arts,南昌大学,653,1003721,浙江_2015_both_sina
浙江,2015,science,南昌大学,641,1003721,浙江_2015_both_sina
浙江,2015,science,南昌大学(中外合作专业),647,,浙江_2015_both_sina
浙江,2015,arts,山东大学,668,1001832,浙江_2015_both_sina
浙江,2015,science,山东大学,662,1001832,浙江_2015_both_sina
浙江,2015,arts,山东大学威海分校,632,1007437,浙江_2015_both_sina
浙江,2015,science,山东大学威海分校,651,1007437,浙江_2015_both_sina
浙江,2015,arts,中国海洋大学,665,1002178,浙江_2015_both_sina
浙江,2015,science,中国海洋大学,648,1002178,浙江_2015_both_sina
浙江,2015,science,中国石油大学(华东),632,,浙江_2015_both_sina
浙江,2015,arts,山东大学威海分校(中外合作专业),666,1002038,浙江_2015_both_sina
浙江,2015,science,山东大学威海分校(中外合作专业),646,1002038,浙江_2015_both_sina
浙江,2015,arts,湖北中医药大学,651,1003902,浙江_2015_both_sina
浙江,2015,science,湖北中医药大学,641,1003902,浙江_2015_both_sina
浙江,2015,arts,华中科技大学,661,1002666,浙江_2015_both_sina
浙江,2015,science,华中科技大学,674,1002666,浙江_2015_both_sina
浙江,2015,arts,华中农业大学,640,1005862,浙江_2015_both_sina
浙江,2015,science,华中农业大学,631,1005862,浙江_2015_both_sina
浙江,2015,arts,华中师范大学,668,1001904,浙江_2015_both_sina
浙江,2015,science,华中师范大学,652,1001904,浙江_2015_both_sina
浙江,2015,arts,武汉大学,681,1000840,浙江_2015_both_sina
浙江,2015,science,武汉大学,682,1000840,浙江_2015_both_sina
浙江,2015,science,武汉工程大学,616,,浙江_2015_both_sina
浙江,2015,science,武汉科技大学,620,,浙江_2015_both_sina
浙江,2015,arts,武汉理工大学,656,1003295,浙江_2015_both_sina
浙江,2015,science,武汉理工大学,650,1003295,浙江_2015_both_sina
浙江,2015,arts,中国地质大学(武汉),652,1003766,浙江_2015_both_sina
浙江,2015,science,中国地质大学(武汉),640,1003766,浙江_2015_both_sina
浙江,2015,arts,中南财经政法大学,675,1001237,浙江_2015_both_sina
浙江,2015,science,中南财经政法大学,675,1001237,浙江_2015_both_sina
浙江,2015,science,中国地质大学(武汉)(少数民族班),608,,浙江_2015_both_sina
浙江,2015,arts,郑州大学,645,1004834,浙江_2015_both_sina
浙江,2015,science,郑州大学,636,1004834,浙江_2015_both_sina
浙江,2015,science,长沙理工大学,620,,浙江_2015_both_sina
浙江,2015,arts,湖南大学,670,1001680,浙江_2015_both_sina
浙江,2015,science,湖南大学,664,1001680,浙江_2015_both_sina
浙江,2015,science,湖南科技大学,616,,浙江_2015_both_sina
浙江,2015,science,湖南农业大学,609,,浙江_2015_both_sina
浙江,2015,arts,湖南师范大学,649,1004173,浙江_2015_both_sina
浙江,2015,science,湖南师范大学,631,1004173,浙江_2015_both_sina
浙江,2015,science,湖南中医药大学,640,,浙江_2015_both_sina
浙江,2015,science,南华大学,622,,浙江_2015_both_sina
浙江,2015,arts,湘潭大学,636,1006685,浙江_2015_both_sina
浙江,2015,science,湘潭大学,620,1006685,浙江_2015_both_sina
浙江,2015,arts,中南大学,671,1001611,浙江_2015_both_sina
浙江,2015,science,中南大学,666,1001611,浙江_2015_both_sina
浙江,2015,science,中南林业科技大学,611,,浙江_2015_both_sina
浙江,2015,arts,北京师范大学-香港浸会大学联合国际学院,628,1008318,浙江_2015_both_sina
浙江,2015,science,北京师范大学-香港浸会大学联合国际学院,616,1008318,浙江_2015_both_sina
浙江,2015,arts,广东外语外贸大学,661,1002617,浙江_2015_both_sina
浙江,2015,science,广东外语外贸大学,651,1002617,浙江_2015_both_sina
浙江,2015,science,广州医科大学,633,,浙江_2015_both_sina
浙江,2015,arts,广州中医药大学,654,1003590,浙江_2015_both_sina
浙江,2015,science,广州中医药大学,637,1003590,浙江_2015_both_sina
浙江,2015,arts,华南理工大学,671,1001540,浙江_2015_both_sina
浙江,2015,science,华南理工大学,675,1001540,浙江_2015_both_sina
浙江,2015,arts,华南农业大学,636,1006680,浙江_2015_both_sina
浙江,2015,science,华南农业大学,618,1006680,浙江_2015_both_sina
浙江,2015,arts,华南师范大学,659,1002836,浙江_2015_both_sina
浙江,2015,science,华南师范大学,637,1002836,浙江_2015_both_sina
浙江,2015,arts,暨南大学,668,1001820,浙江_2015_both_sina
浙江,2015,science,暨南大学,661,1001820,浙江_2015_both_sina
浙江,2015,science,南方医科大学,644,,浙江_2015_both_sina
浙江,2015,arts,汕头大学,642,1005387,浙江_2015_both_sina
浙江,2015,science,汕头大学,631,1005387,浙江_2015_both_sina
浙江,2015,arts,中山大学,679,1000980,浙江_2015_both_sina
浙江,2015,science,中山大学,681,1000980,浙江_2015_both_sina
浙江,2015,arts,深圳大学,657,1003121,浙江_2015_both_sina
浙江,2015,science,深圳大学,648,1003121,浙江_2015_both_sina
浙江,2015,arts,广西大学,636,1006602,浙江_2015_both_sina
浙江,2015,science,广西大学,620,1006602,浙江_2015_both_sina
浙江,2015,science,广西医科大学,624,,浙江_2015_both_sina
浙江,2015,arts,海南大学,638,1006261,浙江_2015_both_sina
浙江,2015,science,海南大学,624,1006261,浙江_2015_both_sina
浙江,2015,arts,西南大学,661,1002602,浙江_2015_both_sina
浙江,2015,science,西南大学,639,1002602,浙江_2015_both_sina
浙江,2015,arts,西南政法大学,665,1002124,浙江_2015_both_sina
浙江,2015,science,西南政法大学,661,1002124,浙江_2015_both_sina
浙江,2015,arts,重庆大学,667,1001943,浙江_2015_both_sina
浙江,2015,science,重庆大学,661,1001943,浙江_2015_both_sina
浙江,2015,science,重庆医科大学,644,,浙江_2015_both_sina
浙江,2015,arts,西南政法大学(中外合作专业),664,1002265,浙江_2015_both_sina
浙江,2015,science,西南政法大学(中外合作专业),652,1002265,浙江_2015_both_sina
浙江,2015,arts,成都中医药大学,659,1002821,浙江_2015_both_sina
浙江,2015,science,成都中医药大学,640,1002821,浙江_2015_both_sina
浙江,2015,science,电子科技大学,668,,浙江_2015_both_sina
浙江,2015,arts,四川大学,672,1001456,浙江_2015_both_sina
浙江,2015,science,四川大学,660,1001456,浙江_2015_both_sina
浙江,2015,science,四川农业大学,617,,浙江_2015_both_sina
浙江,2015,arts,西南财经大学,673,1001451,浙江_2015_both_sina
浙江,2015,science,西南财经大学,674,1001451,浙江_2015_both_sina
浙江,2015,arts,西南交通大学,654,1003490,浙江_2015_both_sina
浙江,2015,science,西南交通大学,647,1003490,浙江_2015_both_sina
浙江,2015,science,电子科技大学(沙河校区),653,,浙江_2015_both_sina
浙江,2015,science,四川大学(中外合作专业),649,,浙江_2015_both_sina
浙江,2015,arts,贵州大学,637,1006320,浙江_2015_both_sina
浙江,2015,science,贵州大学,622,1006320,浙江_2015_both_sina
浙江,2015,arts,云南大学,644,1005026,浙江_2015_both_sina
浙江,2015,science,云南大学,629,1005026,浙江_2015_both_sina
浙江,2015,arts,长安大学,640,1005792,浙江_2015_both_sina
浙江,2015,science,长安大学,610,1005792,浙江_2015_both_sina
浙江,2015,science,陕西科技大学,616,,浙江_2015_both_sina
浙江,2015,arts,陕西师范大学,644,1005108,浙江_2015_both_sina
浙江,2015,science,陕西师范大学,629,1005108,浙江_2015_both_sina
浙江,2015,arts,西安电子科技大学,639,1006038,浙江_2015_both_sina
浙江,2015,science,西安电子科技大学,652,1006038,浙江_2015_both_sina
浙江,2015,arts,西安建筑科技大学,634,1007054,浙江_2015_both_sina
浙江,2015,science,西安建筑科技大学,624,1007054,浙江_2015_both_sina
浙江,2015,arts,西安交通大学,673,1001375,浙江_2015_both_sina
浙江,2015,science,西安交通大学,678,1001375,浙江_2015_both_sina
浙江,2015,arts,西安外国语大学,647,1004577,浙江_2015_both_sina
浙江,2015,science,西安外国语大学,630,1004577,浙江_2015_both_sina
浙江,2015,arts,西北大学,652,1003758,浙江_2015_both_sina
浙江,2015,science,西北大学,638,1003758,浙江_2015_both_sina
浙江,2015,arts,西北工业大学,653,1003697,浙江_2015_both_sina
浙江,2015,science,西北工业大学,661,1003697,浙江_2015_both_sina
浙江,2015,arts,西北农林科技大学,642,1005393,浙江_2015_both_sina
浙江,2015,science,西北农林科技大学,633,1005393,浙江_2015_both_sina
浙江,2015,arts,兰州大学,652,1003845,浙江_2015_both_sina
浙江,2015,science,兰州大学,650,1003845,浙江_2015_both_sina
浙江,2015,science,青海大学,621,,浙江_2015_both_sina
浙江,2015,arts,宁夏大学,634,1007067,浙江_2015_both_sina
浙江,2015,science,宁夏大学,616,1007067,浙江_2015_both_sina
浙江,2015,science,宁夏医科大学,619,,浙江_2015_both_sina
浙江,2015,science,石河子大学,605,,浙江_2015_both_sina
浙江,2015,arts,新疆大学,628,1008431,浙江_2015_both_sina
浙江,2015,science,新疆大学,605,1008431,浙江_2015_both_sina
湖南,2015,arts,北京大学,639,,湖南_2015_both_sina
湖南,2015,arts,清华大学,644,,湖南_2015_both_sina
湖南,2015,arts,中国人民大学,628,,湖南_2015_both_sina
湖南,2015,arts,北京师范大学,607,,湖南_2015_both_sina
湖南,2015,arts,北京科技大学,583,,湖南_2015_both_sina
湖南,2015,arts,北京邮电大学,583,,湖南_2015_both_sina
湖南,2015,arts,北京航空航天大学,598,,湖南_2015_both_sina
湖南,2015,arts,北京理工大学,596,,湖南_2015_both_sina
湖南,2015,arts,北京交通大学,594,,湖南_2015_both_sina
湖南,2015,arts,北京化工大学,573,,湖南_2015_both_sina
湖南,2015,arts,中国农业大学,546,,湖南_2015_both_sina
湖南,2015,arts,北京林业大学,577,,湖南_2015_both_sina
湖南,2015,arts,对外经济贸易大学,614,,湖南_2015_both_sina
湖南,2015,arts,北京外国语大学,606,,湖南_2015_both_sina
湖南,2015,arts,中央民族大学,583,,湖南_2015_both_sina
湖南,2015,arts,中国地质大学(北京),565,,湖南_2015_both_sina
湖南,2015,arts,中国石油大学(北京),579,,湖南_2015_both_sina
湖南,2015,arts,北京体育大学,560,,湖南_2015_both_sina
湖南,2015,arts,北京语言大学,589,,湖南_2015_both_sina
湖南,2015,arts,华北电力大学(北京),580,,湖南_2015_both_sina
湖南,2015,arts,中国矿业大学(北京),567,,湖南_2015_both_sina
湖南,2015,arts,北京联合大学,554,,湖南_2015_both_sina
湖南,2015,arts,中国传媒大学,601,,湖南_2015_both_sina
湖南,2015,arts,中央财经大学,544,,湖南_2015_both_sina
湖南,2015,arts,中国政法大学,602,,湖南_2015_both_sina
湖南,2015,arts,北京第二外国语学院,586,,湖南_2015_both_sina
湖南,2015,arts,北京工商大学,577,,湖南_2015_both_sina
湖南,2015,arts,中华女子学院,535,,湖南_2015_both_sina
湖南,2015,arts,首都经济贸易大学,577,,湖南_2015_both_sina
湖南,2015,arts,首都师范大学,559,,湖南_2015_both_sina
湖南,2015,arts,南开大学,608,,湖南_2015_both_sina
湖南,2015,arts,天津大学,591,,湖南_2015_both_sina
湖南,2015,arts,中国民航大学,568,,湖南_2015_both_sina
湖南,2015,arts,天津财经大学,590,,湖南_2015_both_sina
湖南,2015,arts,河北工业大学,554,,湖南_2015_both_sina
湖南,2015,arts,华北电力大学(保定),562,,湖南_2015_both_sina
湖南,2015,arts,燕山大学,551,,湖南_2015_both_sina
湖南,2015,arts,石家庄铁道大学,537,,湖南_2015_both_sina
湖南,2015,arts,太原理工大学,556,,湖南_2015_both_sina
湖南,2015,arts,山西大学,550,,湖南_2015_both_sina
湖南,2015,arts,中北大学,545,,湖南_2015_both_sina
湖南,2015,arts,东北大学,575,,湖南_2015_both_sina
湖南,2015,arts,大连理工大学,572,,湖南_2015_both_sina
湖南,2015,arts,大连海事大学,563,,湖南_2015_both_sina
湖南,2015,arts,辽宁大学,535,,湖南_2015_both_sina
湖南,2015,arts,东北财经大学,591,,湖南_2015_both_sina
湖南,2015,arts,东北财经大学(中外合作办学),551,,湖南_2015_both_sina
湖南,2015,arts,吉林大学,584,,湖南_2015_both_sina
湖南,2015,arts,延边大学,546,,湖南_2015_both_sina
湖南,2015,arts,东北师范大学,566,,湖南_2015_both_sina
湖南,2015,arts,长春理工大学,544,,湖南_2015_both_sina
湖南,2015,arts,哈尔滨工程大学,548,,湖南_2015_both_sina
湖南,2015,arts,东北农业大学,549,,湖南_2015_both_sina
湖南,2015,arts,东北林业大学,554,,湖南_2015_both_sina
湖南,2015,arts,黑龙江大学,536,,湖南_2015_both_sina
湖南,2015,arts,复旦大学,633,,湖南_2015_both_sina
湖南,2015,arts,上海交通大学,635,,湖南_2015_both_sina
湖南,2015,arts,同济大学,608,,湖南_2015_both_sina
湖南,2015,arts,华东师范大学,604,,湖南_2015_both_sina
湖南,2015,arts,上海外国语大学,606,,湖南_2015_both_sina
湖南,2015,arts,上海财经大学,612,,湖南_2015_both_sina
湖南,2015,arts,上海大学,588,,湖南_2015_both_sina
湖南,2015,arts,华东政法大学,593,,湖南_2015_both_sina
湖南,2015,arts,上海海事大学,565,,湖南_2015_both_sina
湖南,2015,arts,上海对外经贸大学,584,,湖南_2015_both_sina
湖南,2015,arts,南京大学,623,,湖南_2015_both_sina
湖南,2015,arts,东南大学,588,,湖南_2015_both_sina
湖南,2015,arts,中国矿业大学,564,,湖南_2015_both_sina
湖南,2015,arts,河海大学,575,,湖南_2015_both_sina
湖南,2015,arts,南京航空航天大学,576,,湖南_2015_both_sina
湖南,2015,arts,南京农业大学,567,,湖南_2015_both_sina
湖南,2015,arts,中国药科大学,572,,湖南_2015_both_sina
湖南,2015,arts,南京师范大学,582,,湖南_2015_both_sina
湖南,2015,arts,苏州大学,586,,湖南_2015_both_sina
湖南,2015,arts,江南大学,577,,湖南_2015_both_sina
湖南,2015,arts,南京信息工程大学,554,,湖南_2015_both_sina
湖南,2015,arts,西交利物浦大学,549,,湖南_2015_both_sina
湖南,2015,arts,江苏大学,563,,湖南_2015_both_sina
湖南,2015,arts,南京林业大学,554,,湖南_2015_both_sina
湖南,2015,arts,南京邮电大学,560,,湖南_2015_both_sina
湖南,2015,arts,南京审计学院,579,,湖南_2015_both_sina
湖南,2015,arts,南京财经大学,574,,湖南_2015_both_sina
湖南,2015,arts,南京工业大学,557,,湖南_2015_both_sina
湖南,2015,arts,江苏科技大学,553,,湖南_2015_both_sina
湖南,2015,arts,扬州大学,564,,湖南_2015_both_sina
湖南,2015,arts,浙江大学,625,,湖南_2015_both_sina
湖南,2015,arts,宁波大学,562,,湖南_2015_both_sina
湖南,2015,arts,杭州电子科技大学,557,,湖南_2015_both_sina
湖南,2015,arts,浙江理工大学,555,,湖南_2015_both_sina
湖南,2015,arts,浙江工业大学,558,,湖南_2015_both_sina
湖南,2015,arts,浙江师范大学,556,,湖南_2015_both_sina
湖南,2015,arts,浙江财经大学,563,,湖南_2015_both_sina
湖南,2015,arts,宁波诺丁汉大学,556,,湖南_2015_both_sina
湖南,2015,arts,安徽大学,567,,湖南_2015_both_sina
湖南,2015,arts,合肥工业大学,558,,湖南_2015_both_sina
湖南,2015,arts,厦门大学,609,,湖南_2015_both_sina
湖南,2015,arts,福州大学,577,,湖南_2015_both_sina
湖南,2015,arts,华侨大学,563,,湖南_2015_both_sina
湖南,2015,arts,福建农林大学,550,,湖南_2015_both_sina
湖南,2015,arts,南昌大学,568,,湖南_2015_both_sina
湖南,2015,arts,华东交通大学,556,,湖南_2015_both_sina
湖南,2015,arts,江西财经大学,579,,湖南_2015_both_sina
湖南,2015,arts,山东大学,592,,湖南_2015_both_sina
湖南,2015,arts,中国海洋大学,584,,湖南_2015_both_sina
湖南,2015,arts,山东大学威海分校,576,,湖南_2015_both_sina
湖南,2015,arts,青岛大学,558,,湖南_2015_both_sina
湖南,2015,arts,河南大学,555,,湖南_2015_both_sina
湖南,2015,arts,郑州大学,564,,湖南_2015_both_sina
湖南,2015,arts,武汉大学,608,,湖南_2015_both_sina
湖南,2015,arts,华中科技大学,594,,湖南_2015_both_sina
湖南,2015,arts,武汉理工大学,576,,湖南_2015_both_sina
湖南,2015,arts,中国地质大学(武汉),576,,湖南_2015_both_sina
湖南,2015,arts,华中农业大学,562,,湖南_2015_both_sina
湖南,2015,arts,武汉理工大学(中外合作办学),565,,湖南_2015_both_sina
湖南,2015,arts,华中师范大学,586,,湖南_2015_both_sina
湖南,2015,arts,中南财经政法大学,594,,湖南_2015_both_sina
湖南,2015,arts,中南民族大学(汉族),542,,湖南_2015_both_sina
湖南,2015,arts,中南民族大学(非汉族),542,,湖南_2015_both_sina
湖南,2015,arts,湖北大学,560,,湖南_2015_both_sina
湖南,2015,arts,武汉科技大学,562,,湖南_2015_both_sina
湖南,2015,arts,武汉工程大学,549,,湖南_2015_both_sina
湖南,2015,arts,三峡大学,540,,湖南_2015_both_sina
湖南,2015,arts,湖北中医药大学,547,,湖南_2015_both_sina
湖南,2015,arts,华中师范大学(中外合作办学),543,,湖南_2015_both_sina
湖南,2015,arts,湖南大学,600,,湖南_2015_both_sina
湖南,2015,arts,中南大学,593,,湖南_2015_both_sina
湖南,2015,arts,湖南师范大学,570,,湖南_2015_both_sina
湖南,2015,arts,湘潭大学,558,,湖南_2015_both_sina
湖南,2015,arts,湖南农业大学,548,,湖南_2015_both_sina
湖南,2015,arts,湖南科技大学,545,,湖南_2015_both_sina
湖南,2015,arts,湖南中医药大学,539,,湖南_2015_both_sina
湖南,2015,arts,长沙理工大学,554,,湖南_2015_both_sina
湖南,2015,arts,南华大学,538,,湖南_2015_both_sina
湖南,2015,arts,中南林业科技大学,552,,湖南_2015_both_sina
湖南,2015,arts,中南林业科技大学(中外合作办学),535,,湖南_2015_both_sina
湖南,2015,arts,湖南农业大学(中外合作办学),535,,湖南_2015_both_sina
湖南,2015,arts,中南林业科技大学(班戈学院)(中外合作办学),536,,湖南_2015_both_sina
湖南,2015,arts,中山大学,607,,湖南_2015_both_sina
湖南,2015,arts,华南理工大学,587,,湖南_2015_both_sina
湖南,2015,arts,暨南大学,593,,湖南_2015_both_sina
湖南,2015,arts,华南师范大学,577,,湖南_2015_both_sina
湖南,2015,arts,广东外语外贸大学,579,,湖南_2015_both_sina
湖南,2015,arts,华南农业大学,561,,湖南_2015_both_sina
湖南,2015,arts,深圳大学,581,,湖南_2015_both_sina
湖南,2015,arts,汕头大学,570,,湖南_2015_both_sina
湖南,2015,arts,广州中医药大学,573,,湖南_2015_both_sina
湖南,2015,arts,广东工业大学,560,,湖南_2015_both_sina
湖南,2015,arts,广州大学,565,,湖南_2015_both_sina
湖南,2015,arts,广州医科大学,541,,湖南_2015_both_sina
湖南,2015,arts,南方医科大学,563,,湖南_2015_both_sina
湖南,2015,arts,广西大学,549,,湖南_2015_both_sina
湖南,2015,arts,海南大学,561,,湖南_2015_both_sina
湖南,2015,arts,中国人民大学(苏州校区),589,,湖南_2015_both_sina
湖南,2015,arts,北京师范大学-香港浸会大学联合国际学院,542,,湖南_2015_both_sina
湖南,2015,arts,重庆大学,590,,湖南_2015_both_sina
湖南,2015,arts,西南大学,580,,湖南_2015_both_sina
湖南,2015,arts,西南政法大学,582,,湖南_2015_both_sina
湖南,2015,arts,西南大学(荣昌校区),539,,湖南_2015_both_sina
湖南,2015,arts,西南政法大学(中外合作办学),566,,湖南_2015_both_sina
湖南,2015,arts,重庆交通大学,557,,湖南_2015_both_sina
湖南,2015,arts,重庆邮电大学,551,,湖南_2015_both_sina
湖南,2015,arts,四川大学,593,,湖南_2015_both_sina
湖南,2015,arts,电子科技大学,572,,湖南_2015_both_sina
湖南,2015,arts,西南交通大学,568,,湖南_2015_both_sina
湖南,2015,arts,西南财经大学,592,,湖南_2015_both_sina
湖南,2015,arts,成都中医药大学,566,,湖南_2015_both_sina
湖南,2015,arts,贵州大学,564,,湖南_2015_both_sina
湖南,2015,arts,云南大学,567,,湖南_2015_both_sina
湖南,2015,arts,西安交通大学,591,,湖南_2015_both_sina
湖南,2015,arts,西北大学,573,,湖南_2015_both_sina
湖南,2015,arts,西北工业大学,576,,湖南_2015_both_sina
湖南,2015,arts,长安大学,563,,湖南_2015_both_sina
湖南,2015,arts,西北农林科技大学,562,,湖南_2015_both_sina
湖南,2015,arts,陕西科技大学,546,,湖南_2015_both_sina
湖南,2015,arts,西安建筑科技大学,551,,湖南_2015_both_sina
湖南,2015,arts,西安外国语大学,568,,湖南_2015_both_sina
湖南,2015,arts,西北政法大学,554,,湖南_2015_both_sina
湖南,2015,arts,西安科技大学,548,,湖南_2015_both_sina
湖南,2015,arts,兰州大学,573,,湖南_2015_both_sina
湖南,2015,arts,宁夏大学,555,,湖南_2015_both_sina
湖南,2015,arts,新疆大学,537,,湖南_2015_both_sina
湖南,2015,arts,石河子大学,536,,湖南_2015_both_sina
湖南,2015,science,北京大学,689,,湖南_2015_both_sina
湖南,2015,science,清华大学,689,,湖南_2015_both_sina
湖南,2015,science,中国人民大学,660,,湖南_2015_both_sina
湖南,2015,science,北京师范大学,627,,湖南_2015_both_sina
湖南,2015,science,北京科技大学,600,,湖南_2015_both_sina
湖南,2015,science,北京邮电大学,620,,湖南_2015_both_sina
湖南,2015,science,北京航空航天大学,649,,湖南_2015_both_sina
湖南,2015,science,北京理工大学,624,,湖南_2015_both_sina
湖南,2015,science,北京交通大学,605,,湖南_2015_both_sina
湖南,2015,science,北京化工大学,585,,湖南_2015_both_sina
湖南,2015,science,北京工业大学,591,,湖南_2015_both_sina
湖南,2015,science,中国农业大学,598,,湖南_2015_both_sina
湖南,2015,science,北京林业大学,579,,湖南_2015_both_sina
湖南,2015,science,北京大学医学部,676,,湖南_2015_both_sina
湖南,2015,science,北京中医药大学,578,,湖南_2015_both_sina
湖南,2015,science,对外经济贸易大学,641,,湖南_2015_both_sina
湖南,2015,science,北京外国语大学,634,,湖南_2015_both_sina
湖南,2015,science,中央民族大学,588,,湖南_2015_both_sina
湖南,2015,science,中国地质大学(北京),577,,湖南_2015_both_sina
湖南,2015,science,中国石油大学(北京),543,,湖南_2015_both_sina
湖南,2015,science,北京邮电大学(宏福校区),583,,湖南_2015_both_sina
湖南,2015,science,北京体育大学,549,,湖南_2015_both_sina
湖南,2015,science,北京语言大学,583,,湖南_2015_both_sina
湖南,2015,science,华北电力大学(北京),599,,湖南_2015_both_sina
湖南,2015,science,中国矿业大学(北京),574,,湖南_2015_both_sina
湖南,2015,science,北京联合大学,549,,湖南_2015_both_sina
湖南,2015,science,中国科学院大学,665,,湖南_2015_both_sina
湖南,2015,science,中国传媒大学,595,,湖南_2015_both_sina
湖南,2015,science,中央财经大学,639,,湖南_2015_both_sina
湖南,2015,science,中国政法大学,616,,湖南_2015_both_sina
湖南,2015,science,北京第二外国语学院,588,,湖南_2015_both_sina
湖南,2015,science,北京工商大学,570,,湖南_2015_both_sina
湖南,2015,science,中华女子学院,526,,湖南_2015_both_sina
湖南,2015,science,首都经济贸易大学,595,,湖南_2015_both_sina
湖南,2015,science,首都师范大学,573,,湖南_2015_both_sina
湖南,2015,science,北方工业大学,560,,湖南_2015_both_sina
湖南,2015,science,首都医科大学,614,,湖南_2015_both_sina
湖南,2015,science,北京工商大学(中外合作办学),538,,湖南_2015_both_sina
湖南,2015,science,北京工业大学(中外合作办学),553,,湖南_2015_both_sina
湖南,2015,science,南开大学,644,,湖南_2015_both_sina
湖南,2015,science,天津大学,619,,湖南_2015_both_sina
湖南,2015,science,天津医科大学,609,,湖南_2015_both_sina
湖南,2015,science,中国民航大学,555,,湖南_2015_both_sina
湖南,2015,science,天津财经大学,596,,湖南_2015_both_sina
湖南,2015,science,天津中医药大学,577,,湖南_2015_both_sina
湖南,2015,science,河北工业大学,575,,湖南_2015_both_sina
湖南,2015,science,华北电力大学(保定),588,,湖南_2015_both_sina
湖南,2015,science,燕山大学,559,,湖南_2015_both_sina
湖南,2015,science,石家庄铁道大学,547,,湖南_2015_both_sina
湖南,2015,science,东北大学秦皇岛分校,567,,湖南_2015_both_sina
湖南,2015,science,河北医科大学,591,,湖南_2015_both_sina
湖南,2015,science,太原理工大学,561,,湖南_2015_both_sina
湖南,2015,science,山西大学,543,,湖南_2015_both_sina
湖南,2015,science,中北大学,539,,湖南_2015_both_sina
湖南,2015,science,山西医科大学,590,,湖南_2015_both_sina
湖南,2015,science,内蒙古大学,546,,湖南_2015_both_sina
湖南,2015,science,东北大学,594,,湖南_2015_both_sina
湖南,2015,science,大连理工大学,605,,湖南_2015_both_sina
湖南,2015,science,大连海事大学,577,,湖南_2015_both_sina
湖南,2015,science,辽宁大学,566,,湖南_2015_both_sina
湖南,2015,science,沈阳药科大学,569,,湖南_2015_both_sina
湖南,2015,science,东北财经大学,604,,湖南_2015_both_sina
湖南,2015,science,辽宁工程技术大学,537,,湖南_2015_both_sina
湖南,2015,science,中国医科大学,590,,湖南_2015_both_sina
湖南,2015,science,沈阳建筑大学,549,,湖南_2015_both_sina
湖南,2015,science,沈阳农业大学,530,,湖南_2015_both_sina
湖南,2015,science,沈阳工业大学,547,,湖南_2015_both_sina
湖南,2015,science,大连医科大学,596,,湖南_2015_both_sina
湖南,2015,science,大连理工大学(盘锦校区),570,,湖南_2015_both_sina
湖南,2015,science,东北财经大学(中外合作办学),548,,湖南_2015_both_sina
湖南,2015,science,吉林大学,599,,湖南_2015_both_sina
湖南,2015,science,延边大学,540,,湖南_2015_both_sina
湖南,2015,science,东北师范大学,567,,湖南_2015_both_sina
湖南,2015,science,长春理工大学,547,,湖南_2015_both_sina
湖南,2015,science,哈尔滨工业大学,618,,湖南_2015_both_sina
湖南,2015,science,哈尔滨工程大学,578,,湖南_2015_both_sina
湖南,2015,science,东北农业大学,544,,湖南_2015_both_sina
湖南,2015,science,东北林业大学,549,,湖南_2015_both_sina
湖南,2015,science,东北石油大学,532,,湖南_2015_both_sina
湖南,2015,science,哈尔滨医科大学,580,,湖南_2015_both_sina
湖南,2015,science,复旦大学,686,,湖南_2015_both_sina
湖南,2015,science,上海交通大学,679,,湖南_2015_both_sina
湖南,2015,science,东华大学,591,,湖南_2015_both_sina
湖南,2015,science,同济大学,650,,湖南_2015_both_sina
湖南,2015,science,华东理工大学,602,,湖南_2015_both_sina
湖南,2015,science,华东师范大学,619,,湖南_2015_both_sina
湖南,2015,science,上海外国语大学,616,,湖南_2015_both_sina
湖南,2015,science,复旦大学医学院,673,,湖南_2015_both_sina
湖南,2015,science,上海财经大学,654,,湖南_2015_both_sina
湖南,2015,science,上海大学,600,,湖南_2015_both_sina
湖南,2015,science,华东政法大学,592,,湖南_2015_both_sina
湖南,2015,science,上海海事大学,571,,湖南_2015_both_sina
湖南,2015,science,上海对外经贸大学,584,,湖南_2015_both_sina
湖南,2015,science,上海理工大学,578,,湖南_2015_both_sina
湖南,2015,science,上海交通大学医学院,674,,湖南_2015_both_sina
湖南,2015,science,南京大学,657,,湖南_2015_both_sina
湖南,2015,science,东南大学,626,,湖南_2015_both_sina
湖南,2015,science,中国矿业大学,571,,湖南_2015_both_sina
湖南,2015,science,河海大学,588,,湖南_2015_both_sina
湖南,2015,science,南京理工大学,596,,湖南_2015_both_sina
湖南,2015,science,南京航空航天大学,600,,湖南_2015_both_sina
湖南,2015,science,南京农业大学,566,,湖南_2015_both_sina
湖南,2015,science,中国药科大学,585,,湖南_2015_both_sina
湖南,2015,science,南京师范大学,577,,湖南_2015_both_sina
湖南,2015,science,苏州大学,593,,湖南_2015_both_sina
湖南,2015,science,江南大学,585,,湖南_2015_both_sina
湖南,2015,science,南京信息工程大学,562,,湖南_2015_both_sina
湖南,2015,science,西交利物浦大学,549,,湖南_2015_both_sina
湖南,2015,science,江苏大学,569,,湖南_2015_both_sina
湖南,2015,science,南京林业大学,556,,湖南_2015_both_sina
湖南,2015,science,南京邮电大学,583,,湖南_2015_both_sina
湖南,2015,science,南京审计学院,585,,湖南_2015_both_sina
湖南,2015,science,南京财经大学,588,,湖南_2015_both_sina
湖南,2015,science,南京工业大学,559,,湖南_2015_both_sina
湖南,2015,science,南京医科大学,553,,湖南_2015_both_sina
湖南,2015,science,江苏科技大学,552,,湖南_2015_both_sina
湖南,2015,science,扬州大学,561,,湖南_2015_both_sina
湖南,2015,science,浙江大学,663,,湖南_2015_both_sina
湖南,2015,science,宁波大学,567,,湖南_2015_both_sina
湖南,2015,science,杭州电子科技大学,568,,湖南_2015_both_sina
湖南,2015,science,浙江理工大学,568,,湖南_2015_both_sina
湖南,2015,science,浙江工业大学,570,,湖南_2015_both_sina
湖南,2015,science,浙江师范大学,543,,湖南_2015_both_sina
湖南,2015,science,浙江财经大学,556,,湖南_2015_both_sina
湖南,2015,science,宁波诺丁汉大学,559,,湖南_2015_both_sina
湖南,2015,science,中国科学技术大学,662,,湖南_2015_both_sina
湖南,2015,science,安徽大学,572,,湖南_2015_both_sina
湖南,2015,science,合肥工业大学,575,,湖南_2015_both_sina
湖南,2015,science,合肥工业大学(宣城校区),560,,湖南_2015_both_sina
湖南,2015,science,厦门大学,630,,湖南_2015_both_sina
湖南,2015,science,福州大学,588,,湖南_2015_both_sina
湖南,2015,science,华侨大学,561,,湖南_2015_both_sina
湖南,2015,science,福建农林大学,540,,湖南_2015_both_sina
湖南,2015,science,南昌大学,579,,湖南_2015_both_sina
湖南,2015,science,华东交通大学,556,,湖南_2015_both_sina
湖南,2015,science,江西财经大学,583,,湖南_2015_both_sina
湖南,2015,science,江西理工大学,540,,湖南_2015_both_sina
湖南,2015,science,南昌大学(中外合作办学),547,,湖南_2015_both_sina
湖南,2015,science,山东大学,599,,湖南_2015_both_sina
湖南,2015,science,中国海洋大学,593,,湖南_2015_both_sina
湖南,2015,science,哈尔滨工业大学(威海),592,,湖南_2015_both_sina
湖南,2015,science,中国石油大学(华东),565,,湖南_2015_both_sina
湖南,2015,science,山东大学威海分校,583,,湖南_2015_both_sina
湖南,2015,science,青岛科技大学,550,,湖南_2015_both_sina
湖南,2015,science,北京交通大学(威海校区),546,,湖南_2015_both_sina
湖南,2015,science,青岛大学,541,,湖南_2015_both_sina
湖南,2015,science,山东科技大学,550,,湖南_2015_both_sina
湖南,2015,science,河南大学,549,,湖南_2015_both_sina
湖南,2015,science,郑州大学,573,,湖南_2015_both_sina
湖南,2015,science,武汉大学,630,,湖南_2015_both_sina
湖南,2015,science,华中科技大学,628,,湖南_2015_both_sina
湖南,2015,science,武汉理工大学,594,,湖南_2015_both_sina
湖南,2015,science,中国地质大学(武汉),583,,湖南_2015_both_sina
湖南,2015,science,华中农业大学,566,,湖南_2015_both_sina
湖南,2015,science,武汉理工大学(中外合作办学),576,,湖南_2015_both_sina
湖南,2015,science,华中师范大学,595,,湖南_2015_both_sina
湖南,2015,science,中南财经政法大学,596,,湖南_2015_both_sina
湖南,2015,science,中南民族大学(非汉族),529,,湖南_2015_both_sina
湖南,2015,science,中南民族大学(汉族),529,,湖南_2015_both_sina
湖南,2015,science,湖北大学,555,,湖南_2015_both_sina
湖南,2015,science,武汉科技大学,571,,湖南_2015_both_sina
湖南,2015,science,武汉工程大学,550,,湖南_2015_both_sina
湖南,2015,science,湖北工业大学,537,,湖南_2015_both_sina
湖南,2015,science,三峡大学,538,,湖南_2015_both_sina
湖南,2015,science,湖北中医药大学,553,,湖南_2015_both_sina
湖南,2015,science,华中师范大学(中外合作办学),532,,湖南_2015_both_sina
湖南,2015,science,湖南大学,603,,湖南_2015_both_sina
湖南,2015,science,中南大学,614,,湖南_2015_both_sina
湖南,2015,science,湖南师范大学,575,,湖南_2015_both_sina
湖南,2015,science,湘潭大学,550,,湖南_2015_both_sina
湖南,2015,science,湖南农业大学,531,,湖南_2015_both_sina
湖南,2015,science,湖南科技大学,534,,湖南_2015_both_sina
湖南,2015,science,湖南中医药大学,533,,湖南_2015_both_sina
湖南,2015,science,长沙理工大学,552,,湖南_2015_both_sina
湖南,2015,science,南华大学,539,,湖南_2015_both_sina
湖南,2015,science,中南林业科技大学,542,,湖南_2015_both_sina
湖南,2015,science,中南林业科技大学(中外合作办学),526,,湖南_2015_both_sina
湖南,2015,science,湖南农业大学(中外合作办学),526,,湖南_2015_both_sina
湖南,2015,science,湘潭大学(中外合作办学),526,,湖南_2015_both_sina
湖南,2015,science,湘潭大学(能源工程学院),526,,湖南_2015_both_sina
湖南,2015,science,中南林业科技大学(班戈学院)(中外合作办学),526,,湖南_2015_both_sina
湖南,2015,science,中山大学,639,,湖南_2015_both_sina
湖南,2015,science,华南理工大学,621,,湖南_2015_both_sina
湖南,2015,science,暨南大学,611,,湖南_2015_both_sina
湖南,2015,science,华南师范大学,588,,湖南_2015_both_sina
湖南,2015,science,广东外语外贸大学,595,,湖南_2015_both_sina
湖南,2015,science,华南农业大学,558,,湖南_2015_both_sina
湖南,2015,science,深圳大学,593,,湖南_2015_both_sina
湖南,2015,science,汕头大学,577,,湖南_2015_both_sina
湖南,2015,science,广州中医药大学,574,,湖南_2015_both_sina
湖南,2015,science,广东工业大学,571,,湖南_2015_both_sina
湖南,2015,science,广州大学,579,,湖南_2015_both_sina
湖南,2015,science,广州医科大学,592,,湖南_2015_both_sina
湖南,2015,science,南方医科大学,580,,湖南_2015_both_sina
湖南,2015,science,广西大学,566,,湖南_2015_both_sina
湖南,2015,science,广西医科大学,569,,湖南_2015_both_sina
湖南,2015,science,海南大学,561,,湖南_2015_both_sina
湖南,2015,science,长沙理工大学(中外合作办学),526,,湖南_2015_both_sina
湖南,2015,science,河海大学(中外合作办学),553,,湖南_2015_both_sina
湖南,2015,science,中国人民大学(苏州校区),606,,湖南_2015_both_sina
湖南,2015,science,北京师范大学-香港浸会大学联合国际学院,538,,湖南_2015_both_sina
湖南,2015,science,重庆大学,609,,湖南_2015_both_sina
湖南,2015,science,西南大学,580,,湖南_2015_both_sina
湖南,2015,science,西南政法大学,582,,湖南_2015_both_sina
湖南,2015,science,西南大学(荣昌校区),526,,湖南_2015_both_sina
湖南,2015,science,西南政法大学(中外合作办学),574,,湖南_2015_both_sina
湖南,2015,science,重庆医科大学,599,,湖南_2015_both_sina
湖南,2015,science,重庆交通大学,556,,湖南_2015_both_sina
湖南,2015,science,重庆邮电大学,568,,湖南_2015_both_sina
湖南,2015,science,重庆交通大学(中外合作办学),529,,湖南_2015_both_sina
湖南,2015,science,四川大学,608,,湖南_2015_both_sina
湖南,2015,science,电子科技大学,612,,湖南_2015_both_sina
湖南,2015,science,西南交通大学,593,,湖南_2015_both_sina
湖南,2015,science,四川农业大学,548,,湖南_2015_both_sina
湖南,2015,science,西南财经大学,610,,湖南_2015_both_sina
湖南,2015,science,成都中医药大学,572,,湖南_2015_both_sina
湖南,2015,science,成都理工大学,558,,湖南_2015_both_sina
湖南,2015,science,四川大学(中外合作办学),557,,湖南_2015_both_sina
湖南,2015,science,贵州大学,561,,湖南_2015_both_sina
湖南,2015,science,云南大学,571,,湖南_2015_both_sina
湖南,2015,science,昆明理工大学,545,,湖南_2015_both_sina
湖南,2015,science,西安交通大学,636,,湖南_2015_both_sina
湖南,2015,science,西北大学,575,,湖南_2015_both_sina
湖南,2015,science,西北工业大学,605,,湖南_2015_both_sina
湖南,2015,science,西安电子科技大学,595,,湖南_2015_both_sina
湖南,2015,science,长安大学,577,,湖南_2015_both_sina
湖南,2015,science,西北农林科技大学,572,,湖南_2015_both_sina
湖南,2015,science,陕西科技大学,545,,湖南_2015_both_sina
湖南,2015,science,西安建筑科技大学,552,,湖南_2015_both_sina
湖南,2015,science,西安外国语大学,564,,湖南_2015_both_sina
湖南,2015,science,西北政法大学,554,,湖南_2015_both_sina
湖南,2015,science,西安理工大学,554,,湖南_2015_both_sina
湖南,2015,science,西安工业大学,541,,湖南_2015_both_sina
湖南,2015,science,西安科技大学,544,,湖南_2015_both_sina
湖南,2015,science,兰州大学,589,,湖南_2015_both_sina
湖南,2015,science,青海大学,535,,湖南_2015_both_sina
湖南,2015,science,宁夏大学,546,,湖南_2015_both_sina
湖南,2015,science,新疆大学,528,,湖南_2015_both_sina
湖南,2015,science,石河子大学,528,,湖南_2015_both_sina
湖南,2015,science,新疆医科大学,569,,湖南_2015_both_sina
福建,2015,arts,福建工程学院,558,,福建_2015_arts_sina
福建,2015,arts,福建农林大学,562,,福建_2015_arts_sina
福建,2015,arts,福建农林大学（中外合作）,549,,福建_2015_arts_sina
福建,2015,arts,福建师范大学,571,,福建_2015_arts_sina
福建,2015,arts,福建师范大学（闽台合作）,549,,福建_2015_arts_sina
福建,2015,arts,福建医科大学,549,,福建_2015_arts_sina
福建,2015,arts,福建中医药大学,552,,福建_2015_arts_sina
福建,2015,arts,福州大学,599,,福建_2015_arts_sina
福建,2015,arts,福州大学（闽台合作）,561,,福建_2015_arts_sina
福建,2015,arts,华侨大学,569,,福建_2015_arts_sina
福建,2015,arts,华侨大学（面向泉州）,574,,福建_2015_arts_sina
福建,2015,arts,华侨大学（面向厦门）,565,,福建_2015_arts_sina
福建,2015,arts,集美大学,571,,福建_2015_arts_sina
福建,2015,arts,集美大学（面向厦门）,568,,福建_2015_arts_sina
福建,2015,arts,闽江学院,579,,福建_2015_arts_sina
福建,2015,arts,闽南师范大学,552,,福建_2015_arts_sina
福建,2015,arts,厦门大学,616,,福建_2015_arts_sina
福建,2015,arts,厦门大学（面向厦门）,612,,福建_2015_arts_sina
福建,2015,arts,厦门大学（面向漳州）,611,,福建_2015_arts_sina
福建,2015,arts,厦门大学（中外合作办学）,600,,福建_2015_arts_sina
福建,2015,arts,安徽财经大学,571,,福建_2015_arts_sina
福建,2015,arts,安徽大学,587,,福建_2015_arts_sina
福建,2015,arts,安徽医科大学,549,,福建_2015_arts_sina
福建,2015,arts,北方工业大学,572,,福建_2015_arts_sina
福建,2015,arts,北京大学,647,,福建_2015_arts_sina
福建,2015,arts,北京第二外国语学院,595,,福建_2015_arts_sina
福建,2015,arts,北京工商大学,586,,福建_2015_arts_sina
福建,2015,arts,北京航空航天大学,616,,福建_2015_arts_sina
福建,2015,arts,北京建筑大学,568,,福建_2015_arts_sina
福建,2015,arts,北京交通大学,606,,福建_2015_arts_sina
福建,2015,arts,北京理工大学,611,,福建_2015_arts_sina
福建,2015,arts,北京林业大学,567,,福建_2015_arts_sina
福建,2015,arts,北京师范大学-香港浸会大学联合国际学院,549,,福建_2015_arts_sina
福建,2015,arts,北京体育大学,585,,福建_2015_arts_sina
福建,2015,arts,北京外国语大学,581,,福建_2015_arts_sina
福建,2015,arts,北京信息科技大学,569,,福建_2015_arts_sina
福建,2015,arts,北京印刷学院,574,,福建_2015_arts_sina
福建,2015,arts,北京语言大学,599,,福建_2015_arts_sina
福建,2015,arts,长安大学,587,,福建_2015_arts_sina
福建,2015,arts,长春理工大学,556,,福建_2015_arts_sina
福建,2015,arts,长沙理工大学,567,,福建_2015_arts_sina
福建,2015,arts,重庆大学,608,,福建_2015_arts_sina
福建,2015,arts,大连海事大学,581,,福建_2015_arts_sina
福建,2015,arts,东北财经大学,591,,福建_2015_arts_sina
福建,2015,arts,东北大学,598,,福建_2015_arts_sina
福建,2015,arts,东北林业大学,574,,福建_2015_arts_sina
福建,2015,arts,东北农业大学,582,,福建_2015_arts_sina
福建,2015,arts,东北师范大学,580,,福建_2015_arts_sina
福建,2015,arts,对外经济贸易大学,620,,福建_2015_arts_sina
福建,2015,arts,复旦大学,636,,福建_2015_arts_sina
福建,2015,arts,广东工业大学,578,,福建_2015_arts_sina
福建,2015,arts,广东外语外贸大学,594,,福建_2015_arts_sina
福建,2015,arts,广州大学,585,,福建_2015_arts_sina
福建,2015,arts,广州医科大学,556,,福建_2015_arts_sina
福建,2015,arts,广州中医药大学,575,,福建_2015_arts_sina
福建,2015,arts,贵州大学,581,,福建_2015_arts_sina
福建,2015,arts,哈尔滨工业大学,603,,福建_2015_arts_sina
福建,2015,arts,哈尔滨商业大学,558,,福建_2015_arts_sina
福建,2015,arts,海南大学,578,,福建_2015_arts_sina
福建,2015,arts,合肥工业大学,581,,福建_2015_arts_sina
福建,2015,arts,河北大学,566,,福建_2015_arts_sina
福建,2015,arts,河海大学,597,,福建_2015_arts_sina
福建,2015,arts,河南大学,568,,福建_2015_arts_sina
福建,2015,arts,河南科技大学,564,,福建_2015_arts_sina
福建,2015,arts,湖北大学,569,,福建_2015_arts_sina
福建,2015,arts,湖南大学,608,,福建_2015_arts_sina
福建,2015,arts,湖南科技大学,564,,福建_2015_arts_sina
福建,2015,arts,湖南农业大学,561,,福建_2015_arts_sina
福建,2015,arts,湖南师范大学,588,,福建_2015_arts_sina
福建,2015,arts,湖南中医药大学,554,,福建_2015_arts_sina
福建,2015,arts,华北电力大学(保定),582,,福建_2015_arts_sina
福建,2015,arts,华北电力大学(北京),558,,福建_2015_arts_sina
福建,2015,arts,华东师范大学,615,,福建_2015_arts_sina
福建,2015,arts,华东政法大学,608,,福建_2015_arts_sina
福建,2015,arts,华南理工大学,606,,福建_2015_arts_sina
福建,2015,arts,华南农业大学,574,,福建_2015_arts_sina
福建,2015,arts,华南师范大学,596,,福建_2015_arts_sina
福建,2015,arts,华中科技大学,607,,福建_2015_arts_sina
福建,2015,arts,华中农业大学,583,,福建_2015_arts_sina
福建,2015,arts,华中师范大学,599,,福建_2015_arts_sina
福建,2015,arts,吉林大学,601,,福建_2015_arts_sina
福建,2015,arts,暨南大学,608,,福建_2015_arts_sina
福建,2015,arts,江南大学,595,,福建_2015_arts_sina
福建,2015,arts,江苏大学,580,,福建_2015_arts_sina
福建,2015,arts,江苏科技大学,570,,福建_2015_arts_sina
福建,2015,arts,江西财经大学,589,,福建_2015_arts_sina
福建,2015,arts,兰州大学,595,,福建_2015_arts_sina
福建,2015,arts,辽宁大学,583,,福建_2015_arts_sina
福建,2015,arts,辽宁工程技术大学,557,,福建_2015_arts_sina
福建,2015,arts,南昌大学,590,,福建_2015_arts_sina
福建,2015,arts,南方医科大学,577,,福建_2015_arts_sina
福建,2015,arts,南京财经大学,587,,福建_2015_arts_sina
福建,2015,arts,南京大学,630,,福建_2015_arts_sina
福建,2015,arts,南京工业大学,572,,福建_2015_arts_sina
福建,2015,arts,南京航空航天大学,604,,福建_2015_arts_sina
福建,2015,arts,南京理工大学,591,,福建_2015_arts_sina
福建,2015,arts,南京林业大学,571,,福建_2015_arts_sina
福建,2015,arts,南京农业大学,585,,福建_2015_arts_sina
福建,2015,arts,南京审计学院,590,,福建_2015_arts_sina
福建,2015,arts,南京信息工程大学,569,,福建_2015_arts_sina
福建,2015,arts,南京邮电大学,579,,福建_2015_arts_sina
福建,2015,arts,南开大学,619,,福建_2015_arts_sina
福建,2015,arts,宁波大学,575,,福建_2015_arts_sina
福建,2015,arts,宁波诺丁汉大学,579,,福建_2015_arts_sina
福建,2015,arts,宁夏大学,569,,福建_2015_arts_sina
福建,2015,arts,青岛大学,560,,福建_2015_arts_sina
福建,2015,arts,清华大学,650,,福建_2015_arts_sina
福建,2015,arts,山东大学,596,,福建_2015_arts_sina
福建,2015,arts,山东大学威海分校,598,,福建_2015_arts_sina
福建,2015,arts,山东科技大学,571,,福建_2015_arts_sina
福建,2015,arts,山西大学,553,,福建_2015_arts_sina
福建,2015,arts,陕西师范大学,586,,福建_2015_arts_sina
福建,2015,arts,汕头大学,588,,福建_2015_arts_sina
福建,2015,arts,上海财经大学,631,,福建_2015_arts_sina
福建,2015,arts,上海大学,607,,福建_2015_arts_sina
福建,2015,arts,上海对外经贸大学,593,,福建_2015_arts_sina
福建,2015,arts,上海海事大学,589,,福建_2015_arts_sina
福建,2015,arts,上海海洋大学,576,,福建_2015_arts_sina
福建,2015,arts,上海交通大学,641,,福建_2015_arts_sina
福建,2015,arts,上海理工大学,583,,福建_2015_arts_sina
福建,2015,arts,上海立信会计学院,608,,福建_2015_arts_sina
福建,2015,arts,上海师范大学,582,,福建_2015_arts_sina
福建,2015,arts,上海外国语大学,615,,福建_2015_arts_sina
福建,2015,arts,深圳大学,594,,福建_2015_arts_sina
福建,2015,arts,沈阳建筑大学,558,,福建_2015_arts_sina
福建,2015,arts,石河子大学,549,,福建_2015_arts_sina
福建,2015,arts,石家庄铁道大学,559,,福建_2015_arts_sina
福建,2015,arts,首都经济贸易大学,586,,福建_2015_arts_sina
福建,2015,arts,首都师范大学,581,,福建_2015_arts_sina
福建,2015,arts,四川大学,612,,福建_2015_arts_sina
福建,2015,arts,四川外国语大学,582,,福建_2015_arts_sina
福建,2015,arts,苏州大学,601,,福建_2015_arts_sina
福建,2015,arts,天津财经大学,588,,福建_2015_arts_sina
福建,2015,arts,天津大学,613,,福建_2015_arts_sina
福建,2015,arts,武汉大学,622,,福建_2015_arts_sina
福建,2015,arts,武汉科技大学,574,,福建_2015_arts_sina
福建,2015,arts,武汉理工大学,591,,福建_2015_arts_sina
福建,2015,arts,西安交通大学,609,,福建_2015_arts_sina
福建,2015,arts,西安科技大学,566,,福建_2015_arts_sina
福建,2015,arts,西安外国语大学,582,,福建_2015_arts_sina
福建,2015,arts,西安邮电大学,567,,福建_2015_arts_sina
福建,2015,arts,西北大学,588,,福建_2015_arts_sina
福建,2015,arts,西北工业大学,595,,福建_2015_arts_sina
福建,2015,arts,西北农林科技大学,590,,福建_2015_arts_sina
福建,2015,arts,西北政法大学,583,,福建_2015_arts_sina
福建,2015,arts,西交利物浦大学,565,,福建_2015_arts_sina
福建,2015,arts,西南财经大学,610,,福建_2015_arts_sina
福建,2015,arts,西南大学,591,,福建_2015_arts_sina
福建,2015,arts,西南大学(荣昌校区),549,,福建_2015_arts_sina
福建,2015,arts,西南交通大学,598,,福建_2015_arts_sina
福建,2015,arts,西南政法大学,600,,福建_2015_arts_sina
福建,2015,arts,湘潭大学,571,,福建_2015_arts_sina
福建,2015,arts,新疆大学,559,,福建_2015_arts_sina
福建,2015,arts,延边大学,569,,福建_2015_arts_sina
福建,2015,arts,扬州大学,586,,福建_2015_arts_sina
福建,2015,arts,云南大学,589,,福建_2015_arts_sina
福建,2015,arts,浙江财经大学,590,,福建_2015_arts_sina
福建,2015,arts,浙江大学,632,,福建_2015_arts_sina
福建,2015,arts,浙江工商大学,592,,福建_2015_arts_sina
福建,2015,arts,浙江工业大学,576,,福建_2015_arts_sina
福建,2015,arts,浙江理工大学,570,,福建_2015_arts_sina
福建,2015,arts,浙江师范大学,570,,福建_2015_arts_sina
福建,2015,arts,郑州大学,586,,福建_2015_arts_sina
福建,2015,arts,中北大学,558,,福建_2015_arts_sina
福建,2015,arts,中国传媒大学,614,,福建_2015_arts_sina
福建,2015,arts,中国地质大学(武汉),587,,福建_2015_arts_sina
福建,2015,arts,中国海洋大学,604,,福建_2015_arts_sina
福建,2015,arts,中国矿业大学,592,,福建_2015_arts_sina
福建,2015,arts,中国民航大学,584,,福建_2015_arts_sina
福建,2015,arts,中国农业大学,561,,福建_2015_arts_sina
福建,2015,arts,中国人民大学,635,,福建_2015_arts_sina
福建,2015,arts,中国人民大学(苏州校区),607,,福建_2015_arts_sina
福建,2015,arts,中国石油大学(北京),596,,福建_2015_arts_sina
福建,2015,arts,中国药科大学,596,,福建_2015_arts_sina
福建,2015,arts,中国政法大学,613,,福建_2015_arts_sina
福建,2015,arts,中华女子学院,556,,福建_2015_arts_sina
福建,2015,arts,中南财经政法大学,605,,福建_2015_arts_sina
福建,2015,arts,中南大学,605,,福建_2015_arts_sina
福建,2015,arts,中南林业科技大学,565,,福建_2015_arts_sina
福建,2015,arts,中山大学,621,,福建_2015_arts_sina
福建,2015,arts,中央财经大学,613,,福建_2015_arts_sina
福建,2015,arts,中央民族大学,602,,福建_2015_arts_sina
福建,2015,science,福建工程学院,536,,福建_2015_science_sina
福建,2015,science,福建农林大学,540,,福建_2015_science_sina
福建,2015,science,福建农林大学(闽台合作),525,,福建_2015_science_sina
福建,2015,science,福建农林大学(中外合作),526,,福建_2015_science_sina
福建,2015,science,福建师范大学,556,,福建_2015_science_sina
福建,2015,science,福建师范大学(闽台合作),527,,福建_2015_science_sina
福建,2015,science,福建师范大学(中外合作),525,,福建_2015_science_sina
福建,2015,science,福建医科大学,555,,福建_2015_science_sina
福建,2015,science,福建医科大学(临床医学5+3一体化),614,,福建_2015_science_sina
福建,2015,science,福建中医药大学,536,,福建_2015_science_sina
福建,2015,science,福州大学,594,,福建_2015_science_sina
福建,2015,science,福州大学(地矿专业),542,,福建_2015_science_sina
福建,2015,science,福州大学(面向泉州),571,,福建_2015_science_sina
福建,2015,science,福州大学(闽台合作),535,,福建_2015_science_sina
福建,2015,science,福州大学(中外合作),581,,福建_2015_science_sina
福建,2015,science,华侨大学,572,,福建_2015_science_sina
福建,2015,science,华侨大学(面向泉州),567,,福建_2015_science_sina
福建,2015,science,华侨大学(面向厦门),553,,福建_2015_science_sina
福建,2015,science,集美大学,554,,福建_2015_science_sina
福建,2015,science,集美大学(面向厦门),551,,福建_2015_science_sina
福建,2015,science,集美大学(闽台合作),528,,福建_2015_science_sina
福建,2015,science,闽江学院,568,,福建_2015_science_sina
福建,2015,science,闽南师范大学,530,,福建_2015_science_sina
福建,2015,science,厦门大学,630,,福建_2015_science_sina
福建,2015,science,厦门大学(护理类),580,,福建_2015_science_sina
福建,2015,science,厦门大学(面向厦门),619,,福建_2015_science_sina
福建,2015,science,厦门大学(面向漳州),589,,福建_2015_science_sina
福建,2015,science,厦门大学(医学类),610,,福建_2015_science_sina
福建,2015,science,厦门大学(中外合作办学),610,,福建_2015_science_sina
福建,2015,science,厦门理工学院,538,,福建_2015_science_sina
福建,2015,science,厦门理工学院(面向厦门),531,,福建_2015_science_sina
福建,2015,science,厦门理工学院(中外合作),525,,福建_2015_science_sina
福建,2015,science,安徽财经大学,576,,福建_2015_science_sina
福建,2015,science,安徽大学,589,,福建_2015_science_sina
福建,2015,science,安徽医科大学,577,,福建_2015_science_sina
福建,2015,science,北方工业大学,568,,福建_2015_science_sina
福建,2015,science,北京大学,683,,福建_2015_science_sina
福建,2015,science,北京大学医学部,659,,福建_2015_science_sina
福建,2015,science,北京第二外国语学院,611,,福建_2015_science_sina
福建,2015,science,北京工商大学,578,,福建_2015_science_sina
福建,2015,science,北京工业大学,592,,福建_2015_science_sina
福建,2015,science,北京航空航天大学,651,,福建_2015_science_sina
福建,2015,science,北京化工大学,591,,福建_2015_science_sina
福建,2015,science,北京建筑大学,580,,福建_2015_science_sina
福建,2015,science,北京交通大学,620,,福建_2015_science_sina
福建,2015,science,北京科技大学,614,,福建_2015_science_sina
福建,2015,science,北京理工大学,634,,福建_2015_science_sina
福建,2015,science,北京林业大学,558,,福建_2015_science_sina
福建,2015,science,北京师范大学-香港浸会大学联合国际学院,532,,福建_2015_science_sina
福建,2015,science,北京体育大学,568,,福建_2015_science_sina
福建,2015,science,北京外国语大学,632,,福建_2015_science_sina
福建,2015,science,北京信息科技大学,562,,福建_2015_science_sina
福建,2015,science,北京邮电大学,630,,福建_2015_science_sina
福建,2015,science,北京邮电大学(宏福校区),591,,福建_2015_science_sina
福建,2015,science,北京中医药大学,586,,福建_2015_science_sina
福建,2015,science,长安大学,588,,福建_2015_science_sina
福建,2015,science,长春理工大学,550,,福建_2015_science_sina
福建,2015,science,长沙理工大学,564,,福建_2015_science_sina
福建,2015,science,常州大学,549,,福建_2015_science_sina
福建,2015,science,成都理工大学,556,,福建_2015_science_sina
福建,2015,science,重庆大学,622,,福建_2015_science_sina
福建,2015,science,重庆交通大学,564,,福建_2015_science_sina
福建,2015,science,重庆医科大学,595,,福建_2015_science_sina
福建,2015,science,重庆邮电大学,572,,福建_2015_science_sina
福建,2015,science,大连海事大学,588,,福建_2015_science_sina
福建,2015,science,大连理工大学,620,,福建_2015_science_sina
福建,2015,science,大连理工大学(盘锦校区),587,,福建_2015_science_sina
福建,2015,science,大连医科大学,582,,福建_2015_science_sina
福建,2015,science,电子科技大学,628,,福建_2015_science_sina
福建,2015,science,电子科技大学(沙河校区),606,,福建_2015_science_sina
福建,2015,science,东北财经大学,603,,福建_2015_science_sina
福建,2015,science,东北大学,609,,福建_2015_science_sina
福建,2015,science,东北大学秦皇岛分校,584,,福建_2015_science_sina
福建,2015,science,东北林业大学,562,,福建_2015_science_sina
福建,2015,science,东北农业大学,559,,福建_2015_science_sina
福建,2015,science,东北师范大学,585,,福建_2015_science_sina
福建,2015,science,东北石油大学,548,,福建_2015_science_sina
福建,2015,science,东华大学,607,,福建_2015_science_sina
福建,2015,science,东南大学,639,,福建_2015_science_sina
福建,2015,science,对外经济贸易大学,645,,福建_2015_science_sina
福建,2015,science,复旦大学,676,,福建_2015_science_sina
福建,2015,science,复旦大学医学院,669,,福建_2015_science_sina
福建,2015,science,广东工业大学,573,,福建_2015_science_sina
福建,2015,science,广东外语外贸大学,604,,福建_2015_science_sina
福建,2015,science,广西大学,575,,福建_2015_science_sina
福建,2015,science,广西医科大学,571,,福建_2015_science_sina
福建,2015,science,广州大学,578,,福建_2015_science_sina
福建,2015,science,广州医科大学,573,,福建_2015_science_sina
福建,2015,science,广州中医药大学,566,,福建_2015_science_sina
福建,2015,science,贵州大学,578,,福建_2015_science_sina
福建,2015,science,哈尔滨工程大学,595,,福建_2015_science_sina
福建,2015,science,哈尔滨工业大学,627,,福建_2015_science_sina
福建,2015,science,哈尔滨工业大学(威海),613,,福建_2015_science_sina
福建,2015,science,哈尔滨商业大学,563,,福建_2015_science_sina
福建,2015,science,哈尔滨医科大学,564,,福建_2015_science_sina
福建,2015,science,海南大学,570,,福建_2015_science_sina
福建,2015,science,杭州电子科技大学,582,,福建_2015_science_sina
福建,2015,science,合肥工业大学,593,,福建_2015_science_sina
福建,2015,science,合肥工业大学(宣城校区),582,,福建_2015_science_sina
福建,2015,science,河北大学,554,,福建_2015_science_sina
福建,2015,science,河北工业大学,585,,福建_2015_science_sina
福建,2015,science,河海大学,597,,福建_2015_science_sina
福建,2015,science,河南大学,563,,福建_2015_science_sina
福建,2015,science,河南科技大学,541,,福建_2015_science_sina
福建,2015,science,湖北大学,566,,福建_2015_science_sina
福建,2015,science,湖南大学,621,,福建_2015_science_sina
福建,2015,science,湖南科技大学,552,,福建_2015_science_sina
福建,2015,science,湖南农业大学,538,,福建_2015_science_sina
福建,2015,science,湖南师范大学,586,,福建_2015_science_sina
福建,2015,science,湖南中医药大学,557,,福建_2015_science_sina
福建,2015,science,华北电力大学(保定),605,,福建_2015_science_sina
福建,2015,science,华北电力大学(北京),618,,福建_2015_science_sina
福建,2015,science,华东交通大学,569,,福建_2015_science_sina
福建,2015,science,华东理工大学,617,,福建_2015_science_sina
福建,2015,science,华东师范大学,632,,福建_2015_science_sina
福建,2015,science,华东政法大学,621,,福建_2015_science_sina
福建,2015,science,华南理工大学,632,,福建_2015_science_sina
福建,2015,science,华南农业大学,555,,福建_2015_science_sina
福建,2015,science,华中科技大学,624,,福建_2015_science_sina
福建,2015,science,华中农业大学,582,,福建_2015_science_sina
福建,2015,science,华中师范大学,602,,福建_2015_science_sina
福建,2015,science,吉林大学,608,,福建_2015_science_sina
福建,2015,science,暨南大学,618,,福建_2015_science_sina
福建,2015,science,江南大学,599,,福建_2015_science_sina
福建,2015,science,江苏大学,579,,福建_2015_science_sina
福建,2015,science,江苏科技大学,558,,福建_2015_science_sina
福建,2015,science,江西财经大学,591,,福建_2015_science_sina
福建,2015,science,江西理工大学,542,,福建_2015_science_sina
福建,2015,science,兰州大学,602,,福建_2015_science_sina
福建,2015,science,辽宁大学,570,,福建_2015_science_sina
福建,2015,science,辽宁工程技术大学,536,,福建_2015_science_sina
福建,2015,science,南昌大学,590,,福建_2015_science_sina
福建,2015,science,南昌航空大学,564,,福建_2015_science_sina
福建,2015,science,南方医科大学,560,,福建_2015_science_sina
福建,2015,science,南华大学,545,,福建_2015_science_sina
福建,2015,science,南京财经大学,593,,福建_2015_science_sina
福建,2015,science,南京大学,660,,福建_2015_science_sina
福建,2015,science,南京工业大学,577,,福建_2015_science_sina
福建,2015,science,南京航空航天大学,619,,福建_2015_science_sina
福建,2015,science,南京理工大学,615,,福建_2015_science_sina
福建,2015,science,南京林业大学,550,,福建_2015_science_sina
福建,2015,science,南京农业大学,584,,福建_2015_science_sina
福建,2015,science,南京审计学院,599,,福建_2015_science_sina
福建,2015,science,南京信息工程大学,570,,福建_2015_science_sina
福建,2015,science,南京医科大学,565,,福建_2015_science_sina
福建,2015,science,南京邮电大学,590,,福建_2015_science_sina
福建,2015,science,南开大学,640,,福建_2015_science_sina
福建,2015,science,宁波大学,570,,福建_2015_science_sina
福建,2015,science,宁波诺丁汉大学,572,,福建_2015_science_sina
福建,2015,science,宁夏大学,548,,福建_2015_science_sina
福建,2015,science,青岛大学,551,,福建_2015_science_sina
福建,2015,science,青岛科技大学,552,,福建_2015_science_sina
福建,2015,science,青岛理工大学,553,,福建_2015_science_sina
福建,2015,science,青海大学,555,,福建_2015_science_sina
福建,2015,science,清华大学,681,,福建_2015_science_sina
福建,2015,science,三峡大学,553,,福建_2015_science_sina
福建,2015,science,山东大学,620,,福建_2015_science_sina
福建,2015,science,山东大学威海分校,606,,福建_2015_science_sina
福建,2015,science,山东科技大学,560,,福建_2015_science_sina
福建,2015,science,山西大学,525,,福建_2015_science_sina
福建,2015,science,陕西科技大学,539,,福建_2015_science_sina
福建,2015,science,陕西师范大学,579,,福建_2015_science_sina
福建,2015,science,汕头大学,586,,福建_2015_science_sina
福建,2015,science,上海财经大学,658,,福建_2015_science_sina
福建,2015,science,上海大学,613,,福建_2015_science_sina
福建,2015,science,上海对外经贸大学,603,,福建_2015_science_sina
福建,2015,science,上海海事大学,580,,福建_2015_science_sina
福建,2015,science,上海海洋大学,555,,福建_2015_science_sina
福建,2015,science,上海交通大学,676,,福建_2015_science_sina
福建,2015,science,上海交通大学医学院,666,,福建_2015_science_sina
福建,2015,science,上海理工大学,587,,福建_2015_science_sina
福建,2015,science,上海立信会计学院,617,,福建_2015_science_sina
福建,2015,science,上海师范大学,561,,福建_2015_science_sina
福建,2015,science,上海外国语大学,631,,福建_2015_science_sina
福建,2015,science,上海中医药大学,582,,福建_2015_science_sina
福建,2015,science,深圳大学,602,,福建_2015_science_sina
福建,2015,science,沈阳工业大学,552,,福建_2015_science_sina
福建,2015,science,沈阳建筑大学,550,,福建_2015_science_sina
福建,2015,science,沈阳农业大学,532,,福建_2015_science_sina
福建,2015,science,沈阳药科大学,554,,福建_2015_science_sina
福建,2015,science,石河子大学,533,,福建_2015_science_sina
福建,2015,science,石家庄铁道大学,551,,福建_2015_science_sina
福建,2015,science,首都经济贸易大学,595,,福建_2015_science_sina
福建,2015,science,首都师范大学,571,,福建_2015_science_sina
福建,2015,science,首都医科大学,592,,福建_2015_science_sina
福建,2015,science,四川大学,625,,福建_2015_science_sina
福建,2015,science,四川农业大学,555,,福建_2015_science_sina
福建,2015,science,四川外国语大学,580,,福建_2015_science_sina
福建,2015,science,苏州大学,606,,福建_2015_science_sina
福建,2015,science,太原理工大学,576,,福建_2015_science_sina
福建,2015,science,天津财经大学,586,,福建_2015_science_sina
福建,2015,science,天津大学,629,,福建_2015_science_sina
福建,2015,science,天津工业大学,555,,福建_2015_science_sina
福建,2015,science,天津科技大学,546,,福建_2015_science_sina
福建,2015,science,天津医科大学,600,,福建_2015_science_sina
福建,2015,science,天津中医药大学,574,,福建_2015_science_sina
福建,2015,science,同济大学,650,,福建_2015_science_sina
福建,2015,science,温州医科大学,606,,福建_2015_science_sina
福建,2015,science,武汉大学,644,,福建_2015_science_sina
福建,2015,science,武汉工程大学,541,,福建_2015_science_sina
福建,2015,science,武汉科技大学,573,,福建_2015_science_sina
福建,2015,science,武汉理工大学,606,,福建_2015_science_sina
福建,2015,science,西安电子科技大学,610,,福建_2015_science_sina
福建,2015,science,西安建筑科技大学,542,,福建_2015_science_sina
福建,2015,science,西安交通大学,643,,福建_2015_science_sina
福建,2015,science,西安科技大学,551,,福建_2015_science_sina
福建,2015,science,西安理工大学,564,,福建_2015_science_sina
福建,2015,science,西安外国语大学,581,,福建_2015_science_sina
福建,2015,science,西安邮电大学,559,,福建_2015_science_sina
福建,2015,science,西北大学,586,,福建_2015_science_sina
福建,2015,science,西北工业大学,620,,福建_2015_science_sina
福建,2015,science,西北农林科技大学,582,,福建_2015_science_sina
福建,2015,science,西北政法大学,585,,福建_2015_science_sina
福建,2015,science,西交利物浦大学,554,,福建_2015_science_sina
福建,2015,science,西南财经大学,633,,福建_2015_science_sina
福建,2015,science,西南大学,594,,福建_2015_science_sina
福建,2015,science,西南大学(荣昌校区),525,,福建_2015_science_sina
福建,2015,science,西南交通大学,610,,福建_2015_science_sina
福建,2015,science,西南政法大学,603,,福建_2015_science_sina
福建,2015,science,湘潭大学,569,,福建_2015_science_sina
福建,2015,science,新疆大学,525,,福建_2015_science_sina
福建,2015,science,新疆医科大学,596,,福建_2015_science_sina
福建,2015,science,延边大学,534,,福建_2015_science_sina
福建,2015,science,燕山大学,576,,福建_2015_science_sina
福建,2015,science,扬州大学,574,,福建_2015_science_sina
福建,2015,science,云南大学,581,,福建_2015_science_sina
福建,2015,science,浙江财经大学,574,,福建_2015_science_sina
福建,2015,science,浙江大学,664,,福建_2015_science_sina
福建,2015,science,浙江大学医学院,657,,福建_2015_science_sina
福建,2015,science,浙江工商大学,586,,福建_2015_science_sina
福建,2015,science,浙江工业大学,582,,福建_2015_science_sina
福建,2015,science,浙江海洋学院,536,,福建_2015_science_sina
福建,2015,science,浙江理工大学,573,,福建_2015_science_sina
福建,2015,science,浙江师范大学,565,,福建_2015_science_sina
福建,2015,science,郑州大学,587,,福建_2015_science_sina
福建,2015,science,中北大学,525,,福建_2015_science_sina
福建,2015,science,中国传媒大学,620,,福建_2015_science_sina
福建,2015,science,中国地质大学(北京),586,,福建_2015_science_sina
福建,2015,science,中国地质大学(武汉),587,,福建_2015_science_sina
福建,2015,science,中国海洋大学,610,,福建_2015_science_sina
福建,2015,science,中国科学技术大学,663,,福建_2015_science_sina
福建,2015,science,中国矿业大学,590,,福建_2015_science_sina
福建,2015,science,中国矿业大学(北京),588,,福建_2015_science_sina
福建,2015,science,中国民航大学,569,,福建_2015_science_sina
福建,2015,science,中国农业大学,618,,福建_2015_science_sina
福建,2015,science,中国人民大学,662,,福建_2015_science_sina
福建,2015,science,中国人民大学(苏州校区),631,,福建_2015_science_sina
福建,2015,science,中国石油大学(北京),581,,福建_2015_science_sina
福建,2015,science,中国石油大学(华东),584,,福建_2015_science_sina
福建,2015,science,中国药科大学,598,,福建_2015_science_sina
福建,2015,science,中国医科大学,586,,福建_2015_science_sina
福建,2015,science,中国政法大学,631,,福建_2015_science_sina
福建,2015,science,中南财经政法大学,615,,福建_2015_science_sina
福建,2015,science,中南大学,624,,福建_2015_science_sina
福建,2015,science,中南林业科技大学,547,,福建_2015_science_sina
福建,2015,science,中山大学,639,,福建_2015_science_sina
福建,2015,science,中央财经大学,645,,福建_2015_science_sina
福建,2015,science,中央民族大学,610,,福建_2015_science_sina
贵州,2015,arts,安徽财经大学,570,2982,贵州_2015_arts_sina
贵州,2015,arts,安徽大学,587,1850,贵州_2015_arts_sina
贵州,2015,arts,安徽农业大学,546,5489,贵州_2015_arts_sina
贵州,2015,arts,北方工业大学,547,5264,贵州_2015_arts_sina
贵州,2015,arts,北京大学,678,19,贵州_2015_arts_sina
贵州,2015,arts,北京第二外国语学院,617,715,贵州_2015_arts_sina
贵州,2015,arts,北京工商大学,588,1784,贵州_2015_arts_sina
贵州,2015,arts,北京化工大学,568,3126,贵州_2015_arts_sina
贵州,2015,arts,北京建筑大学,575,2593,贵州_2015_arts_sina
贵州,2015,arts,北京理工大学,622,577,贵州_2015_arts_sina
贵州,2015,arts,北京联合大学,559,3951,贵州_2015_arts_sina
贵州,2015,arts,北京林业大学,596,1380,贵州_2015_arts_sina
贵州,2015,arts,北京师范大学,631,421,贵州_2015_arts_sina
贵州,2015,arts,北师大-香港浸会学院,543,5840,贵州_2015_arts_sina
贵州,2015,arts,北京体育大学,566,3284,贵州_2015_arts_sina
贵州,2015,arts,北京物资学院,572,2841,贵州_2015_arts_sina
贵州,2015,arts,北京印刷学院,552,4666,贵州_2015_arts_sina
贵州,2015,arts,北京语言大学,607,970,贵州_2015_arts_sina
贵州,2015,arts,长安大学,567,3235,贵州_2015_arts_sina
贵州,2015,arts,长春理工大学,543,5847,贵州_2015_arts_sina
贵州,2015,arts,长沙理工大学,556,4304,贵州_2015_arts_sina
贵州,2015,arts,常州大学,548,5198,贵州_2015_arts_sina
贵州,2015,arts,成都理工大学,551,4855,贵州_2015_arts_sina
贵州,2015,arts,重庆大学,613,827,贵州_2015_arts_sina
贵州,2015,arts,重庆工商大学,585,1947,贵州_2015_arts_sina
贵州,2015,arts,重庆交通大学,561,3761,贵州_2015_arts_sina
贵州,2015,arts,重庆理工大学,560,3857,贵州_2015_arts_sina
贵州,2015,arts,重庆师范大学,560,3900,贵州_2015_arts_sina
贵州,2015,arts,重庆邮电大学,558,4053,贵州_2015_arts_sina
贵州,2015,arts,大连大学,555,4412,贵州_2015_arts_sina
贵州,2015,arts,大连海事大学,581,2196,贵州_2015_arts_sina
贵州,2015,arts,大连民族大学,548,5243,贵州_2015_arts_sina
贵州,2015,arts,东北财经大学,604,1080,贵州_2015_arts_sina
贵州,2015,arts,东北林业大学,554,4479,贵州_2015_arts_sina
贵州,2015,arts,东北农业大学,546,5474,贵州_2015_arts_sina
贵州,2015,arts,东南大学,621,596,贵州_2015_arts_sina
贵州,2015,arts,对外经济贸易大学,642,253,贵州_2015_arts_sina
贵州,2015,arts,福建农林大学,550,4993,贵州_2015_arts_sina
贵州,2015,arts,福建师范大学,543,5881,贵州_2015_arts_sina
贵州,2015,arts,福州大学,588,1766,贵州_2015_arts_sina
贵州,2015,arts,复旦大学,675,28,贵州_2015_arts_sina
贵州,2015,arts,广东外语外贸大学,604,1061,贵州_2015_arts_sina
贵州,2015,arts,广西大学,555,4365,贵州_2015_arts_sina
贵州,2015,arts,广州大学,577,2471,贵州_2015_arts_sina
贵州,2015,arts,广州医科大学,545,5521,贵州_2015_arts_sina
贵州,2015,arts,广州中医药大学,579,2361,贵州_2015_arts_sina
贵州,2015,arts,贵州大学,547,5348,贵州_2015_arts_sina
贵州,2015,arts,哈尔滨商业大学,557,4178,贵州_2015_arts_sina
贵州,2015,arts,哈尔滨医科大学,551,4835,贵州_2015_arts_sina
贵州,2015,arts,海南大学,557,4149,贵州_2015_arts_sina
贵州,2015,arts,杭州电子科技大学,572,2809,贵州_2015_arts_sina
贵州,2015,arts,河北大学,558,4073,贵州_2015_arts_sina
贵州,2015,arts,河海大学,595,1441,贵州_2015_arts_sina
贵州,2015,arts,河南大学,555,4434,贵州_2015_arts_sina
贵州,2015,arts,河南工业大学,550,4971,贵州_2015_arts_sina
贵州,2015,arts,黑龙江大学,547,5301,贵州_2015_arts_sina
贵州,2015,arts,黑龙江中医药大学,557,4167,贵州_2015_arts_sina
贵州,2015,arts,湖北大学,550,4972,贵州_2015_arts_sina
贵州,2015,arts,湖南大学,620,630,贵州_2015_arts_sina
贵州,2015,arts,湖南科技大学,551,4810,贵州_2015_arts_sina
贵州,2015,arts,湖南农业大学,548,5183,贵州_2015_arts_sina
贵州,2015,arts,湖南师范大学,578,2407,贵州_2015_arts_sina
贵州,2015,arts,湖南中医药大学,567,3268,贵州_2015_arts_sina
贵州,2015,arts,华北电力大学(保定),564,3463,贵州_2015_arts_sina
贵州,2015,arts,华北电力大学(北京),591,1613,贵州_2015_arts_sina
贵州,2015,arts,华东交通大学,561,3752,贵州_2015_arts_sina
贵州,2015,arts,华东师范大学,624,546,贵州_2015_arts_sina
贵州,2015,arts,华东政法大学,602,1153,贵州_2015_arts_sina
贵州,2015,arts,华南理工大学,614,786,贵州_2015_arts_sina
贵州,2015,arts,华南农业大学,556,4245,贵州_2015_arts_sina
贵州,2015,arts,华南师范大学,583,2084,贵州_2015_arts_sina
贵州,2015,arts,华侨大学,565,3441,贵州_2015_arts_sina
贵州,2015,arts,华中农业大学,570,2980,贵州_2015_arts_sina
贵州,2015,arts,吉林大学,601,1178,贵州_2015_arts_sina
贵州,2015,arts,集美大学,579,2355,贵州_2015_arts_sina
贵州,2015,arts,济南大学,553,4643,贵州_2015_arts_sina
贵州,2015,arts,暨南大学,620,612,贵州_2015_arts_sina
贵州,2015,arts,江南大学,585,1979,贵州_2015_arts_sina
贵州,2015,arts,江苏大学,574,2689,贵州_2015_arts_sina
贵州,2015,arts,江苏科技大学,554,4463,贵州_2015_arts_sina
贵州,2015,arts,江西财经大学,601,1182,贵州_2015_arts_sina
贵州,2015,arts,兰州大学,593,1524,贵州_2015_arts_sina
贵州,2015,arts,辽宁大学,563,3601,贵州_2015_arts_sina
贵州,2015,arts,辽宁工程技术大学,543,5889,贵州_2015_arts_sina
贵州,2015,arts,内蒙古大学,543,5813,贵州_2015_arts_sina
贵州,2015,arts,南昌大学,574,2669,贵州_2015_arts_sina
贵州,2015,arts,南方医科大学,574,2708,贵州_2015_arts_sina
贵州,2015,arts,南华大学,554,4532,贵州_2015_arts_sina
贵州,2015,arts,南京财经大学,583,2075,贵州_2015_arts_sina
贵州,2015,arts,南京大学,660,101,贵州_2015_arts_sina
贵州,2015,arts,南京工业大学,556,4316,贵州_2015_arts_sina
贵州,2015,arts,南京林业大学,554,4496,贵州_2015_arts_sina
贵州,2015,arts,南京审计学院,593,1529,贵州_2015_arts_sina
贵州,2015,arts,南京师范大学,583,2093,贵州_2015_arts_sina
贵州,2015,arts,南京信息工程大学,543,5811,贵州_2015_arts_sina
贵州,2015,arts,南京邮电大学,562,3656,贵州_2015_arts_sina
贵州,2015,arts,南开大学,637,309,贵州_2015_arts_sina
贵州,2015,arts,宁波大学,562,3718,贵州_2015_arts_sina
贵州,2015,arts,宁波诺丁汉大学,577,2497,贵州_2015_arts_sina
贵州,2015,arts,宁夏大学,546,5437,贵州_2015_arts_sina
贵州,2015,arts,青岛大学,565,3439,贵州_2015_arts_sina
贵州,2015,arts,青岛科技大学,544,5692,贵州_2015_arts_sina
贵州,2015,arts,青岛理工大学,547,5262,贵州_2015_arts_sina
贵州,2015,arts,清华大学,697,,贵州_2015_arts_sina
贵州,2015,arts,三峡大学,547,5288,贵州_2015_arts_sina
贵州,2015,arts,山东大学,619,636,贵州_2015_arts_sina
贵州,2015,arts,山东大学威海分校,589,1719,贵州_2015_arts_sina
贵州,2015,arts,山东科技大学,566,3360,贵州_2015_arts_sina
贵州,2015,arts,山西财经大学,577,2473,贵州_2015_arts_sina
贵州,2015,arts,陕西师范大学,575,2583,贵州_2015_arts_sina
贵州,2015,arts,上海财经大学,653,149,贵州_2015_arts_sina
贵州,2015,arts,上海大学,603,1109,贵州_2015_arts_sina
贵州,2015,arts,上海对外经贸大学,594,1484,贵州_2015_arts_sina
贵州,2015,arts,上海海事大学,572,2859,贵州_2015_arts_sina
贵州,2015,arts,上海海洋大学,557,4147,贵州_2015_arts_sina
贵州,2015,arts,上海交通大学,683,17,贵州_2015_arts_sina
贵州,2015,arts,上海金融学院,589,1717,贵州_2015_arts_sina
贵州,2015,arts,上海立信会计学院,590,1652,贵州_2015_arts_sina
贵州,2015,arts,上海师范大学,565,3406,贵州_2015_arts_sina
贵州,2015,arts,上海外国语大学,624,552,贵州_2015_arts_sina
贵州,2015,arts,上海政法学院,575,2620,贵州_2015_arts_sina
贵州,2015,arts,深圳大学,598,1315,贵州_2015_arts_sina
贵州,2015,arts,石河子大学,544,5760,贵州_2015_arts_sina
贵州,2015,arts,首都经济贸易大学,593,1533,贵州_2015_arts_sina
贵州,2015,arts,四川大学,626,509,贵州_2015_arts_sina
贵州,2015,arts,四川师范大学,562,3717,贵州_2015_arts_sina
贵州,2015,arts,四川外国语大学,585,1931,贵州_2015_arts_sina
贵州,2015,arts,苏州大学,605,1053,贵州_2015_arts_sina
贵州,2015,arts,天津财经大学,593,1541,贵州_2015_arts_sina
贵州,2015,arts,天津工业大学,545,5540,贵州_2015_arts_sina
贵州,2015,arts,天津商业大学,567,3271,贵州_2015_arts_sina
贵州,2015,arts,天津外国语大学,562,3664,贵州_2015_arts_sina
贵州,2015,arts,同济大学,634,369,贵州_2015_arts_sina
贵州,2015,arts,武汉大学,642,262,贵州_2015_arts_sina
贵州,2015,arts,武汉科技大学,552,4749,贵州_2015_arts_sina
贵州,2015,arts,武汉理工大学,582,2121,贵州_2015_arts_sina
贵州,2015,arts,西安交通大学,606,1021,贵州_2015_arts_sina
贵州,2015,arts,西安外国语大学,578,2416,贵州_2015_arts_sina
贵州,2015,arts,西安邮电大学,551,4775,贵州_2015_arts_sina
贵州,2015,arts,西北大学,582,2146,贵州_2015_arts_sina
贵州,2015,arts,西北工业大学,589,1705,贵州_2015_arts_sina
贵州,2015,arts,西北农林科技大学,579,2326,贵州_2015_arts_sina
贵州,2015,arts,西北政法大学,586,1889,贵州_2015_arts_sina
贵州,2015,arts,西华大学,550,4899,贵州_2015_arts_sina
贵州,2015,arts,西交利物浦大学,543,5773,贵州_2015_arts_sina
贵州,2015,arts,西南财经大学,629,469,贵州_2015_arts_sina
贵州,2015,arts,西南大学,598,1291,贵州_2015_arts_sina
贵州,2015,arts,西南大学(荣昌校区),543,5835,贵州_2015_arts_sina
贵州,2015,arts,西南交通大学,590,1668,贵州_2015_arts_sina
贵州,2015,arts,西南科技大学,551,4781,贵州_2015_arts_sina
贵州,2015,arts,西南民族大学,561,3796,贵州_2015_arts_sina
贵州,2015,arts,西南政法大学,610,903,贵州_2015_arts_sina
贵州,2015,arts,厦门大学,647,210,贵州_2015_arts_sina
贵州,2015,arts,湘潭大学,564,3510,贵州_2015_arts_sina
贵州,2015,arts,烟台大学,558,4065,贵州_2015_arts_sina
贵州,2015,arts,延边大学,544,5691,贵州_2015_arts_sina
贵州,2015,arts,扬州大学,568,3115,贵州_2015_arts_sina
贵州,2015,arts,云南大学,572,2822,贵州_2015_arts_sina
贵州,2015,arts,浙江财经大学,583,2113,贵州_2015_arts_sina
贵州,2015,arts,浙江大学,645,234,贵州_2015_arts_sina
贵州,2015,arts,浙江师范大学,567,3197,贵州_2015_arts_sina
贵州,2015,arts,郑州大学,579,2334,贵州_2015_arts_sina
贵州,2015,arts,中北大学,549,5109,贵州_2015_arts_sina
贵州,2015,arts,中国传媒大学,630,457,贵州_2015_arts_sina
贵州,2015,arts,中国地质大学(武汉),578,2425,贵州_2015_arts_sina
贵州,2015,arts,中国海洋大学,598,1300,贵州_2015_arts_sina
贵州,2015,arts,中国计量学院,553,4623,贵州_2015_arts_sina
贵州,2015,arts,中国矿业大学,577,2458,贵州_2015_arts_sina
贵州,2015,arts,中国民航大学,563,3589,贵州_2015_arts_sina
贵州,2015,arts,中国人民大学,664,73,贵州_2015_arts_sina
贵州,2015,arts,中国药科大学,567,3256,贵州_2015_arts_sina
贵州,2015,arts,中国政法大学,636,327,贵州_2015_arts_sina
贵州,2015,arts,中华女子学院,554,4446,贵州_2015_arts_sina
贵州,2015,arts,中南财经政法大学,628,477,贵州_2015_arts_sina
贵州,2015,arts,中南大学,608,944,贵州_2015_arts_sina
贵州,2015,arts,中南林业科技大学,551,4864,贵州_2015_arts_sina
贵州,2015,arts,中山大学,642,259,贵州_2015_arts_sina
贵州,2015,arts,中央财经大学,636,333,贵州_2015_arts_sina
贵州,2015,arts,中央民族大学,613,815,贵州_2015_arts_sina
贵州,2015,science,安徽财经大学,520,9353,贵州_2015_science_sina
贵州,2015,science,安徽大学,512,10702,贵州_2015_science_sina
贵州,2015,science,安徽工业大学,460,24394,贵州_2015_science_sina
贵州,2015,science,安徽理工大学,477,19225,贵州_2015_science_sina
贵州,2015,science,安徽农业大学,459,24945,贵州_2015_science_sina
贵州,2015,science,北方工业大学,482,17782,贵州_2015_science_sina
贵州,2015,science,北京大学,674,37,贵州_2015_science_sina
贵州,2015,science,北京大学医学部,644,210,贵州_2015_science_sina
贵州,2015,science,北京第二外国语学院,548,5280,贵州_2015_science_sina
贵州,2015,science,北京工商大学,487,16377,贵州_2015_science_sina
贵州,2015,science,北京工业大学,523,8667,贵州_2015_science_sina
贵州,2015,science,北京航空航天大学,599,1306,贵州_2015_science_sina
贵州,2015,science,北京化工大学,516,10013,贵州_2015_science_sina
贵州,2015,science,北京建筑大学,506,12053,贵州_2015_science_sina
贵州,2015,science,北京交通大学,549,5105,贵州_2015_science_sina
贵州,2015,science,北京科技大学,541,6113,贵州_2015_science_sina
贵州,2015,science,北京理工大学,579,2422,贵州_2015_science_sina
贵州,2015,science,北京联合大学,503,12762,贵州_2015_science_sina
贵州,2015,science,北京林业大学,511,11051,贵州_2015_science_sina
贵州,2015,science,北京农学院,455,26128,贵州_2015_science_sina
贵州,2015,science,北京师范大学,591,1704,贵州_2015_science_sina
贵州,2015,science,北师大-香港浸会学院,454,26788,贵州_2015_science_sina
贵州,2015,science,北京体育大学,469,21514,贵州_2015_science_sina
贵州,2015,science,北京外国语大学,594,1537,贵州_2015_science_sina
贵州,2015,science,北京物资学院,511,10869,贵州_2015_science_sina
贵州,2015,science,北京信息科技大学,487,16488,贵州_2015_science_sina
贵州,2015,science,北京印刷学院,455,26279,贵州_2015_science_sina
贵州,2015,science,北京邮电大学,577,2547,贵州_2015_science_sina
贵州,2015,science,北京邮电大学(宏福校区),519,9455,贵州_2015_science_sina
贵州,2015,science,北京语言大学,523,8657,贵州_2015_science_sina
贵州,2015,science,北京中医药大学,534,7072,贵州_2015_science_sina
贵州,2015,science,长安大学,506,11989,贵州_2015_science_sina
贵州,2015,science,长春理工大学,472,20638,贵州_2015_science_sina
贵州,2015,science,长沙理工大学,483,17639,贵州_2015_science_sina
贵州,2015,science,常州大学,457,25438,贵州_2015_science_sina
贵州,2015,science,成都理工大学,494,14665,贵州_2015_science_sina
贵州,2015,science,重庆大学,566,3432,贵州_2015_science_sina
贵州,2015,science,重庆工商大学,522,8985,贵州_2015_science_sina
贵州,2015,science,重庆交通大学,483,17475,贵州_2015_science_sina
贵州,2015,science,重庆理工大学,495,14377,贵州_2015_science_sina
贵州,2015,science,重庆师范大学,490,15704,贵州_2015_science_sina
贵州,2015,science,重庆医科大学,573,2905,贵州_2015_science_sina
贵州,2015,science,重庆邮电大学,506,11927,贵州_2015_science_sina
贵州,2015,science,大连大学,490,15743,贵州_2015_science_sina
贵州,2015,science,大连海事大学,514,10305,贵州_2015_science_sina
贵州,2015,science,大连海事大学(定向),484,17144,贵州_2015_science_sina
贵州,2015,science,大连交通大学,474,20076,贵州_2015_science_sina
贵州,2015,science,大连理工大学,567,3403,贵州_2015_science_sina
贵州,2015,science,大连理工大学(盘锦校区),506,12036,贵州_2015_science_sina
贵州,2015,science,大连民族大学,462,23821,贵州_2015_science_sina
贵州,2015,science,大连医科大学,532,7316,贵州_2015_science_sina
贵州,2015,science,电子科技大学,562,3754,贵州_2015_science_sina
贵州,2015,science,东北财经大学,567,3334,贵州_2015_science_sina
贵州,2015,science,东北大学,539,6396,贵州_2015_science_sina
贵州,2015,science,东北大学秦皇岛分校,489,15891,贵州_2015_science_sina
贵州,2015,science,东北电力大学,478,18830,贵州_2015_science_sina
贵州,2015,science,东北林业大学,458,25048,贵州_2015_science_sina
贵州,2015,science,东北农业大学,453,27133,贵州_2015_science_sina
贵州,2015,science,东北石油大学,453,27192,贵州_2015_science_sina
贵州,2015,science,东华大学,526,8279,贵州_2015_science_sina
贵州,2015,science,东华理工大学,454,26498,贵州_2015_science_sina
贵州,2015,science,东南大学,592,1628,贵州_2015_science_sina
贵州,2015,science,东莞理工学院,454,26836,贵州_2015_science_sina
贵州,2015,science,对外经济贸易大学,611,878,贵州_2015_science_sina
贵州,2015,science,福建农林大学,457,25471,贵州_2015_science_sina
贵州,2015,science,福建师范大学,453,27162,贵州_2015_science_sina
贵州,2015,science,福州大学,515,10145,贵州_2015_science_sina
贵州,2015,science,复旦大学,668,52,贵州_2015_science_sina
贵州,2015,science,复旦大学医学院,659,96,贵州_2015_science_sina
贵州,2015,science,广东工业大学,477,19121,贵州_2015_science_sina
贵州,2015,science,广东外语外贸大学,541,6136,贵州_2015_science_sina
贵州,2015,science,广西大学,492,15313,贵州_2015_science_sina
贵州,2015,science,广西医科大学,558,4127,贵州_2015_science_sina
贵州,2015,science,广州大学,498,13919,贵州_2015_science_sina
贵州,2015,science,广州医科大学,546,5531,贵州_2015_science_sina
贵州,2015,science,广州中医药大学,508,11481,贵州_2015_science_sina
贵州,2015,science,贵州大学,458,25293,贵州_2015_science_sina
贵州,2015,science,贵州师范大学,460,24448,贵州_2015_science_sina
贵州,2015,science,贵州医科大学,518,9711,贵州_2015_science_sina
贵州,2015,science,哈尔滨工程大学,505,12224,贵州_2015_science_sina
贵州,2015,science,哈尔滨工业大学,583,2194,贵州_2015_science_sina
贵州,2015,science,哈尔滨工业大学(威海),537,6605,贵州_2015_science_sina
贵州,2015,science,哈尔滨理工大学,463,23625,贵州_2015_science_sina
贵州,2015,science,哈尔滨商业大学,497,14116,贵州_2015_science_sina
贵州,2015,science,哈尔滨医科大学,542,6004,贵州_2015_science_sina
贵州,2015,science,海南大学,479,18694,贵州_2015_science_sina
贵州,2015,science,杭州电子科技大学,493,14947,贵州_2015_science_sina
贵州,2015,science,合肥工业大学,518,9682,贵州_2015_science_sina
贵州,2015,science,合肥工业大学(宣城校区),481,18161,贵州_2015_science_sina
贵州,2015,science,河北大学,495,14452,贵州_2015_science_sina
贵州,2015,science,河北工业大学,508,11596,贵州_2015_science_sina
贵州,2015,science,河海大学,541,6182,贵州_2015_science_sina
贵州,2015,science,河南大学,489,16026,贵州_2015_science_sina
贵州,2015,science,河南工业大学,473,20362,贵州_2015_science_sina
贵州,2015,science,黑龙江大学,458,25093,贵州_2015_science_sina
贵州,2015,science,黑龙江中医药大学,468,22024,贵州_2015_science_sina
贵州,2015,science,湖北大学,477,19320,贵州_2015_science_sina
贵州,2015,science,湖北工业大学,453,27174,贵州_2015_science_sina
贵州,2015,science,湖南大学,569,3222,贵州_2015_science_sina
贵州,2015,science,湖南科技大学,471,20907,贵州_2015_science_sina
贵州,2015,science,湖南农业大学,460,24631,贵州_2015_science_sina
贵州,2015,science,湖南师范大学,518,9588,贵州_2015_science_sina
贵州,2015,science,湖南中医药大学,509,11438,贵州_2015_science_sina
贵州,2015,science,华北电力大学(保定),523,8694,贵州_2015_science_sina
贵州,2015,science,华北电力大学(北京),539,6364,贵州_2015_science_sina
贵州,2015,science,华东交通大学,498,13882,贵州_2015_science_sina
贵州,2015,science,华东理工大学,561,3848,贵州_2015_science_sina
贵州,2015,science,华东师范大学,577,2537,贵州_2015_science_sina
贵州,2015,science,华东政法大学,537,6576,贵州_2015_science_sina
贵州,2015,science,华南理工大学,579,2413,贵州_2015_science_sina
贵州,2015,science,华南农业大学,465,23039,贵州_2015_science_sina
贵州,2015,science,华南师范大学,516,10050,贵州_2015_science_sina
贵州,2015,science,华侨大学,495,14461,贵州_2015_science_sina
贵州,2015,science,华中科技大学,590,1756,贵州_2015_science_sina
贵州,2015,science,华中农业大学,495,14403,贵州_2015_science_sina
贵州,2015,science,吉林大学,555,4452,贵州_2015_science_sina
贵州,2015,science,集美大学,510,11212,贵州_2015_science_sina
贵州,2015,science,济南大学,510,11175,贵州_2015_science_sina
贵州,2015,science,暨南大学,563,3726,贵州_2015_science_sina
贵州,2015,science,江南大学,520,9326,贵州_2015_science_sina
贵州,2015,science,江苏大学,495,14431,贵州_2015_science_sina
贵州,2015,science,江苏科技大学,465,22930,贵州_2015_science_sina
贵州,2015,science,江西财经大学,543,5868,贵州_2015_science_sina
贵州,2015,science,江西理工大学,456,26007,贵州_2015_science_sina
贵州,2015,science,井冈山大学,458,25254,贵州_2015_science_sina
贵州,2015,science,昆明理工大学,480,18356,贵州_2015_science_sina
贵州,2015,science,兰州大学,543,5917,贵州_2015_science_sina
贵州,2015,science,辽宁大学,501,13083,贵州_2015_science_sina
贵州,2015,science,辽宁工程技术大学,453,27201,贵州_2015_science_sina
贵州,2015,science,辽宁科技大学,454,26713,贵州_2015_science_sina
贵州,2015,science,辽宁石油化工大学,454,26777,贵州_2015_science_sina
贵州,2015,science,内蒙古大学,454,26724,贵州_2015_science_sina
贵州,2015,science,南昌大学,522,8943,贵州_2015_science_sina
贵州,2015,science,南昌航空大学,462,24016,贵州_2015_science_sina
贵州,2015,science,南方医科大学,562,3813,贵州_2015_science_sina
贵州,2015,science,南华大学,477,19220,贵州_2015_science_sina
贵州,2015,science,南京财经大学,488,16209,贵州_2015_science_sina
贵州,2015,science,南京大学,628,439,贵州_2015_science_sina
贵州,2015,science,南京工业大学,480,18463,贵州_2015_science_sina
贵州,2015,science,南京航空航天大学,540,6247,贵州_2015_science_sina
贵州,2015,science,南京理工大学,544,5692,贵州_2015_science_sina
贵州,2015,science,南京林业大学,462,24025,贵州_2015_science_sina
贵州,2015,science,南京农业大学,499,13643,贵州_2015_science_sina
贵州,2015,science,南京审计学院,539,6425,贵州_2015_science_sina
贵州,2015,science,南京师范大学,512,10769,贵州_2015_science_sina
贵州,2015,science,南京信息工程大学,467,22276,贵州_2015_science_sina
贵州,2015,science,南京邮电大学,501,13119,贵州_2015_science_sina
贵州,2015,science,南开大学,597,1388,贵州_2015_science_sina
贵州,2015,science,宁波大学,487,16375,贵州_2015_science_sina
贵州,2015,science,宁波诺丁汉大学,470,21390,贵州_2015_science_sina
贵州,2015,science,宁夏大学,467,22083,贵州_2015_science_sina
贵州,2015,science,宁夏医科大学,507,11735,贵州_2015_science_sina
贵州,2015,science,青岛大学,478,18791,贵州_2015_science_sina
贵州,2015,science,青岛科技大学,457,25649,贵州_2015_science_sina
贵州,2015,science,青岛理工大学,466,22467,贵州_2015_science_sina
贵州,2015,science,青海大学,460,24471,贵州_2015_science_sina
贵州,2015,science,清华大学,671,46,贵州_2015_science_sina
贵州,2015,science,三峡大学,462,23911,贵州_2015_science_sina
贵州,2015,science,山东大学,558,4225,贵州_2015_science_sina
贵州,2015,science,山东大学威海分校,520,9358,贵州_2015_science_sina
贵州,2015,science,山东科技大学,477,19145,贵州_2015_science_sina
贵州,2015,science,山西财经大学,516,10023,贵州_2015_science_sina
贵州,2015,science,山西医科大学,567,3369,贵州_2015_science_sina
贵州,2015,science,陕西科技大学,462,23877,贵州_2015_science_sina
贵州,2015,science,陕西师范大学,501,13021,贵州_2015_science_sina
贵州,2015,science,上海财经大学,625,507,贵州_2015_science_sina
贵州,2015,science,上海大学,530,7670,贵州_2015_science_sina
贵州,2015,science,上海电机学院,455,26289,贵州_2015_science_sina
贵州,2015,science,上海对外经贸大学,540,6200,贵州_2015_science_sina
贵州,2015,science,上海工程技术大学,468,21836,贵州_2015_science_sina
贵州,2015,science,上海海事大学,489,15913,贵州_2015_science_sina
贵州,2015,science,上海海洋大学,469,21594,贵州_2015_science_sina
贵州,2015,science,上海交通大学,661,89,贵州_2015_science_sina
贵州,2015,science,上海交通大学医学院,642,229,贵州_2015_science_sina
贵州,2015,science,上海金融学院,529,7832,贵州_2015_science_sina
贵州,2015,science,上海理工大学,503,12587,贵州_2015_science_sina
贵州,2015,science,上海立信会计学院,528,7916,贵州_2015_science_sina
贵州,2015,science,上海师范大学,486,16619,贵州_2015_science_sina
贵州,2015,science,上海外国语大学,578,2478,贵州_2015_science_sina
贵州,2015,science,上海政法学院,496,14173,贵州_2015_science_sina
贵州,2015,science,上海中医药大学,498,13883,贵州_2015_science_sina
贵州,2015,science,深圳大学,536,6781,贵州_2015_science_sina
贵州,2015,science,沈阳工业大学,453,26997,贵州_2015_science_sina
贵州,2015,science,沈阳建筑大学,454,26624,贵州_2015_science_sina
贵州,2015,science,沈阳农业大学,453,27214,贵州_2015_science_sina
贵州,2015,science,沈阳药科大学,472,20759,贵州_2015_science_sina
贵州,2015,science,石河子大学,453,27202,贵州_2015_science_sina
贵州,2015,science,石家庄铁道大学,458,25366,贵州_2015_science_sina
贵州,2015,science,首都经济贸易大学,545,5612,贵州_2015_science_sina
贵州,2015,science,首都医科大学,578,2504,贵州_2015_science_sina
贵州,2015,science,四川大学,573,2917,贵州_2015_science_sina
贵州,2015,science,四川农业大学,476,19564,贵州_2015_science_sina
贵州,2015,science,四川师范大学,490,15758,贵州_2015_science_sina
贵州,2015,science,四川外国语大学,516,9888,贵州_2015_science_sina
贵州,2015,science,苏州大学,533,7171,贵州_2015_science_sina
贵州,2015,science,太原理工大学,501,13218,贵州_2015_science_sina
贵州,2015,science,天津财经大学,514,10397,贵州_2015_science_sina
贵州,2015,science,天津大学,586,1995,贵州_2015_science_sina
贵州,2015,science,天津工业大学,463,23550,贵州_2015_science_sina
贵州,2015,science,天津理工大学,471,21085,贵州_2015_science_sina
贵州,2015,science,天津商业大学,492,15159,贵州_2015_science_sina
贵州,2015,science,天津外国语大学,505,12291,贵州_2015_science_sina
贵州,2015,science,天津医科大学,554,4635,贵州_2015_science_sina
贵州,2015,science,天津中医药大学,503,12770,贵州_2015_science_sina
贵州,2015,science,同济大学,615,778,贵州_2015_science_sina
贵州,2015,science,温州医科大学,536,6800,贵州_2015_science_sina
贵州,2015,science,武汉大学,601,1243,贵州_2015_science_sina
贵州,2015,science,武汉工程大学,457,25437,贵州_2015_science_sina
贵州,2015,science,武汉科技大学,482,17728,贵州_2015_science_sina
贵州,2015,science,武汉理工大学,535,6957,贵州_2015_science_sina
贵州,2015,science,西安电子科技大学,533,7211,贵州_2015_science_sina
贵州,2015,science,西安工业大学,468,22075,贵州_2015_science_sina
贵州,2015,science,西安建筑科技大学,487,16515,贵州_2015_science_sina
贵州,2015,science,西安交通大学,612,850,贵州_2015_science_sina
贵州,2015,science,西安科技大学,486,16669,贵州_2015_science_sina
贵州,2015,science,西安理工大学,492,15335,贵州_2015_science_sina
贵州,2015,science,西安外国语大学,509,11254,贵州_2015_science_sina
贵州,2015,science,西安邮电大学,487,16354,贵州_2015_science_sina
贵州,2015,science,西北大学,509,11367,贵州_2015_science_sina
贵州,2015,science,西北工业大学,554,4623,贵州_2015_science_sina
贵州,2015,science,西北农林科技大学,511,10970,贵州_2015_science_sina
贵州,2015,science,西北政法大学,525,8494,贵州_2015_science_sina
贵州,2015,science,西华大学,460,24450,贵州_2015_science_sina
贵州,2015,science,西交利物浦大学,472,20544,贵州_2015_science_sina
贵州,2015,science,西南财经大学,589,1823,贵州_2015_science_sina
贵州,2015,science,西南大学,525,8480,贵州_2015_science_sina
贵州,2015,science,西南大学(荣昌校区),457,25713,贵州_2015_science_sina
贵州,2015,science,西南交通大学,557,4254,贵州_2015_science_sina
贵州,2015,science,西南科技大学,476,19404,贵州_2015_science_sina
贵州,2015,science,西南民族大学,473,20250,贵州_2015_science_sina
贵州,2015,science,西南政法大学,553,4678,贵州_2015_science_sina
贵州,2015,science,厦门大学,600,1273,贵州_2015_science_sina
贵州,2015,science,湘潭大学,481,18072,贵州_2015_science_sina
贵州,2015,science,新疆大学,453,26998,贵州_2015_science_sina
贵州,2015,science,烟台大学,473,20209,贵州_2015_science_sina
贵州,2015,science,延边大学,478,18877,贵州_2015_science_sina
贵州,2015,science,燕山大学,489,16021,贵州_2015_science_sina
贵州,2015,science,扬州大学,483,17526,贵州_2015_science_sina
贵州,2015,science,云南大学,494,14650,贵州_2015_science_sina
贵州,2015,science,浙江财经大学,518,9573,贵州_2015_science_sina
贵州,2015,science,浙江大学,648,175,贵州_2015_science_sina
贵州,2015,science,浙江工业大学,495,14378,贵州_2015_science_sina
贵州,2015,science,浙江理工大学,494,14635,贵州_2015_science_sina
贵州,2015,science,浙江师范大学,493,15000,贵州_2015_science_sina
贵州,2015,science,郑州大学,487,16466,贵州_2015_science_sina
贵州,2015,science,中北大学,463,23613,贵州_2015_science_sina
贵州,2015,science,中国传媒大学,565,3491,贵州_2015_science_sina
贵州,2015,science,中国地质大学(北京),504,12473,贵州_2015_science_sina
贵州,2015,science,中国地质大学(武汉),509,11317,贵州_2015_science_sina
贵州,2015,science,中国海洋大学,548,5223,贵州_2015_science_sina
贵州,2015,science,中国计量学院,471,20955,贵州_2015_science_sina
贵州,2015,science,中国科学技术大学,643,220,贵州_2015_science_sina
贵州,2015,science,中国矿业大学,498,13836,贵州_2015_science_sina
贵州,2015,science,中国矿业大学(北京),491,15477,贵州_2015_science_sina
贵州,2015,science,中国民航大学,474,20040,贵州_2015_science_sina
贵州,2015,science,中国农业大学,553,4721,贵州_2015_science_sina
贵州,2015,science,中国人民大学,636,321,贵州_2015_science_sina
贵州,2015,science,中国石油大学(北京),489,15886,贵州_2015_science_sina
贵州,2015,science,中国石油大学(华东),501,13232,贵州_2015_science_sina
贵州,2015,science,中国药科大学,528,7999,贵州_2015_science_sina
贵州,2015,science,中国医科大学,548,5319,贵州_2015_science_sina
贵州,2015,science,中国政法大学,594,1566,贵州_2015_science_sina
贵州,2015,science,中南财经政法大学,586,1982,贵州_2015_science_sina
贵州,2015,science,中南大学,564,3622,贵州_2015_science_sina
贵州,2015,science,中南林业科技大学,469,21719,贵州_2015_science_sina
贵州,2015,science,中山大学,600,1255,贵州_2015_science_sina
贵州,2015,science,中央财经大学,605,1088,贵州_2015_science_sina
贵州,2015,science,中央民族大学,544,5725,贵州_2015_science_sina
贵州,2015,science,遵义医学院,512,10836,贵州_2015_science_sina
重庆,2015,arts,中国人民大学,666,,重庆_2015_arts_sina
重庆,2015,arts,清华大学,690,,重庆_2015_arts_sina
重庆,2015,arts,天津财经大学,626,,重庆_2015_arts_sina
重庆,2015,arts,天津师范大学,598,,重庆_2015_arts_sina
重庆,2015,arts,辽宁工程技术大学,576,,重庆_2015_arts_sina
重庆,2015,arts,长春理工大学,573,,重庆_2015_arts_sina
重庆,2015,arts,黑龙江大学,573,,重庆_2015_arts_sina
重庆,2015,arts,黑龙江中医药大学,587,,重庆_2015_arts_sina
重庆,2015,arts,哈尔滨商业大学,582,,重庆_2015_arts_sina
重庆,2015,arts,南京工业大学,579,,重庆_2015_arts_sina
重庆,2015,arts,西交利物浦大学,575,,重庆_2015_arts_sina
重庆,2015,arts,浙江工商大学,607,,重庆_2015_arts_sina
重庆,2015,arts,浙江师范大学,600,,重庆_2015_arts_sina
重庆,2015,arts,温州肯恩大学,577,,重庆_2015_arts_sina
重庆,2015,arts,福州大学,611,,重庆_2015_arts_sina
重庆,2015,arts,中国海洋大学,621,,重庆_2015_arts_sina
重庆,2015,arts,武汉科技大学,592,,重庆_2015_arts_sina
重庆,2015,arts,华中科技大学,635,,重庆_2015_arts_sina
重庆,2015,arts,长沙理工大学,581,,重庆_2015_arts_sina
重庆,2015,arts,广州中医药大学,611,,重庆_2015_arts_sina
重庆,2015,arts,北京师范大学-香港浸会大学联合国际学院,572,,重庆_2015_arts_sina
重庆,2015,arts,广西大学,589,,重庆_2015_arts_sina
重庆,2015,arts,海南大学,572,,重庆_2015_arts_sina
重庆,2015,arts,重庆大学,632,,重庆_2015_arts_sina
重庆,2015,arts,西南大学,585,,重庆_2015_arts_sina
重庆,2015,arts,重庆师范大学,578,,重庆_2015_arts_sina
重庆,2015,arts,四川外国语大学,578,,重庆_2015_arts_sina
重庆,2015,arts,西南政法大学,599,,重庆_2015_arts_sina
重庆,2015,arts,重庆工商大学,583,,重庆_2015_arts_sina
重庆,2015,arts,西南大学(荣昌校区),572,,重庆_2015_arts_sina
重庆,2015,arts,贵州大学,596,,重庆_2015_arts_sina
重庆,2015,arts,云南大学,601,,重庆_2015_arts_sina
重庆,2015,arts,西北工业大学,608,,重庆_2015_arts_sina
重庆,2015,arts,兰州大学,618,,重庆_2015_arts_sina
重庆,2015,arts,新疆大学,572,,重庆_2015_arts_sina
重庆,2015,arts,石河子大学,572,,重庆_2015_arts_sina
重庆,2015,arts,中国人民大学(苏州校区),634,,重庆_2015_arts_sina
重庆,2015,arts,北京大学,681,,重庆_2015_arts_sina
重庆,2015,arts,北京航空航天大学,644,,重庆_2015_arts_sina
重庆,2015,arts,北京理工大学,641,,重庆_2015_arts_sina
重庆,2015,arts,北京科技大学,627,,重庆_2015_arts_sina
重庆,2015,arts,北京化工大学,598,,重庆_2015_arts_sina
重庆,2015,arts,中国农业大学,631,,重庆_2015_arts_sina
重庆,2015,arts,首都师范大学,604,,重庆_2015_arts_sina
重庆,2015,arts,中国传媒大学,644,,重庆_2015_arts_sina
重庆,2015,arts,中央财经大学,651,,重庆_2015_arts_sina
重庆,2015,arts,北京体育大学,597,,重庆_2015_arts_sina
重庆,2015,arts,中央民族大学,626,,重庆_2015_arts_sina
重庆,2015,arts,华北电力大学(北京),625,,重庆_2015_arts_sina
重庆,2015,arts,中国石油大学(北京),618,,重庆_2015_arts_sina
重庆,2015,arts,南开大学,650,,重庆_2015_arts_sina
重庆,2015,arts,华北电力大学(保定),592,,重庆_2015_arts_sina
重庆,2015,arts,石家庄铁道大学,579,,重庆_2015_arts_sina
重庆,2015,arts,燕山大学,591,,重庆_2015_arts_sina
重庆,2015,arts,太原理工大学,584,,重庆_2015_arts_sina
重庆,2015,arts,大连海事大学,607,,重庆_2015_arts_sina
重庆,2015,arts,东北财经大学,627,,重庆_2015_arts_sina
重庆,2015,arts,吉林大学,632,,重庆_2015_arts_sina
重庆,2015,arts,东北农业大学,580,,重庆_2015_arts_sina
重庆,2015,arts,东北林业大学,592,,重庆_2015_arts_sina
重庆,2015,arts,哈尔滨理工大学,576,,重庆_2015_arts_sina
重庆,2015,arts,复旦大学,671,,重庆_2015_arts_sina
重庆,2015,arts,同济大学,648,,重庆_2015_arts_sina
重庆,2015,arts,上海交通大学,673,,重庆_2015_arts_sina
重庆,2015,arts,上海海事大学,606,,重庆_2015_arts_sina
重庆,2015,arts,上海外国语大学,647,,重庆_2015_arts_sina
重庆,2015,arts,上海财经大学,660,,重庆_2015_arts_sina
重庆,2015,arts,华东政法大学,625,,重庆_2015_arts_sina
重庆,2015,arts,上海大学,630,,重庆_2015_arts_sina
重庆,2015,arts,南京大学,660,,重庆_2015_arts_sina
重庆,2015,arts,苏州大学,626,,重庆_2015_arts_sina
重庆,2015,arts,东南大学,636,,重庆_2015_arts_sina
重庆,2015,arts,常州大学,585,,重庆_2015_arts_sina
重庆,2015,arts,河海大学,597,,重庆_2015_arts_sina
重庆,2015,arts,江南大学,603,,重庆_2015_arts_sina
重庆,2015,arts,南京审计学院,630,,重庆_2015_arts_sina
重庆,2015,arts,南京师范大学,608,,重庆_2015_arts_sina
重庆,2015,arts,扬州大学,598,,重庆_2015_arts_sina
重庆,2015,arts,杭州电子科技大学,600,,重庆_2015_arts_sina
重庆,2015,arts,浙江工业大学,581,,重庆_2015_arts_sina
重庆,2015,arts,杭州师范大学,584,,重庆_2015_arts_sina
重庆,2015,arts,宁波大学,592,,重庆_2015_arts_sina
重庆,2015,arts,宁波诺丁汉大学,576,,重庆_2015_arts_sina
重庆,2015,arts,安徽农业大学,578,,重庆_2015_arts_sina
重庆,2015,arts,安徽财经大学,588,,重庆_2015_arts_sina
重庆,2015,arts,安徽大学,610,,重庆_2015_arts_sina
重庆,2015,arts,厦门大学,655,,重庆_2015_arts_sina
重庆,2015,arts,福建师范大学,591,,重庆_2015_arts_sina
重庆,2015,arts,江西财经大学,622,,重庆_2015_arts_sina
重庆,2015,arts,南昌大学,602,,重庆_2015_arts_sina
重庆,2015,arts,山东大学威海分校,619,,重庆_2015_arts_sina
重庆,2015,arts,郑州大学,608,,重庆_2015_arts_sina
重庆,2015,arts,河南大学,586,,重庆_2015_arts_sina
重庆,2015,arts,武汉大学,657,,重庆_2015_arts_sina
重庆,2015,arts,武汉工程大学,579,,重庆_2015_arts_sina
重庆,2015,arts,中国地质大学(武汉),606,,重庆_2015_arts_sina
重庆,2015,arts,华中农业大学,609,,重庆_2015_arts_sina
重庆,2015,arts,湖北大学,593,,重庆_2015_arts_sina
重庆,2015,arts,中南财经政法大学,639,,重庆_2015_arts_sina
重庆,2015,arts,武汉理工大学,614,,重庆_2015_arts_sina
重庆,2015,arts,湘潭大学,596,,重庆_2015_arts_sina
重庆,2015,arts,湖南农业大学,581,,重庆_2015_arts_sina
重庆,2015,arts,中南林业科技大学,581,,重庆_2015_arts_sina
重庆,2015,arts,湖南中医药大学,600,,重庆_2015_arts_sina
重庆,2015,arts,南华大学,579,,重庆_2015_arts_sina
重庆,2015,arts,中南大学,626,,重庆_2015_arts_sina
重庆,2015,arts,湖南科技大学,583,,重庆_2015_arts_sina
重庆,2015,arts,湖南师范大学,609,,重庆_2015_arts_sina
重庆,2015,arts,中山大学,653,,重庆_2015_arts_sina
重庆,2015,arts,华南理工大学,630,,重庆_2015_arts_sina
重庆,2015,arts,广州大学,595,,重庆_2015_arts_sina
重庆,2015,arts,广东外语外贸大学,626,,重庆_2015_arts_sina
重庆,2015,arts,广东工业大学,591,,重庆_2015_arts_sina
重庆,2015,arts,南方医科大学,606,,重庆_2015_arts_sina
重庆,2015,arts,重庆邮电大学,580,,重庆_2015_arts_sina
重庆,2015,arts,重庆交通大学,572,,重庆_2015_arts_sina
重庆,2015,arts,重庆理工大学,578,,重庆_2015_arts_sina
重庆,2015,arts,西南交通大学,616,,重庆_2015_arts_sina
重庆,2015,arts,电子科技大学,616,,重庆_2015_arts_sina
重庆,2015,arts,西南石油大学,574,,重庆_2015_arts_sina
重庆,2015,arts,成都理工大学,574,,重庆_2015_arts_sina
重庆,2015,arts,西华大学,574,,重庆_2015_arts_sina
重庆,2015,arts,四川农业大学,594,,重庆_2015_arts_sina
重庆,2015,arts,四川师范大学,589,,重庆_2015_arts_sina
重庆,2015,arts,西南财经大学,641,,重庆_2015_arts_sina
重庆,2015,arts,四川大学,641,,重庆_2015_arts_sina
重庆,2015,arts,西安科技大学,578,,重庆_2015_arts_sina
重庆,2015,arts,长安大学,603,,重庆_2015_arts_sina
重庆,2015,arts,西北大学,601,,重庆_2015_arts_sina
重庆,2015,arts,湖北中医药大学,599,,重庆_2015_arts_sina
重庆,2015,arts,北京交通大学,626,,重庆_2015_arts_sina
重庆,2015,arts,北京林业大学,617,,重庆_2015_arts_sina
重庆,2015,arts,北京第二外国语学院,624,,重庆_2015_arts_sina
重庆,2015,arts,北京语言大学,635,,重庆_2015_arts_sina
重庆,2015,arts,对外经济贸易大学,653,,重庆_2015_arts_sina
重庆,2015,arts,北京电影学院,599,,重庆_2015_arts_sina
重庆,2015,arts,中国政法大学,647,,重庆_2015_arts_sina
重庆,2015,arts,首都经济贸易大学,620,,重庆_2015_arts_sina
重庆,2015,arts,北京工商大学,624,,重庆_2015_arts_sina
重庆,2015,arts,北京建筑大学,585,,重庆_2015_arts_sina
重庆,2015,arts,天津大学,641,,重庆_2015_arts_sina
重庆,2015,arts,河北工业大学,584,,重庆_2015_arts_sina
重庆,2015,arts,中北大学,578,,重庆_2015_arts_sina
重庆,2015,arts,内蒙古大学,579,,重庆_2015_arts_sina
重庆,2015,arts,辽宁大学,605,,重庆_2015_arts_sina
重庆,2015,arts,延边大学,581,,重庆_2015_arts_sina
重庆,2015,arts,上海师范大学,585,,重庆_2015_arts_sina
重庆,2015,arts,上海对外经贸大学,631,,重庆_2015_arts_sina
重庆,2015,arts,上海戏剧学院,580,,重庆_2015_arts_sina
重庆,2015,arts,江苏科技大学,582,,重庆_2015_arts_sina
重庆,2015,arts,中国矿业大学,602,,重庆_2015_arts_sina
重庆,2015,arts,南京邮电大学,585,,重庆_2015_arts_sina
重庆,2015,arts,南京林业大学,586,,重庆_2015_arts_sina
重庆,2015,arts,江苏大学,598,,重庆_2015_arts_sina
重庆,2015,arts,中国药科大学,618,,重庆_2015_arts_sina
重庆,2015,arts,浙江大学,665,,重庆_2015_arts_sina
重庆,2015,arts,福建农林大学,576,,重庆_2015_arts_sina
重庆,2015,arts,山东大学,634,,重庆_2015_arts_sina
重庆,2015,arts,济南大学,578,,重庆_2015_arts_sina
重庆,2015,arts,青岛大学,603,,重庆_2015_arts_sina
重庆,2015,arts,湖南大学,632,,重庆_2015_arts_sina
重庆,2015,arts,深圳大学,620,,重庆_2015_arts_sina
重庆,2015,arts,重庆医科大学,609,,重庆_2015_arts_sina
重庆,2015,arts,成都中医药大学,621,,重庆_2015_arts_sina
重庆,2015,arts,西安交通大学,632,,重庆_2015_arts_sina
重庆,2015,arts,西北政法大学,591,,重庆_2015_arts_sina
重庆,2015,arts,西北农林科技大学,601,,重庆_2015_arts_sina
重庆,2015,arts,宁夏大学,586,,重庆_2015_arts_sina
重庆,2015,science,北京大学,697,,重庆_2015_science_sina
重庆,2015,science,中国人民大学,674,,重庆_2015_science_sina
重庆,2015,science,清华大学,699,,重庆_2015_science_sina
重庆,2015,science,北京理工大学,649,,重庆_2015_science_sina
重庆,2015,science,北方工业大学,598,,重庆_2015_science_sina
重庆,2015,science,北京信息科技大学,574,,重庆_2015_science_sina
重庆,2015,science,河北工业大学,606,,重庆_2015_science_sina
重庆,2015,science,天津师范大学,600,,重庆_2015_science_sina
重庆,2015,science,石家庄铁道大学,580,,重庆_2015_science_sina
重庆,2015,science,燕山大学,599,,重庆_2015_science_sina
重庆,2015,science,内蒙古大学,578,,重庆_2015_science_sina
重庆,2015,science,大连理工大学,638,,重庆_2015_science_sina
重庆,2015,science,沈阳工业大学,573,,重庆_2015_science_sina
重庆,2015,science,辽宁工程技术大学,578,,重庆_2015_science_sina
重庆,2015,science,中国医科大学,621,,重庆_2015_science_sina
重庆,2015,science,大连医科大学,617,,重庆_2015_science_sina
重庆,2015,science,大连理工大学(盘锦校区),610,,重庆_2015_science_sina
重庆,2015,science,延边大学,589,,重庆_2015_science_sina
重庆,2015,science,长春理工大学,582,,重庆_2015_science_sina
重庆,2015,science,长春理工大学(降分),565,,重庆_2015_science_sina
重庆,2015,science,黑龙江大学,573,,重庆_2015_science_sina
重庆,2015,science,东北石油大学,578,,重庆_2015_science_sina
重庆,2015,science,东北林业大学,590,,重庆_2015_science_sina
重庆,2015,science,哈尔滨医科大学,620,,重庆_2015_science_sina
重庆,2015,science,黑龙江中医药大学,573,,重庆_2015_science_sina
重庆,2015,science,哈尔滨商业大学,586,,重庆_2015_science_sina
重庆,2015,science,哈尔滨理工大学,582,,重庆_2015_science_sina
重庆,2015,science,上海师范大学,585,,重庆_2015_science_sina
重庆,2015,science,南京航空航天大学,629,,重庆_2015_science_sina
重庆,2015,science,江苏科技大学,588,,重庆_2015_science_sina
重庆,2015,science,南京工业大学,591,,重庆_2015_science_sina
重庆,2015,science,南京邮电大学,613,,重庆_2015_science_sina
重庆,2015,science,江苏大学,605,,重庆_2015_science_sina
重庆,2015,science,西交利物浦大学,574,,重庆_2015_science_sina
重庆,2015,science,杭州师范大学,582,,重庆_2015_science_sina
重庆,2015,science,浙江工商大学,614,,重庆_2015_science_sina
重庆,2015,science,浙江师范大学,589,,重庆_2015_science_sina
重庆,2015,science,宁波诺丁汉大学,581,,重庆_2015_science_sina
重庆,2015,science,温州医科大学,623,,重庆_2015_science_sina
重庆,2015,science,温州肯恩大学,574,,重庆_2015_science_sina
重庆,2015,science,安徽理工大学,579,,重庆_2015_science_sina
重庆,2015,science,安徽农业大学,573,,重庆_2015_science_sina
重庆,2015,science,厦门大学,658,,重庆_2015_science_sina
重庆,2015,science,福州大学,614,,重庆_2015_science_sina
重庆,2015,science,福建师范大学,578,,重庆_2015_science_sina
重庆,2015,science,福建农林大学,578,,重庆_2015_science_sina
重庆,2015,science,南昌大学,613,,重庆_2015_science_sina
重庆,2015,science,中国石油大学(华东),608,,重庆_2015_science_sina
重庆,2015,science,青岛大学,597,,重庆_2015_science_sina
重庆,2015,science,中国海洋大学,593,,重庆_2015_science_sina
重庆,2015,science,郑州大学,603,,重庆_2015_science_sina
重庆,2015,science,三峡大学,583,,重庆_2015_science_sina
重庆,2015,science,华中科技大学,654,,重庆_2015_science_sina
重庆,2015,science,湖南中医药大学,612,,重庆_2015_science_sina
重庆,2015,science,湖南师范大学,611,,重庆_2015_science_sina
重庆,2015,science,广州中医药大学,614,,重庆_2015_science_sina
重庆,2015,science,广州医科大学,616,,重庆_2015_science_sina
重庆,2015,science,北京师范大学-香港浸会大学联合国际学院,573,,重庆_2015_science_sina
重庆,2015,science,华南农业大学,587,,重庆_2015_science_sina
重庆,2015,science,广西大学,599,,重庆_2015_science_sina
重庆,2015,science,海南大学,616,,重庆_2015_science_sina
重庆,2015,science,重庆大学,625,,重庆_2015_science_sina
重庆,2015,science,重庆交通大学,575,,重庆_2015_science_sina
重庆,2015,science,西南大学,582,,重庆_2015_science_sina
重庆,2015,science,重庆医科大学,621,,重庆_2015_science_sina
重庆,2015,science,西南政法大学,599,,重庆_2015_science_sina
重庆,2015,science,重庆理工大学,578,,重庆_2015_science_sina
重庆,2015,science,重庆工商大学,592,,重庆_2015_science_sina
重庆,2015,science,西南大学(荣昌校区),573,,重庆_2015_science_sina
重庆,2015,science,重庆邮电大学,573,,重庆_2015_science_sina
重庆,2015,science,四川外国语大学,578,,重庆_2015_science_sina
重庆,2015,science,西南石油大学,582,,重庆_2015_science_sina
重庆,2015,science,西南科技大学,581,,重庆_2015_science_sina
重庆,2015,science,贵州大学,604,,重庆_2015_science_sina
重庆,2015,science,云南大学,608,,重庆_2015_science_sina
重庆,2015,science,西北工业大学,637,,重庆_2015_science_sina
重庆,2015,science,西安工业大学,584,,重庆_2015_science_sina
重庆,2015,science,西安石油大学,581,,重庆_2015_science_sina
重庆,2015,science,长安大学,605,,重庆_2015_science_sina
重庆,2015,science,兰州大学,621,,重庆_2015_science_sina
重庆,2015,science,青海大学,597,,重庆_2015_science_sina
重庆,2015,science,新疆大学,575,,重庆_2015_science_sina
重庆,2015,science,石河子大学,580,,重庆_2015_science_sina
重庆,2015,science,中国人民大学(苏州校区),640,,重庆_2015_science_sina
重庆,2015,science,北京林业大学,599,,重庆_2015_science_sina
重庆,2015,science,北京交通大学,578,,重庆_2015_science_sina
重庆,2015,science,北京航空航天大学,662,,重庆_2015_science_sina
重庆,2015,science,北京科技大学,627,,重庆_2015_science_sina
重庆,2015,science,北京化工大学,615,,重庆_2015_science_sina
重庆,2015,science,北京邮电大学,643,,重庆_2015_science_sina
重庆,2015,science,中国农业大学,633,,重庆_2015_science_sina
重庆,2015,science,北京中医药大学,621,,重庆_2015_science_sina
重庆,2015,science,首都师范大学,606,,重庆_2015_science_sina
重庆,2015,science,北京第二外国语学院,612,,重庆_2015_science_sina
重庆,2015,science,北京体育大学,592,,重庆_2015_science_sina
重庆,2015,science,中央民族大学,617,,重庆_2015_science_sina
重庆,2015,science,华北电力大学(北京),622,,重庆_2015_science_sina
重庆,2015,science,中国矿业大学(北京),608,,重庆_2015_science_sina
重庆,2015,science,中国石油大学(北京),614,,重庆_2015_science_sina
重庆,2015,science,中国地质大学(北京),609,,重庆_2015_science_sina
重庆,2015,science,北京工商大学,598,,重庆_2015_science_sina
重庆,2015,science,北京工业大学,615,,重庆_2015_science_sina
重庆,2015,science,北京建筑大学,606,,重庆_2015_science_sina
重庆,2015,science,南开大学,665,,重庆_2015_science_sina
重庆,2015,science,天津大学,656,,重庆_2015_science_sina
重庆,2015,science,天津科技大学,596,,重庆_2015_science_sina
重庆,2015,science,天津工业大学,583,,重庆_2015_science_sina
重庆,2015,science,中国民航大学,603,,重庆_2015_science_sina
重庆,2015,science,天津财经大学,625,,重庆_2015_science_sina
重庆,2015,science,天津医科大学,632,,重庆_2015_science_sina
重庆,2015,science,华北电力大学(保定),624,,重庆_2015_science_sina
重庆,2015,science,太原理工大学,601,,重庆_2015_science_sina
重庆,2015,science,东北大学,619,,重庆_2015_science_sina
重庆,2015,science,大连海事大学,608,,重庆_2015_science_sina
重庆,2015,science,东北财经大学,632,,重庆_2015_science_sina
重庆,2015,science,吉林大学,623,,重庆_2015_science_sina
重庆,2015,science,哈尔滨工业大学,654,,重庆_2015_science_sina
重庆,2015,science,哈尔滨工程大学,613,,重庆_2015_science_sina
重庆,2015,science,东北农业大学,582,,重庆_2015_science_sina
重庆,2015,science,复旦大学,689,,重庆_2015_science_sina
重庆,2015,science,同济大学,668,,重庆_2015_science_sina
重庆,2015,science,上海交通大学,688,,重庆_2015_science_sina
重庆,2015,science,华东理工大学,628,,重庆_2015_science_sina
重庆,2015,science,上海理工大学,614,,重庆_2015_science_sina
重庆,2015,science,上海海事大学,604,,重庆_2015_science_sina
重庆,2015,science,东华大学,619,,重庆_2015_science_sina
重庆,2015,science,上海外国语大学,644,,重庆_2015_science_sina
重庆,2015,science,上海财经大学,669,,重庆_2015_science_sina
重庆,2015,science,华东政法大学,615,,重庆_2015_science_sina
重庆,2015,science,上海交通大学医学院,678,,重庆_2015_science_sina
重庆,2015,science,复旦大学医学院,689,,重庆_2015_science_sina
重庆,2015,science,南京大学,673,,重庆_2015_science_sina
重庆,2015,science,苏州大学,619,,重庆_2015_science_sina
重庆,2015,science,东南大学,650,,重庆_2015_science_sina
重庆,2015,science,南京理工大学,624,,重庆_2015_science_sina
重庆,2015,science,常州大学,583,,重庆_2015_science_sina
重庆,2015,science,河海大学,610,,重庆_2015_science_sina
重庆,2015,science,江南大学,614,,重庆_2015_science_sina
重庆,2015,science,南京林业大学,585,,重庆_2015_science_sina
重庆,2015,science,南京信息工程大学,601,,重庆_2015_science_sina
重庆,2015,science,南京审计学院,628,,重庆_2015_science_sina
重庆,2015,science,南京师范大学,612,,重庆_2015_science_sina
重庆,2015,science,扬州大学,600,,重庆_2015_science_sina
重庆,2015,science,浙江大学,678,,重庆_2015_science_sina
重庆,2015,science,杭州电子科技大学,599,,重庆_2015_science_sina
重庆,2015,science,浙江工业大学,598,,重庆_2015_science_sina
重庆,2015,science,浙江理工大学,592,,重庆_2015_science_sina
重庆,2015,science,宁波大学,596,,重庆_2015_science_sina
重庆,2015,science,中国科学技术大学,674,,重庆_2015_science_sina
重庆,2015,science,合肥工业大学,614,,重庆_2015_science_sina
重庆,2015,science,安徽大学,611,,重庆_2015_science_sina
重庆,2015,science,合肥工业大学(宣城校区),595,,重庆_2015_science_sina
重庆,2015,science,华东交通大学,585,,重庆_2015_science_sina
重庆,2015,science,江西财经大学,619,,重庆_2015_science_sina
重庆,2015,science,哈尔滨工业大学(威海),623,,重庆_2015_science_sina
重庆,2015,science,山东大学威海分校,621,,重庆_2015_science_sina
重庆,2015,science,河南大学,586,,重庆_2015_science_sina
重庆,2015,science,武汉大学,662,,重庆_2015_science_sina
重庆,2015,science,武汉工程大学,588,,重庆_2015_science_sina
重庆,2015,science,中国地质大学(武汉),613,,重庆_2015_science_sina
重庆,2015,science,华中农业大学,603,,重庆_2015_science_sina
重庆,2015,science,湖北大学,600,,重庆_2015_science_sina
重庆,2015,science,武汉科技大学,611,,重庆_2015_science_sina
重庆,2015,science,中南财经政法大学,649,,重庆_2015_science_sina
重庆,2015,science,武汉理工大学,621,,重庆_2015_science_sina
重庆,2015,science,长江大学,583,,重庆_2015_science_sina
重庆,2015,science,湘潭大学,598,,重庆_2015_science_sina
重庆,2015,science,湖南农业大学,578,,重庆_2015_science_sina
重庆,2015,science,中南林业科技大学,580,,重庆_2015_science_sina
重庆,2015,science,南华大学,581,,重庆_2015_science_sina
重庆,2015,science,中南大学,637,,重庆_2015_science_sina
重庆,2015,science,长沙理工大学,591,,重庆_2015_science_sina
重庆,2015,science,湖南科技大学,583,,重庆_2015_science_sina
重庆,2015,science,中山大学,659,,重庆_2015_science_sina
重庆,2015,science,华南理工大学,643,,重庆_2015_science_sina
重庆,2015,science,广州大学,601,,重庆_2015_science_sina
重庆,2015,science,广东外语外贸大学,619,,重庆_2015_science_sina
重庆,2015,science,广东工业大学,593,,重庆_2015_science_sina
重庆,2015,science,深圳大学,618,,重庆_2015_science_sina
重庆,2015,science,南方医科大学,622,,重庆_2015_science_sina
重庆,2015,science,广西医科大学,632,,重庆_2015_science_sina
重庆,2015,science,重庆师范大学,585,,重庆_2015_science_sina
重庆,2015,science,西南交通大学,622,,重庆_2015_science_sina
重庆,2015,science,电子科技大学,640,,重庆_2015_science_sina
重庆,2015,science,成都理工大学,607,,重庆_2015_science_sina
重庆,2015,science,西华大学,578,,重庆_2015_science_sina
重庆,2015,science,四川农业大学,590,,重庆_2015_science_sina
重庆,2015,science,四川医科大学,625,,重庆_2015_science_sina
重庆,2015,science,四川师范大学,592,,重庆_2015_science_sina
重庆,2015,science,西南财经大学,644,,重庆_2015_science_sina
重庆,2015,science,四川大学,640,,重庆_2015_science_sina
重庆,2015,science,西安理工大学,594,,重庆_2015_science_sina
重庆,2015,science,西安电子科技大学,619,,重庆_2015_science_sina
重庆,2015,science,西安建筑科技大学,578,,重庆_2015_science_sina
重庆,2015,science,西安科技大学,588,,重庆_2015_science_sina
重庆,2015,science,西北农林科技大学,609,,重庆_2015_science_sina
重庆,2015,science,西北大学,611,,重庆_2015_science_sina
重庆,2015,science,新疆医科大学,617,,重庆_2015_science_sina
重庆,2015,science,电子科技大学(沙河校区),625,,重庆_2015_science_sina
重庆,2015,science,北京大学医学部,685,,重庆_2015_science_sina
重庆,2015,science,北京外国语大学,651,,重庆_2015_science_sina
重庆,2015,science,北京语言大学,613,,重庆_2015_science_sina
重庆,2015,science,中国传媒大学,630,,重庆_2015_science_sina
重庆,2015,science,中央财经大学,668,,重庆_2015_science_sina
重庆,2015,science,对外经济贸易大学,663,,重庆_2015_science_sina
重庆,2015,science,中国政法大学,645,,重庆_2015_science_sina
重庆,2015,science,首都经济贸易大学,621,,重庆_2015_science_sina
重庆,2015,science,天津中医药大学,615,,重庆_2015_science_sina
重庆,2015,science,东北大学秦皇岛分校,612,,重庆_2015_science_sina
重庆,2015,science,中北大学,581,,重庆_2015_science_sina
重庆,2015,science,山西医科大学,618,,重庆_2015_science_sina
重庆,2015,science,沈阳农业大学,574,,重庆_2015_science_sina
重庆,2015,science,沈阳药科大学,608,,重庆_2015_science_sina
重庆,2015,science,辽宁大学,611,,重庆_2015_science_sina
重庆,2015,science,上海对外经贸大学,626,,重庆_2015_science_sina
重庆,2015,science,上海大学,622,,重庆_2015_science_sina
重庆,2015,science,中国矿业大学,607,,重庆_2015_science_sina
重庆,2015,science,南京农业大学,601,,重庆_2015_science_sina
重庆,2015,science,中国药科大学,620,,重庆_2015_science_sina
重庆,2015,science,安徽财经大学,598,,重庆_2015_science_sina
重庆,2015,science,江西理工大学,578,,重庆_2015_science_sina
重庆,2015,science,山东大学,635,,重庆_2015_science_sina
重庆,2015,science,青岛科技大学,584,,重庆_2015_science_sina
重庆,2015,science,济南大学,581,,重庆_2015_science_sina
重庆,2015,science,湖南大学,630,,重庆_2015_science_sina
重庆,2015,science,成都中医药大学,616,,重庆_2015_science_sina
重庆,2015,science,西安交通大学,655,,重庆_2015_science_sina
重庆,2015,science,陕西科技大学,581,,重庆_2015_science_sina
重庆,2015,science,西北政法大学,596,,重庆_2015_science_sina
重庆,2015,science,宁夏大学,593,,重庆_2015_science_sina
重庆,2015,science,北京交通大学(威海校区),581,,重庆_2015_science_sina
重庆,2015,science,北京邮电大学(宏福校区),599,,重庆_2015_science_sina
重庆,2015,science,湖北中医药大学,612,,重庆_2015_science_sina
陕西,2015,arts,北京大学,645,20,陕西_2015_both_sina
陕西,2015,arts,中国人民大学,633,57,陕西_2015_both_sina
陕西,2015,arts,清华大学,649,,陕西_2015_both_sina
陕西,2015,arts,北京交通大学,583,918,陕西_2015_both_sina
陕西,2015,arts,北京航空航天大学,603,392,陕西_2015_both_sina
陕西,2015,arts,北京理工大学,592,614,陕西_2015_both_sina
陕西,2015,arts,北京科技大学,564,1778,陕西_2015_both_sina
陕西,2015,arts,北方工业大学,513,9079,陕西_2015_both_sina
陕西,2015,arts,北京化工大学,547,3232,陕西_2015_both_sina
陕西,2015,arts,北京工商大学,550,2861,陕西_2015_both_sina
陕西,2015,arts,北京邮电大学,581,977,陕西_2015_both_sina
陕西,2015,arts,北京建筑大学,531,5341,陕西_2015_both_sina
陕西,2015,arts,中国农业大学,580,1009,陕西_2015_both_sina
陕西,2015,arts,北京林业大学,571,1376,陕西_2015_both_sina
陕西,2015,arts,北京师范大学,610,288,陕西_2015_both_sina
陕西,2015,arts,北京第二外国语学院,516,8297,陕西_2015_both_sina
陕西,2015,arts,中国传媒大学,601,426,陕西_2015_both_sina
陕西,2015,arts,中央财经大学,615,215,陕西_2015_both_sina
陕西,2015,arts,对外经济贸易大学,617,194,陕西_2015_both_sina
陕西,2015,arts,首都经济贸易大学,573,1288,陕西_2015_both_sina
陕西,2015,arts,北京体育大学,542,3745,陕西_2015_both_sina
陕西,2015,arts,中央民族大学,576,1171,陕西_2015_both_sina
陕西,2015,arts,中国政法大学,605,372,陕西_2015_both_sina
陕西,2015,arts,华北电力大学(北京),560,2043,陕西_2015_both_sina
陕西,2015,arts,北京信息科技大学,529,5715,陕西_2015_both_sina
陕西,2015,arts,中国矿业大学(北京),542,3728,陕西_2015_both_sina
陕西,2015,arts,中国石油大学(北京),565,1703,陕西_2015_both_sina
陕西,2015,arts,中国地质大学(北京),538,4169,陕西_2015_both_sina
陕西,2015,arts,南开大学,611,277,陕西_2015_both_sina
陕西,2015,arts,天津大学,593,587,陕西_2015_both_sina
陕西,2015,arts,天津工业大学,522,6814,陕西_2015_both_sina
陕西,2015,arts,中国民航大学,543,3588,陕西_2015_both_sina
陕西,2015,arts,天津外国语大学,545,3421,陕西_2015_both_sina
陕西,2015,arts,天津财经大学,548,3117,陕西_2015_both_sina
陕西,2015,arts,华北电力大学(保定),538,4296,陕西_2015_both_sina
陕西,2015,arts,石家庄铁道大学,510,9849,陕西_2015_both_sina
陕西,2015,arts,燕山大学,534,4884,陕西_2015_both_sina
陕西,2015,arts,山西大学,510,9723,陕西_2015_both_sina
陕西,2015,arts,中北大学,512,9196,陕西_2015_both_sina
陕西,2015,arts,太原理工大学,534,4792,陕西_2015_both_sina
陕西,2015,arts,山西财经大学,526,6219,陕西_2015_both_sina
陕西,2015,arts,内蒙古大学,531,5349,陕西_2015_both_sina
陕西,2015,arts,辽宁大学,550,2909,陕西_2015_both_sina
陕西,2015,arts,大连海事大学,541,3897,陕西_2015_both_sina
陕西,2015,arts,东北财经大学,561,1986,陕西_2015_both_sina
陕西,2015,arts,吉林大学,581,967,陕西_2015_both_sina
陕西,2015,arts,延边大学,519,7507,陕西_2015_both_sina
陕西,2015,arts,长春理工大学,511,9605,陕西_2015_both_sina
陕西,2015,arts,东北师范大学,551,2817,陕西_2015_both_sina
陕西,2015,arts,黑龙江大学,516,8232,陕西_2015_both_sina
陕西,2015,arts,哈尔滨工业大学,581,975,陕西_2015_both_sina
陕西,2015,arts,东北石油大学,511,9469,陕西_2015_both_sina
陕西,2015,arts,东北农业大学,518,7893,陕西_2015_both_sina
陕西,2015,arts,东北林业大学,525,6378,陕西_2015_both_sina
陕西,2015,arts,哈尔滨商业大学,517,8054,陕西_2015_both_sina
陕西,2015,arts,南京大学,626,116,陕西_2015_both_sina
陕西,2015,arts,苏州大学,580,1008,陕西_2015_both_sina
陕西,2015,arts,东南大学,593,605,陕西_2015_both_sina
陕西,2015,arts,南京航空航天大学,552,2717,陕西_2015_both_sina
陕西,2015,arts,南京理工大学,531,5300,陕西_2015_both_sina
陕西,2015,arts,江苏科技大学,522,6952,陕西_2015_both_sina
陕西,2015,arts,中国矿业大学,530,5457,陕西_2015_both_sina
陕西,2015,arts,常州大学,519,7670,陕西_2015_both_sina
陕西,2015,arts,南京邮电大学,535,4729,陕西_2015_both_sina
陕西,2015,arts,河海大学,551,2847,陕西_2015_both_sina
陕西,2015,arts,江南大学,549,2985,陕西_2015_both_sina
陕西,2015,arts,南京农业大学,538,4213,陕西_2015_both_sina
陕西,2015,arts,中国药科大学,573,1318,陕西_2015_both_sina
陕西,2015,arts,南京师范大学,548,3158,陕西_2015_both_sina
陕西,2015,arts,南京审计学院,574,1276,陕西_2015_both_sina
陕西,2015,arts,西交利物浦大学,525,6395,陕西_2015_both_sina
陕西,2015,arts,安徽大学,550,2910,陕西_2015_both_sina
陕西,2015,arts,合肥工业大学,526,6071,陕西_2015_both_sina
陕西,2015,arts,安徽财经大学,547,3169,陕西_2015_both_sina
陕西,2015,arts,山东大学,592,621,陕西_2015_both_sina
陕西,2015,arts,中国海洋大学,568,1551,陕西_2015_both_sina
陕西,2015,arts,山东科技大学,513,9000,陕西_2015_both_sina
陕西,2015,arts,中国石油大学(华东),548,3101,陕西_2015_both_sina
陕西,2015,arts,青岛科技大学,518,7899,陕西_2015_both_sina
陕西,2015,arts,济南大学,535,4612,陕西_2015_both_sina
陕西,2015,arts,山东师范大学,531,5226,陕西_2015_both_sina
陕西,2015,arts,青岛大学,544,3457,陕西_2015_both_sina
陕西,2015,arts,山东大学威海分校,568,1540,陕西_2015_both_sina
陕西,2015,arts,复旦大学,639,36,陕西_2015_both_sina
陕西,2015,arts,同济大学,610,283,陕西_2015_both_sina
陕西,2015,arts,上海交通大学,633,58,陕西_2015_both_sina
陕西,2015,arts,上海外国语大学,604,380,陕西_2015_both_sina
陕西,2015,arts,上海财经大学,624,131,陕西_2015_both_sina
陕西,2015,arts,上海对外经贸大学,579,1056,陕西_2015_both_sina
陕西,2015,arts,华东政法大学,577,1133,陕西_2015_both_sina
陕西,2015,arts,上海大学,583,913,陕西_2015_both_sina
陕西,2015,arts,上海金融学院,545,3386,陕西_2015_both_sina
陕西,2015,arts,上海政法学院,514,8826,陕西_2015_both_sina
陕西,2015,arts,浙江大学,629,91,陕西_2015_both_sina
陕西,2015,arts,浙江师范大学,525,6399,陕西_2015_both_sina
陕西,2015,arts,宁波大学,522,6856,陕西_2015_both_sina
陕西,2015,arts,宁波诺丁汉大学,514,8841,陕西_2015_both_sina
陕西,2015,arts,南昌大学,543,3643,陕西_2015_both_sina
陕西,2015,arts,华东交通大学,527,6025,陕西_2015_both_sina
陕西,2015,arts,江西理工大学,511,9549,陕西_2015_both_sina
陕西,2015,arts,江西财经大学,536,4552,陕西_2015_both_sina
陕西,2015,arts,厦门大学,614,222,陕西_2015_both_sina
陕西,2015,arts,华侨大学,527,5942,陕西_2015_both_sina
陕西,2015,arts,福州大学,548,3091,陕西_2015_both_sina
陕西,2015,arts,福建农林大学,512,9219,陕西_2015_both_sina
陕西,2015,arts,武汉大学,613,241,陕西_2015_both_sina
陕西,2015,arts,华中科技大学,589,699,陕西_2015_both_sina
陕西,2015,arts,武汉科技大学,532,5107,陕西_2015_both_sina
陕西,2015,arts,长江大学,514,8663,陕西_2015_both_sina
陕西,2015,arts,武汉工程大学,512,9396,陕西_2015_both_sina
陕西,2015,arts,中国地质大学(武汉),548,3149,陕西_2015_both_sina
陕西,2015,arts,武汉理工大学,544,3468,陕西_2015_both_sina
陕西,2015,arts,华中农业大学,535,4662,陕西_2015_both_sina
陕西,2015,arts,湖北中医药大学,547,3204,陕西_2015_both_sina
陕西,2015,arts,湖北大学,535,4616,陕西_2015_both_sina
陕西,2015,arts,中南财经政法大学,517,8032,陕西_2015_both_sina
陕西,2015,arts,三峡大学,512,9325,陕西_2015_both_sina
陕西,2015,arts,湘潭大学,537,4442,陕西_2015_both_sina
陕西,2015,arts,湖南大学,584,855,陕西_2015_both_sina
陕西,2015,arts,中南大学,582,934,陕西_2015_both_sina
陕西,2015,arts,湖南科技大学,517,7964,陕西_2015_both_sina
陕西,2015,arts,长沙理工大学,514,8645,陕西_2015_both_sina
陕西,2015,arts,湖南农业大学,513,8954,陕西_2015_both_sina
陕西,2015,arts,中南林业科技大学,513,9073,陕西_2015_both_sina
陕西,2015,arts,湖南师范大学,549,3030,陕西_2015_both_sina
陕西,2015,arts,南华大学,511,9680,陕西_2015_both_sina
陕西,2015,arts,郑州大学,549,2970,陕西_2015_both_sina
陕西,2015,arts,河南大学,531,5326,陕西_2015_both_sina
陕西,2015,arts,中山大学,609,295,陕西_2015_both_sina
陕西,2015,arts,暨南大学,585,839,陕西_2015_both_sina
陕西,2015,arts,华南理工大学,581,982,陕西_2015_both_sina
陕西,2015,arts,华南师范大学,549,3013,陕西_2015_both_sina
陕西,2015,arts,深圳大学,556,2338,陕西_2015_both_sina
陕西,2015,arts,广东外语外贸大学,571,1403,陕西_2015_both_sina
陕西,2015,arts,南方医科大学,554,2528,陕西_2015_both_sina
陕西,2015,arts,北京师范大学-香港浸会大学联合国际学院,510,9845,陕西_2015_both_sina
陕西,2015,arts,广西大学,527,5877,陕西_2015_both_sina
陕西,2015,arts,海南大学,534,4770,陕西_2015_both_sina
陕西,2015,arts,重庆大学,587,754,陕西_2015_both_sina
陕西,2015,arts,重庆邮电大学,525,6416,陕西_2015_both_sina
陕西,2015,arts,西南大学,552,2689,陕西_2015_both_sina
陕西,2015,arts,四川外国语大学,532,5202,陕西_2015_both_sina
陕西,2015,arts,西南政法大学,566,1646,陕西_2015_both_sina
陕西,2015,arts,重庆工商大学,538,4207,陕西_2015_both_sina
陕西,2015,arts,四川大学,600,433,陕西_2015_both_sina
陕西,2015,arts,西南交通大学,551,2811,陕西_2015_both_sina
陕西,2015,arts,电子科技大学,553,2654,陕西_2015_both_sina
陕西,2015,arts,西南石油大学,519,7600,陕西_2015_both_sina
陕西,2015,arts,成都中医药大学,570,1463,陕西_2015_both_sina
陕西,2015,arts,西南财经大学,592,623,陕西_2015_both_sina
陕西,2015,arts,贵州大学,531,5267,陕西_2015_both_sina
陕西,2015,arts,云南大学,544,3535,陕西_2015_both_sina
陕西,2015,arts,西安交通大学,589,685,陕西_2015_both_sina
陕西,2015,arts,西北工业大学,566,1674,陕西_2015_both_sina
陕西,2015,arts,西安电子科技大学,542,3733,陕西_2015_both_sina
陕西,2015,arts,陕西师范大学,554,2500,陕西_2015_both_sina
陕西,2015,arts,西北农林科技大学,541,3894,陕西_2015_both_sina
陕西,2015,arts,长安大学,552,2744,陕西_2015_both_sina
陕西,2015,arts,西北大学,555,2406,陕西_2015_both_sina
陕西,2015,arts,陕西科技大学,515,8573,陕西_2015_both_sina
陕西,2015,arts,西安建筑科技大学,517,8137,陕西_2015_both_sina
陕西,2015,arts,西安理工大学,513,9003,陕西_2015_both_sina
陕西,2015,arts,西北政法大学,514,8821,陕西_2015_both_sina
陕西,2015,arts,西安外国语大学,520,7401,陕西_2015_both_sina
陕西,2015,arts,西安石油大学,511,9420,陕西_2015_both_sina
陕西,2015,arts,西安工业大学,510,9949,陕西_2015_both_sina
陕西,2015,arts,西安工程大学,511,9558,陕西_2015_both_sina
陕西,2015,arts,西安科技大学,513,9146,陕西_2015_both_sina
陕西,2015,arts,西安邮电大学,519,7601,陕西_2015_both_sina
陕西,2015,arts,兰州大学,556,2321,陕西_2015_both_sina
陕西,2015,arts,宁夏大学,535,4595,陕西_2015_both_sina
陕西,2015,arts,青海大学,510,9857,陕西_2015_both_sina
陕西,2015,arts,新疆大学,510,9923,陕西_2015_both_sina
陕西,2015,arts,石河子大学,510,9837,陕西_2015_both_sina
陕西,2015,science,北京大学,692,46,陕西_2015_both_sina
陕西,2015,science,中国人民大学,666,408,陕西_2015_both_sina
陕西,2015,science,清华大学,691,59,陕西_2015_both_sina
陕西,2015,science,北京交通大学,589,6186,陕西_2015_both_sina
陕西,2015,science,北京工业大学,566,10810,陕西_2015_both_sina
陕西,2015,science,北京航空航天大学,653,790,陕西_2015_both_sina
陕西,2015,science,北京理工大学,618,2797,陕西_2015_both_sina
陕西,2015,science,北京科技大学,579,7971,陕西_2015_both_sina
陕西,2015,science,北方工业大学,513,30157,陕西_2015_both_sina
陕西,2015,science,北京化工大学,558,12680,陕西_2015_both_sina
陕西,2015,science,北京工商大学,521,26149,陕西_2015_both_sina
陕西,2015,science,北京邮电大学,612,3338,陕西_2015_both_sina
陕西,2015,science,北京建筑大学,534,20584,陕西_2015_both_sina
陕西,2015,science,中国农业大学,582,7483,陕西_2015_both_sina
陕西,2015,science,北京林业大学,513,30359,陕西_2015_both_sina
陕西,2015,science,首都医科大学,595,5298,陕西_2015_both_sina
陕西,2015,science,北京中医药大学,566,10648,陕西_2015_both_sina
陕西,2015,science,北京师范大学,632,1771,陕西_2015_both_sina
陕西,2015,science,北京外国语大学,624,2266,陕西_2015_both_sina
陕西,2015,science,北京第二外国语学院,572,9292,陕西_2015_both_sina
陕西,2015,science,中国传媒大学,587,6587,陕西_2015_both_sina
陕西,2015,science,中央财经大学,638,1392,陕西_2015_both_sina
陕西,2015,science,对外经济贸易大学,645,1074,陕西_2015_both_sina
陕西,2015,science,首都经济贸易大学,582,7505,陕西_2015_both_sina
陕西,2015,science,北京体育大学,506,33727,陕西_2015_both_sina
陕西,2015,science,中央民族大学,557,13145,陕西_2015_both_sina
陕西,2015,science,中国政法大学,607,3846,陕西_2015_both_sina
陕西,2015,science,华北电力大学(北京),572,9487,陕西_2015_both_sina
陕西,2015,science,北京信息科技大学,523,25137,陕西_2015_both_sina
陕西,2015,science,中国矿业大学(北京),542,17930,陕西_2015_both_sina
陕西,2015,science,中国石油大学(北京),545,16676,陕西_2015_both_sina
陕西,2015,science,中国地质大学(北京),544,17212,陕西_2015_both_sina
陕西,2015,science,北京大学医学部,673,235,陕西_2015_both_sina
陕西,2015,science,北京邮电大学(宏福校区),553,14319,陕西_2015_both_sina
陕西,2015,science,中国科学院大学,671,282,陕西_2015_both_sina
陕西,2015,science,北京交通大学(威海校区),516,28383,陕西_2015_both_sina
陕西,2015,science,南开大学,650,874,陕西_2015_both_sina
陕西,2015,science,天津大学,619,2741,陕西_2015_both_sina
陕西,2015,science,天津工业大学,513,30104,陕西_2015_both_sina
陕西,2015,science,中国民航大学,535,20045,陕西_2015_both_sina
陕西,2015,science,天津理工大学,521,25889,陕西_2015_both_sina
陕西,2015,science,天津医科大学,570,9746,陕西_2015_both_sina
陕西,2015,science,天津中医药大学,553,14413,陕西_2015_both_sina
陕西,2015,science,天津外国语大学,517,27817,陕西_2015_both_sina
陕西,2015,science,天津财经大学,561,12007,陕西_2015_both_sina
陕西,2015,science,河北工业大学,552,14653,陕西_2015_both_sina
陕西,2015,science,华北电力大学(保定),559,12613,陕西_2015_both_sina
陕西,2015,science,河北医科大学,571,9705,陕西_2015_both_sina
陕西,2015,science,石家庄铁道大学,501,36920,陕西_2015_both_sina
陕西,2015,science,燕山大学,530,22388,陕西_2015_both_sina
陕西,2015,science,东北大学秦皇岛分校,544,17014,陕西_2015_both_sina
陕西,2015,science,山西大学,506,33754,陕西_2015_both_sina
陕西,2015,science,中北大学,493,41643,陕西_2015_both_sina
陕西,2015,science,太原理工大学,537,19375,陕西_2015_both_sina
陕西,2015,science,山西医科大学,556,13269,陕西_2015_both_sina
陕西,2015,science,山西财经大学,508,32684,陕西_2015_both_sina
陕西,2015,science,内蒙古大学,511,31313,陕西_2015_both_sina
陕西,2015,science,辽宁大学,541,18205,陕西_2015_both_sina
陕西,2015,science,大连理工大学,593,5561,陕西_2015_both_sina
陕西,2015,science,沈阳工业大学,497,39306,陕西_2015_both_sina
陕西,2015,science,东北大学,569,10030,陕西_2015_both_sina
陕西,2015,science,辽宁工程技术大学,483,48822,陕西_2015_both_sina
陕西,2015,science,大连交通大学,511,31352,陕西_2015_both_sina
陕西,2015,science,大连海事大学,548,15694,陕西_2015_both_sina
陕西,2015,science,沈阳建筑大学,494,41167,陕西_2015_both_sina
陕西,2015,science,沈阳农业大学,482,49195,陕西_2015_both_sina
陕西,2015,science,中国医科大学,578,8230,陕西_2015_both_sina
陕西,2015,science,大连医科大学,566,10726,陕西_2015_both_sina
陕西,2015,science,沈阳药科大学,541,18177,陕西_2015_both_sina
陕西,2015,science,东北财经大学,574,9062,陕西_2015_both_sina
陕西,2015,science,大连理工大学(盘锦校区),549,15399,陕西_2015_both_sina
陕西,2015,science,吉林大学,560,12310,陕西_2015_both_sina
陕西,2015,science,延边大学,522,25845,陕西_2015_both_sina
陕西,2015,science,长春理工大学,505,34626,陕西_2015_both_sina
陕西,2015,science,东北师范大学,543,17524,陕西_2015_both_sina
陕西,2015,science,黑龙江大学,485,47422,陕西_2015_both_sina
陕西,2015,science,哈尔滨工业大学,594,5445,陕西_2015_both_sina
陕西,2015,science,哈尔滨理工大学,483,48763,陕西_2015_both_sina
陕西,2015,science,哈尔滨工程大学,560,12172,陕西_2015_both_sina
陕西,2015,science,东北石油大学,489,44640,陕西_2015_both_sina
陕西,2015,science,东北农业大学,498,38820,陕西_2015_both_sina
陕西,2015,science,东北林业大学,508,32686,陕西_2015_both_sina
陕西,2015,science,哈尔滨医科大学,563,11513,陕西_2015_both_sina
陕西,2015,science,黑龙江中医药大学,521,25887,陕西_2015_both_sina
陕西,2015,science,哈尔滨商业大学,486,46708,陕西_2015_both_sina
陕西,2015,science,南京大学,666,410,陕西_2015_both_sina
陕西,2015,science,苏州大学,569,10118,陕西_2015_both_sina
陕西,2015,science,东南大学,619,2694,陕西_2015_both_sina
陕西,2015,science,南京航空航天大学,576,8466,陕西_2015_both_sina
陕西,2015,science,南京理工大学,575,8688,陕西_2015_both_sina
陕西,2015,science,江苏科技大学,511,31257,陕西_2015_both_sina
陕西,2015,science,中国矿业大学,536,19926,陕西_2015_both_sina
陕西,2015,science,南京工业大学,484,48253,陕西_2015_both_sina
陕西,2015,science,常州大学,495,40259,陕西_2015_both_sina
陕西,2015,science,南京邮电大学,558,12767,陕西_2015_both_sina
陕西,2015,science,河海大学,561,11985,陕西_2015_both_sina
陕西,2015,science,江南大学,551,14789,陕西_2015_both_sina
陕西,2015,science,江苏大学,530,22268,陕西_2015_both_sina
陕西,2015,science,南京信息工程大学,554,14082,陕西_2015_both_sina
陕西,2015,science,南京农业大学,534,20691,陕西_2015_both_sina
陕西,2015,science,南京医科大学,577,8374,陕西_2015_both_sina
陕西,2015,science,中国药科大学,563,11486,陕西_2015_both_sina
陕西,2015,science,南京师范大学,546,16247,陕西_2015_both_sina
陕西,2015,science,南京审计学院,574,9030,陕西_2015_both_sina
陕西,2015,science,西交利物浦大学,500,37427,陕西_2015_both_sina
陕西,2015,science,安徽大学,545,16757,陕西_2015_both_sina
陕西,2015,science,中国科学技术大学,667,374,陕西_2015_both_sina
陕西,2015,science,合肥工业大学,553,14300,陕西_2015_both_sina
陕西,2015,science,安徽工业大学,488,45181,陕西_2015_both_sina
陕西,2015,science,安徽理工大学,502,36202,陕西_2015_both_sina
陕西,2015,science,安徽财经大学,534,20502,陕西_2015_both_sina
陕西,2015,science,合肥工业大学(宣城校区),534,20703,陕西_2015_both_sina
陕西,2015,science,山东大学,588,6348,陕西_2015_both_sina
陕西,2015,science,中国海洋大学,571,9670,陕西_2015_both_sina
陕西,2015,science,山东科技大学,509,32318,陕西_2015_both_sina
陕西,2015,science,中国石油大学(华东),549,15580,陕西_2015_both_sina
陕西,2015,science,青岛科技大学,493,41440,陕西_2015_both_sina
陕西,2015,science,济南大学,508,33078,陕西_2015_both_sina
陕西,2015,science,山东师范大学,525,24408,陕西_2015_both_sina
陕西,2015,science,青岛大学,516,28532,陕西_2015_both_sina
陕西,2015,science,山东大学威海分校,560,12150,陕西_2015_both_sina
陕西,2015,science,哈尔滨工业大学(威海),576,8647,陕西_2015_both_sina
陕西,2015,science,复旦大学,685,93,陕西_2015_both_sina
陕西,2015,science,同济大学,652,797,陕西_2015_both_sina
陕西,2015,science,上海交通大学,680,140,陕西_2015_both_sina
陕西,2015,science,华东理工大学,578,8077,陕西_2015_both_sina
陕西,2015,science,上海理工大学,549,15480,陕西_2015_both_sina
陕西,2015,science,东华大学,559,12461,陕西_2015_both_sina
陕西,2015,science,上海外国语大学,590,6030,陕西_2015_both_sina
陕西,2015,science,上海财经大学,662,505,陕西_2015_both_sina
陕西,2015,science,上海对外经贸大学,550,15271,陕西_2015_both_sina
陕西,2015,science,华东政法大学,548,15643,陕西_2015_both_sina
陕西,2015,science,上海大学,570,9773,陕西_2015_both_sina
陕西,2015,science,上海金融学院,533,20924,陕西_2015_both_sina
陕西,2015,science,上海政法学院,485,47026,陕西_2015_both_sina
陕西,2015,science,上海交通大学医学院,663,481,陕西_2015_both_sina
陕西,2015,science,复旦大学医学院,676,187,陕西_2015_both_sina
陕西,2015,science,浙江大学,670,300,陕西_2015_both_sina
陕西,2015,science,杭州电子科技大学,533,21106,陕西_2015_both_sina
陕西,2015,science,浙江工业大学,539,18962,陕西_2015_both_sina
陕西,2015,science,浙江理工大学,529,22769,陕西_2015_both_sina
陕西,2015,science,浙江师范大学,505,34271,陕西_2015_both_sina
陕西,2015,science,宁波大学,518,27309,陕西_2015_both_sina
陕西,2015,science,宁波诺丁汉大学,494,40820,陕西_2015_both_sina
陕西,2015,science,浙江大学医学院,627,2069,陕西_2015_both_sina
陕西,2015,science,南昌大学,551,14913,陕西_2015_both_sina
陕西,2015,science,华东交通大学,513,30271,陕西_2015_both_sina
陕西,2015,science,江西理工大学,485,47497,陕西_2015_both_sina
陕西,2015,science,江西财经大学,555,13749,陕西_2015_both_sina
陕西,2015,science,厦门大学,623,2363,陕西_2015_both_sina
陕西,2015,science,华侨大学,517,27804,陕西_2015_both_sina
陕西,2015,science,福州大学,551,14875,陕西_2015_both_sina
陕西,2015,science,福建农林大学,482,49162,陕西_2015_both_sina
陕西,2015,science,武汉大学,624,2324,陕西_2015_both_sina
陕西,2015,science,华中科技大学,619,2691,陕西_2015_both_sina
陕西,2015,science,武汉科技大学,523,25287,陕西_2015_both_sina
陕西,2015,science,长江大学,488,44808,陕西_2015_both_sina
陕西,2015,science,武汉工程大学,498,38884,陕西_2015_both_sina
陕西,2015,science,中国地质大学(武汉),551,14933,陕西_2015_both_sina
陕西,2015,science,武汉理工大学,568,10212,陕西_2015_both_sina
陕西,2015,science,华中农业大学,530,22397,陕西_2015_both_sina
陕西,2015,science,湖北中医药大学,538,19272,陕西_2015_both_sina
陕西,2015,science,湖北大学,511,30895,陕西_2015_both_sina
陕西,2015,science,中南财经政法大学,581,7608,陕西_2015_both_sina
陕西,2015,science,三峡大学,500,37734,陕西_2015_both_sina
陕西,2015,science,湘潭大学,515,28984,陕西_2015_both_sina
陕西,2015,science,湖南大学,586,6686,陕西_2015_both_sina
陕西,2015,science,中南大学,588,6446,陕西_2015_both_sina
陕西,2015,science,湖南科技大学,491,42992,陕西_2015_both_sina
陕西,2015,science,长沙理工大学,516,28516,陕西_2015_both_sina
陕西,2015,science,湖南农业大学,486,46304,陕西_2015_both_sina
陕西,2015,science,中南林业科技大学,491,43131,陕西_2015_both_sina
陕西,2015,science,湖南中医药大学,540,18370,陕西_2015_both_sina
陕西,2015,science,湖南师范大学,541,18074,陕西_2015_both_sina
陕西,2015,science,南华大学,500,37340,陕西_2015_both_sina
陕西,2015,science,郑州大学,548,15656,陕西_2015_both_sina
陕西,2015,science,河南大学,515,28954,陕西_2015_both_sina
陕西,2015,science,中山大学,625,2176,陕西_2015_both_sina
陕西,2015,science,暨南大学,578,8167,陕西_2015_both_sina
陕西,2015,science,华南理工大学,612,3305,陕西_2015_both_sina
陕西,2015,science,广州中医药大学,544,17178,陕西_2015_both_sina
陕西,2015,science,华南师范大学,542,17877,陕西_2015_both_sina
陕西,2015,science,深圳大学,555,13566,陕西_2015_both_sina
陕西,2015,science,广东工业大学,512,30715,陕西_2015_both_sina
陕西,2015,science,广东外语外贸大学,545,16708,陕西_2015_both_sina
陕西,2015,science,南方医科大学,554,13993,陕西_2015_both_sina
陕西,2015,science,北京师范大学-香港浸会大学联合国际学院,487,45792,陕西_2015_both_sina
陕西,2015,science,广西大学,517,27899,陕西_2015_both_sina
陕西,2015,science,广西医科大学,565,11014,陕西_2015_both_sina
陕西,2015,science,海南大学,516,28721,陕西_2015_both_sina
陕西,2015,science,重庆大学,598,4987,陕西_2015_both_sina
陕西,2015,science,重庆邮电大学,530,22381,陕西_2015_both_sina
陕西,2015,science,重庆交通大学,507,33503,陕西_2015_both_sina
陕西,2015,science,重庆医科大学,581,7708,陕西_2015_both_sina
陕西,2015,science,西南大学,544,16968,陕西_2015_both_sina
陕西,2015,science,四川外国语大学,512,30472,陕西_2015_both_sina
陕西,2015,science,西南政法大学,544,17179,陕西_2015_both_sina
陕西,2015,science,重庆工商大学,513,30279,陕西_2015_both_sina
陕西,2015,science,四川大学,601,4581,陕西_2015_both_sina
陕西,2015,science,西南交通大学,575,8844,陕西_2015_both_sina
陕西,2015,science,电子科技大学,607,3784,陕西_2015_both_sina
陕西,2015,science,西南石油大学,504,34798,陕西_2015_both_sina
陕西,2015,science,四川农业大学,512,30849,陕西_2015_both_sina
陕西,2015,science,成都中医药大学,546,16328,陕西_2015_both_sina
陕西,2015,science,西南财经大学,609,3576,陕西_2015_both_sina
陕西,2015,science,电子科技大学(沙河校区),568,10238,陕西_2015_both_sina
陕西,2015,science,贵州大学,523,25319,陕西_2015_both_sina
陕西,2015,science,云南大学,534,20694,陕西_2015_both_sina
陕西,2015,science,西安交通大学,626,2152,陕西_2015_both_sina
陕西,2015,science,西安交通大学(医学部),586,6724,陕西_2015_both_sina
陕西,2015,science,西北工业大学,601,4613,陕西_2015_both_sina
陕西,2015,science,西安电子科技大学,582,7549,陕西_2015_both_sina
陕西,2015,science,陕西师范大学,549,15417,陕西_2015_both_sina
陕西,2015,science,西北农林科技大学,536,19743,陕西_2015_both_sina
陕西,2015,science,长安大学,557,13110,陕西_2015_both_sina
陕西,2015,science,西北大学,554,14061,陕西_2015_both_sina
陕西,2015,science,陕西科技大学,495,40248,陕西_2015_both_sina
陕西,2015,science,西安建筑科技大学,506,34142,陕西_2015_both_sina
陕西,2015,science,西安理工大学,524,24682,陕西_2015_both_sina
陕西,2015,science,西北政法大学,489,44489,陕西_2015_both_sina
陕西,2015,science,西安外国语大学,491,43115,陕西_2015_both_sina
陕西,2015,science,西安石油大学,480,51243,陕西_2015_both_sina
陕西,2015,science,西安工业大学,484,47988,陕西_2015_both_sina
陕西,2015,science,西安工程大学,481,50218,陕西_2015_both_sina
陕西,2015,science,西安科技大学,485,46987,陕西_2015_both_sina
陕西,2015,science,西安邮电大学,508,32687,陕西_2015_both_sina
陕西,2015,science,延安大学,530,22355,陕西_2015_both_sina
陕西,2015,science,兰州大学,570,9739,陕西_2015_both_sina
陕西,2015,science,宁夏大学,517,28224,陕西_2015_both_sina
陕西,2015,science,宁夏医科大学,549,15407,陕西_2015_both_sina
陕西,2015,science,青海大学,510,31611,陕西_2015_both_sina
陕西,2015,science,新疆大学,482,49467,陕西_2015_both_sina
陕西,2015,science,石河子大学,494,41071,陕西_2015_both_sina
陕西,2015,science,新疆医科大学,564,1126,陕西_2015_both_sina
黑龙江,2015,science,北京大学医学部,660,,黑龙江_2015_both_sina
黑龙江,2015,science,北京大学,691,,黑龙江_2015_both_sina
黑龙江,2015,arts,北京大学,641,,黑龙江_2015_both_sina
黑龙江,2015,science,中国人民大学,668,,黑龙江_2015_both_sina
黑龙江,2015,arts,中国人民大学,628,,黑龙江_2015_both_sina
黑龙江,2015,science,清华大学,681,,黑龙江_2015_both_sina
黑龙江,2015,arts,清华大学,648,,黑龙江_2015_both_sina
黑龙江,2015,science,华东师范大学,620,,黑龙江_2015_both_sina
黑龙江,2015,arts,华东师范大学,595,,黑龙江_2015_both_sina
黑龙江,2015,science,北京外国语大学,638,,黑龙江_2015_both_sina
黑龙江,2015,arts,北京外国语大学,617,,黑龙江_2015_both_sina
黑龙江,2015,science,南开大学,645,,黑龙江_2015_both_sina
黑龙江,2015,arts,南开大学,604,,黑龙江_2015_both_sina
黑龙江,2015,science,天津大学,625,,黑龙江_2015_both_sina
黑龙江,2015,arts,天津大学,596,,黑龙江_2015_both_sina
黑龙江,2015,science,大连理工大学,613,,黑龙江_2015_both_sina
黑龙江,2015,arts,大连理工大学,566,,黑龙江_2015_both_sina
黑龙江,2015,science,吉林大学,588,,黑龙江_2015_both_sina
黑龙江,2015,arts,吉林大学,583,,黑龙江_2015_both_sina
黑龙江,2015,science,武汉大学,630,,黑龙江_2015_both_sina
黑龙江,2015,arts,武汉大学,608,,黑龙江_2015_both_sina
黑龙江,2015,science,复旦大学,677,,黑龙江_2015_both_sina
黑龙江,2015,arts,复旦大学,628,,黑龙江_2015_both_sina
黑龙江,2015,science,上海交通大学,680,,黑龙江_2015_both_sina
黑龙江,2015,arts,上海交通大学,633,,黑龙江_2015_both_sina
黑龙江,2015,science,同济大学,651,,黑龙江_2015_both_sina
黑龙江,2015,science,华东理工大学,604,,黑龙江_2015_both_sina
黑龙江,2015,science,复旦大学医学院,667,,黑龙江_2015_both_sina
黑龙江,2015,science,上海外国语大学,617,,黑龙江_2015_both_sina
黑龙江,2015,arts,上海外国语大学,599,,黑龙江_2015_both_sina
黑龙江,2015,science,南京大学,665,,黑龙江_2015_both_sina
黑龙江,2015,arts,南京大学,617,,黑龙江_2015_both_sina
黑龙江,2015,science,东南大学,626,,黑龙江_2015_both_sina
黑龙江,2015,science,浙江大学,667,,黑龙江_2015_both_sina
黑龙江,2015,arts,浙江大学,622,,黑龙江_2015_both_sina
黑龙江,2015,science,厦门大学,636,,黑龙江_2015_both_sina
黑龙江,2015,arts,厦门大学,603,,黑龙江_2015_both_sina
黑龙江,2015,science,山东大学,607,,黑龙江_2015_both_sina
黑龙江,2015,arts,山东大学,594,,黑龙江_2015_both_sina
黑龙江,2015,science,中国海洋大学,596,,黑龙江_2015_both_sina
黑龙江,2015,arts,中国海洋大学,571,,黑龙江_2015_both_sina
黑龙江,2015,science,中山大学,630,,黑龙江_2015_both_sina
黑龙江,2015,arts,中山大学,603,,黑龙江_2015_both_sina
黑龙江,2015,science,华中科技大学,620,,黑龙江_2015_both_sina
黑龙江,2015,science,兰州大学,585,,黑龙江_2015_both_sina
黑龙江,2015,arts,兰州大学,565,,黑龙江_2015_both_sina
黑龙江,2015,science,四川大学,607,,黑龙江_2015_both_sina
黑龙江,2015,arts,四川大学,596,,黑龙江_2015_both_sina
黑龙江,2015,science,重庆大学,603,,黑龙江_2015_both_sina
黑龙江,2015,arts,重庆大学,582,,黑龙江_2015_both_sina
黑龙江,2015,science,江南大学,573,,黑龙江_2015_both_sina
黑龙江,2015,arts,江南大学,568,,黑龙江_2015_both_sina
黑龙江,2015,science,西安交通大学,638,,黑龙江_2015_both_sina
黑龙江,2015,arts,西安交通大学,589,,黑龙江_2015_both_sina
黑龙江,2015,science,中南大学,604,,黑龙江_2015_both_sina
黑龙江,2015,arts,中南大学,581,,黑龙江_2015_both_sina
黑龙江,2015,science,东北师范大学,585,,黑龙江_2015_both_sina
黑龙江,2015,arts,东北师范大学,580,,黑龙江_2015_both_sina
黑龙江,2015,science,西南大学,559,,黑龙江_2015_both_sina
黑龙江,2015,arts,西南大学,559,,黑龙江_2015_both_sina
黑龙江,2015,arts,北京语言大学,588,,黑龙江_2015_both_sina
黑龙江,2015,science,华南理工大学,616,,黑龙江_2015_both_sina
黑龙江,2015,science,中国政法大学,619,,黑龙江_2015_both_sina
黑龙江,2015,arts,中国政法大学,599,,黑龙江_2015_both_sina
黑龙江,2015,science,对外经济贸易大学,645,,黑龙江_2015_both_sina
黑龙江,2015,arts,对外经济贸易大学,612,,黑龙江_2015_both_sina
黑龙江,2015,science,中央财经大学,652,,黑龙江_2015_both_sina
黑龙江,2015,arts,中央财经大学,612,,黑龙江_2015_both_sina
黑龙江,2015,science,中南财经政法大学,629,,黑龙江_2015_both_sina
黑龙江,2015,arts,中南财经政法大学,600,,黑龙江_2015_both_sina
黑龙江,2015,science,上海财经大学,654,,黑龙江_2015_both_sina
黑龙江,2015,arts,上海财经大学,624,,黑龙江_2015_both_sina
黑龙江,2015,science,西南财经大学,627,,黑龙江_2015_both_sina
黑龙江,2015,arts,西南财经大学,600,,黑龙江_2015_both_sina
黑龙江,2015,science,中国农业大学,598,,黑龙江_2015_both_sina
黑龙江,2015,science,南京农业大学,560,,黑龙江_2015_both_sina
黑龙江,2015,arts,南京农业大学,563,,黑龙江_2015_both_sina
黑龙江,2015,science,华中农业大学,554,,黑龙江_2015_both_sina
黑龙江,2015,arts,华中农业大学,548,,黑龙江_2015_both_sina
黑龙江,2015,science,西北农林科技大学,565,,黑龙江_2015_both_sina
黑龙江,2015,arts,西北农林科技大学,546,,黑龙江_2015_both_sina
黑龙江,2015,science,北京林业大学,579,,黑龙江_2015_both_sina
黑龙江,2015,arts,北京林业大学,567,,黑龙江_2015_both_sina
黑龙江,2015,science,湖南大学,602,,黑龙江_2015_both_sina
黑龙江,2015,arts,湖南大学,587,,黑龙江_2015_both_sina
黑龙江,2015,science,合肥工业大学,579,,黑龙江_2015_both_sina
黑龙江,2015,arts,合肥工业大学,540,,黑龙江_2015_both_sina
黑龙江,2015,science,西安电子科技大学,600,,黑龙江_2015_both_sina
黑龙江,2015,science,北京交通大学,610,,黑龙江_2015_both_sina
黑龙江,2015,arts,北京交通大学,593,,黑龙江_2015_both_sina
黑龙江,2015,science,北京科技大学,601,,黑龙江_2015_both_sina
黑龙江,2015,arts,北京科技大学,579,,黑龙江_2015_both_sina
黑龙江,2015,science,北京化工大学,581,,黑龙江_2015_both_sina
黑龙江,2015,arts,北京化工大学,565,,黑龙江_2015_both_sina
黑龙江,2015,science,北京邮电大学,620,,黑龙江_2015_both_sina
黑龙江,2015,arts,北京邮电大学,583,,黑龙江_2015_both_sina
黑龙江,2015,science,北京中医药大学,578,,黑龙江_2015_both_sina
黑龙江,2015,arts,北京中医药大学,553,,黑龙江_2015_both_sina
黑龙江,2015,science,中国传媒大学,603,,黑龙江_2015_both_sina
黑龙江,2015,arts,中国传媒大学,595,,黑龙江_2015_both_sina
黑龙江,2015,science,东北大学,603,,黑龙江_2015_both_sina
黑龙江,2015,arts,东北大学,567,,黑龙江_2015_both_sina
黑龙江,2015,science,东华大学,581,,黑龙江_2015_both_sina
黑龙江,2015,science,河海大学,580,,黑龙江_2015_both_sina
黑龙江,2015,arts,河海大学,559,,黑龙江_2015_both_sina
黑龙江,2015,science,中国药科大学,579,,黑龙江_2015_both_sina
黑龙江,2015,arts,中国药科大学,566,,黑龙江_2015_both_sina
黑龙江,2015,science,中国石油大学(华东),566,,黑龙江_2015_both_sina
黑龙江,2015,science,中国地质大学(武汉),569,,黑龙江_2015_both_sina
黑龙江,2015,arts,中国地质大学(武汉),550,,黑龙江_2015_both_sina
黑龙江,2015,science,中国矿业大学(北京),571,,黑龙江_2015_both_sina
黑龙江,2015,science,中国石油大学(北京),584,,黑龙江_2015_both_sina
黑龙江,2015,arts,中国石油大学(北京),568,,黑龙江_2015_both_sina
黑龙江,2015,science,中国地质大学(北京),574,,黑龙江_2015_both_sina
黑龙江,2015,arts,中国地质大学(北京),551,,黑龙江_2015_both_sina
黑龙江,2015,science,西南交通大学,589,,黑龙江_2015_both_sina
黑龙江,2015,arts,西南交通大学,557,,黑龙江_2015_both_sina
黑龙江,2015,science,电子科技大学,615,,黑龙江_2015_both_sina
黑龙江,2015,science,长安大学,576,,黑龙江_2015_both_sina
黑龙江,2015,science,武汉理工大学,585,,黑龙江_2015_both_sina
黑龙江,2015,arts,武汉理工大学,556,,黑龙江_2015_both_sina
黑龙江,2015,science,华侨大学,548,,黑龙江_2015_both_sina
黑龙江,2015,arts,华侨大学,552,,黑龙江_2015_both_sina
黑龙江,2015,science,山东大学威海分校,588,,黑龙江_2015_both_sina
黑龙江,2015,arts,山东大学威海分校,574,,黑龙江_2015_both_sina
黑龙江,2015,science,北京体育大学,557,,黑龙江_2015_both_sina
黑龙江,2015,arts,北京体育大学,555,,黑龙江_2015_both_sina
黑龙江,2015,science,北京航空航天大学,648,,黑龙江_2015_both_sina
黑龙江,2015,arts,北京航空航天大学,597,,黑龙江_2015_both_sina
黑龙江,2015,science,北京理工大学,623,,黑龙江_2015_both_sina
黑龙江,2015,arts,北京理工大学,566,,黑龙江_2015_both_sina
黑龙江,2015,science,南京航空航天大学,606,,黑龙江_2015_both_sina
黑龙江,2015,science,南京理工大学,596,,黑龙江_2015_both_sina
黑龙江,2015,science,西北工业大学,613,,黑龙江_2015_both_sina
黑龙江,2015,arts,西北工业大学,569,,黑龙江_2015_both_sina
黑龙江,2015,science,中国科学技术大学,669,,黑龙江_2015_both_sina
黑龙江,2015,science,暨南大学,598,,黑龙江_2015_both_sina
黑龙江,2015,arts,暨南大学,588,,黑龙江_2015_both_sina
黑龙江,2015,science,中央民族大学,581,,黑龙江_2015_both_sina
黑龙江,2015,arts,中央民族大学,576,,黑龙江_2015_both_sina
黑龙江,2015,science,华北电力大学(北京),604,,黑龙江_2015_both_sina
黑龙江,2015,arts,华北电力大学(北京),573,,黑龙江_2015_both_sina
黑龙江,2015,science,华北电力大学(保定),582,,黑龙江_2015_both_sina
黑龙江,2015,arts,华北电力大学(保定),559,,黑龙江_2015_both_sina
黑龙江,2015,science,大连海事大学,584,,黑龙江_2015_both_sina
黑龙江,2015,arts,大连海事大学,572,,黑龙江_2015_both_sina
黑龙江,2015,science,中国矿业大学,561,,黑龙江_2015_both_sina
黑龙江,2015,arts,中国矿业大学,552,,黑龙江_2015_both_sina
黑龙江,2015,science,东北大学秦皇岛分校,574,,黑龙江_2015_both_sina
黑龙江,2015,arts,东北大学秦皇岛分校,562,,黑龙江_2015_both_sina
黑龙江,2015,science,上海交通大学医学院,670,,黑龙江_2015_both_sina
黑龙江,2015,science,合肥工业大学(宣城校区),563,,黑龙江_2015_both_sina
黑龙江,2015,science,大连理工大学(盘锦校区),575,,黑龙江_2015_both_sina
黑龙江,2015,science,中国人民大学(苏州校区),637,,黑龙江_2015_both_sina
黑龙江,2015,arts,中国人民大学(苏州校区),600,,黑龙江_2015_both_sina
黑龙江,2015,science,北京邮电大学(宏福校区),590,,黑龙江_2015_both_sina
黑龙江,2015,science,北京交通大学(威海校区),562,,黑龙江_2015_both_sina
黑龙江,2015,science,北京第二外国语学院,597,,黑龙江_2015_both_sina
黑龙江,2015,arts,北京第二外国语学院,583,,黑龙江_2015_both_sina
黑龙江,2015,science,北京工商大学,562,,黑龙江_2015_both_sina
黑龙江,2015,arts,北京工商大学,567,,黑龙江_2015_both_sina
黑龙江,2015,science,燕山大学,559,,黑龙江_2015_both_sina
黑龙江,2015,arts,燕山大学,548,,黑龙江_2015_both_sina
黑龙江,2015,science,大连医科大学,577,,黑龙江_2015_both_sina
黑龙江,2015,science,辽宁工程技术大学,512,,黑龙江_2015_both_sina
黑龙江,2015,arts,辽宁工程技术大学,497,,黑龙江_2015_both_sina
黑龙江,2015,science,沈阳农业大学,500,,黑龙江_2015_both_sina
黑龙江,2015,science,中国医科大学,567,,黑龙江_2015_both_sina
黑龙江,2015,science,沈阳药科大学,559,,黑龙江_2015_both_sina
黑龙江,2015,science,东北财经大学,616,,黑龙江_2015_both_sina
黑龙江,2015,arts,东北财经大学,584,,黑龙江_2015_both_sina
黑龙江,2015,science,上海对外经贸大学,588,,黑龙江_2015_both_sina
黑龙江,2015,arts,上海对外经贸大学,576,,黑龙江_2015_both_sina
黑龙江,2015,science,西南政法大学,571,,黑龙江_2015_both_sina
黑龙江,2015,arts,西南政法大学,572,,黑龙江_2015_both_sina
黑龙江,2015,science,西安建筑科技大学,516,,黑龙江_2015_both_sina
黑龙江,2015,science,内蒙古大学,535,,黑龙江_2015_both_sina
黑龙江,2015,arts,内蒙古大学,524,,黑龙江_2015_both_sina
黑龙江,2015,science,石家庄铁道大学,542,,黑龙江_2015_both_sina
黑龙江,2015,arts,石家庄铁道大学,509,,黑龙江_2015_both_sina
黑龙江,2015,science,太原理工大学,560,,黑龙江_2015_both_sina
黑龙江,2015,arts,太原理工大学,527,,黑龙江_2015_both_sina
黑龙江,2015,science,江苏大学,554,,黑龙江_2015_both_sina
黑龙江,2015,arts,江苏大学,542,,黑龙江_2015_both_sina
黑龙江,2015,science,首都师范大学,563,,黑龙江_2015_both_sina
黑龙江,2015,arts,首都师范大学,562,,黑龙江_2015_both_sina
黑龙江,2015,science,南京信息工程大学,563,,黑龙江_2015_both_sina
黑龙江,2015,arts,南京信息工程大学,531,,黑龙江_2015_both_sina
黑龙江,2015,science,天津中医药大学,567,,黑龙江_2015_both_sina
黑龙江,2015,science,西安理工大学,543,,黑龙江_2015_both_sina
黑龙江,2015,science,新疆大学,483,,黑龙江_2015_both_sina
黑龙江,2015,arts,新疆大学,506,,黑龙江_2015_both_sina
黑龙江,2015,science,深圳大学,573,,黑龙江_2015_both_sina
黑龙江,2015,arts,深圳大学,568,,黑龙江_2015_both_sina
黑龙江,2015,science,宁波大学,552,,黑龙江_2015_both_sina
黑龙江,2015,arts,宁波大学,558,,黑龙江_2015_both_sina
黑龙江,2015,science,天津医科大学,596,,黑龙江_2015_both_sina
黑龙江,2015,science,西北大学,565,,黑龙江_2015_both_sina
黑龙江,2015,arts,西北大学,564,,黑龙江_2015_both_sina
黑龙江,2015,science,四川农业大学,511,,黑龙江_2015_both_sina
黑龙江,2015,science,广西大学,542,,黑龙江_2015_both_sina
黑龙江,2015,science,南昌大学,563,,黑龙江_2015_both_sina
黑龙江,2015,arts,南昌大学,558,,黑龙江_2015_both_sina
黑龙江,2015,science,辽宁大学,574,,黑龙江_2015_both_sina
黑龙江,2015,arts,辽宁大学,571,,黑龙江_2015_both_sina
黑龙江,2015,science,湘潭大学,543,,黑龙江_2015_both_sina
黑龙江,2015,arts,湘潭大学,541,,黑龙江_2015_both_sina
黑龙江,2015,science,云南大学,547,,黑龙江_2015_both_sina
黑龙江,2015,arts,云南大学,548,,黑龙江_2015_both_sina
黑龙江,2015,science,华东政法大学,593,,黑龙江_2015_both_sina
黑龙江,2015,arts,华东政法大学,589,,黑龙江_2015_both_sina
黑龙江,2015,science,湖南师范大学,554,,黑龙江_2015_both_sina
黑龙江,2015,arts,湖南师范大学,554,,黑龙江_2015_both_sina
黑龙江,2015,science,郑州大学,567,,黑龙江_2015_both_sina
黑龙江,2015,arts,郑州大学,560,,黑龙江_2015_both_sina
黑龙江,2015,science,福州大学,571,,黑龙江_2015_both_sina
黑龙江,2015,arts,福州大学,559,,黑龙江_2015_both_sina
黑龙江,2015,science,河北工业大学,576,,黑龙江_2015_both_sina
黑龙江,2015,arts,河北工业大学,545,,黑龙江_2015_both_sina
黑龙江,2015,science,北京师范大学-香港浸会大学联合国际学院,526,,黑龙江_2015_both_sina
黑龙江,2015,arts,北京师范大学-香港浸会大学联合国际学院,520,,黑龙江_2015_both_sina
黑龙江,2015,science,陕西科技大学,522,,黑龙江_2015_both_sina
黑龙江,2015,science,长春理工大学,545,,黑龙江_2015_both_sina
黑龙江,2015,arts,长春理工大学,518,,黑龙江_2015_both_sina
黑龙江,2015,science,苏州大学,584,,黑龙江_2015_both_sina
黑龙江,2015,arts,苏州大学,581,,黑龙江_2015_both_sina
黑龙江,2015,science,中北大学,514,,黑龙江_2015_both_sina
黑龙江,2015,science,北京工业大学,584,,黑龙江_2015_both_sina
黑龙江,2015,arts,北京工业大学,561,,黑龙江_2015_both_sina
黑龙江,2015,science,南京师范大学,569,,黑龙江_2015_both_sina
黑龙江,2015,science,华南师范大学,556,,黑龙江_2015_both_sina
黑龙江,2015,arts,华南师范大学,563,,黑龙江_2015_both_sina
黑龙江,2015,science,浙江理工大学,551,,黑龙江_2015_both_sina
黑龙江,2015,science,湖北大学,522,,黑龙江_2015_both_sina
黑龙江,2015,arts,湖北大学,531,,黑龙江_2015_both_sina
黑龙江,2015,science,中国民航大学,563,,黑龙江_2015_both_sina
黑龙江,2015,science,东北电力大学,562,,黑龙江_2015_both_sina
黑龙江,2015,science,重庆邮电大学,555,,黑龙江_2015_both_sina
黑龙江,2015,arts,重庆邮电大学,529,,黑龙江_2015_both_sina
黑龙江,2015,science,首都医科大学,603,,黑龙江_2015_both_sina
黑龙江,2015,science,南方医科大学,577,,黑龙江_2015_both_sina
黑龙江,2015,arts,南方医科大学,541,,黑龙江_2015_both_sina
黑龙江,2015,science,贵州大学,543,,黑龙江_2015_both_sina
黑龙江,2015,arts,贵州大学,536,,黑龙江_2015_both_sina
黑龙江,2015,science,广东外语外贸大学,585,,黑龙江_2015_both_sina
黑龙江,2015,arts,广东外语外贸大学,570,,黑龙江_2015_both_sina
黑龙江,2015,science,宁波诺丁汉大学,552,,黑龙江_2015_both_sina
黑龙江,2015,arts,宁波诺丁汉大学,546,,黑龙江_2015_both_sina
黑龙江,2015,science,广西医科大学,580,,黑龙江_2015_both_sina
黑龙江,2015,science,山西医科大学,581,,黑龙江_2015_both_sina
黑龙江,2015,science,沈阳建筑大学,541,,黑龙江_2015_both_sina
黑龙江,2015,arts,沈阳建筑大学,526,,黑龙江_2015_both_sina
黑龙江,2015,science,上海理工大学,565,,黑龙江_2015_both_sina
黑龙江,2015,science,天津财经大学,599,,黑龙江_2015_both_sina
黑龙江,2015,arts,天津财经大学,581,,黑龙江_2015_both_sina
黑龙江,2015,science,中国计量学院,545,,黑龙江_2015_both_sina
黑龙江,2015,arts,中国计量学院,543,,黑龙江_2015_both_sina
黑龙江,2015,science,大连交通大学,554,,黑龙江_2015_both_sina
黑龙江,2015,science,南通大学,533,,黑龙江_2015_both_sina
黑龙江,2015,science,广州中医药大学,566,,黑龙江_2015_both_sina
黑龙江,2015,arts,广州中医药大学,544,,黑龙江_2015_both_sina
黑龙江,2015,science,河南大学,529,,黑龙江_2015_both_sina
黑龙江,2015,arts,河南大学,531,,黑龙江_2015_both_sina
黑龙江,2015,science,青海大学,502,,黑龙江_2015_both_sina
黑龙江,2015,science,华南农业大学,535,,黑龙江_2015_both_sina
黑龙江,2015,science,浙江工业大学,560,,黑龙江_2015_both_sina
黑龙江,2015,science,南京邮电大学,571,,黑龙江_2015_both_sina
黑龙江,2015,arts,南京邮电大学,549,,黑龙江_2015_both_sina
黑龙江,2015,science,南京财经大学,575,,黑龙江_2015_both_sina
黑龙江,2015,arts,南京财经大学,565,,黑龙江_2015_both_sina
黑龙江,2015,science,南京工业大学,552,,黑龙江_2015_both_sina
黑龙江,2015,science,江苏科技大学,539,,黑龙江_2015_both_sina
黑龙江,2015,arts,江苏科技大学,534,,黑龙江_2015_both_sina
黑龙江,2015,science,长沙理工大学,540,,黑龙江_2015_both_sina
黑龙江,2015,arts,长沙理工大学,529,,黑龙江_2015_both_sina
黑龙江,2015,science,青岛科技大学,546,,黑龙江_2015_both_sina
黑龙江,2015,science,青岛大学,548,,黑龙江_2015_both_sina
黑龙江,2015,arts,青岛大学,552,,黑龙江_2015_both_sina
黑龙江,2015,science,浙江师范大学,539,,黑龙江_2015_both_sina
黑龙江,2015,arts,浙江师范大学,544,,黑龙江_2015_both_sina
黑龙江,2015,science,大连工业大学,539,,黑龙江_2015_both_sina
黑龙江,2015,science,西交利物浦大学,538,,黑龙江_2015_both_sina
黑龙江,2015,arts,西交利物浦大学,533,,黑龙江_2015_both_sina
黑龙江,2015,science,上海大学,593,,黑龙江_2015_both_sina
黑龙江,2015,arts,上海大学,579,,黑龙江_2015_both_sina
黑龙江,2015,science,辽宁中医药大学,546,,黑龙江_2015_both_sina
黑龙江,2015,science,青岛理工大学,554,,黑龙江_2015_both_sina
黑龙江,2015,arts,青岛理工大学,540,,黑龙江_2015_both_sina
黑龙江,2015,science,海南大学,549,,黑龙江_2015_both_sina
黑龙江,2015,arts,海南大学,547,,黑龙江_2015_both_sina
黑龙江,2015,science,安徽大学,560,,黑龙江_2015_both_sina
黑龙江,2015,arts,安徽大学,559,,黑龙江_2015_both_sina
黑龙江,2015,science,江西财经大学,578,,黑龙江_2015_both_sina
黑龙江,2015,arts,江西财经大学,569,,黑龙江_2015_both_sina
黑龙江,2015,science,武汉科技大学,543,,黑龙江_2015_both_sina
黑龙江,2015,science,上海金融学院,579,,黑龙江_2015_both_sina
黑龙江,2015,arts,上海金融学院,570,,黑龙江_2015_both_sina
黑龙江,2015,science,山东科技大学,544,,黑龙江_2015_both_sina
黑龙江,2015,arts,山东科技大学,544,,黑龙江_2015_both_sina
黑龙江,2015,science,南京审计学院,591,,黑龙江_2015_both_sina
黑龙江,2015,arts,南京审计学院,578,,黑龙江_2015_both_sina
黑龙江,2015,science,南京林业大学,538,,黑龙江_2015_both_sina
黑龙江,2015,science,湖南科技大学,519,,黑龙江_2015_both_sina
黑龙江,2015,arts,湖南科技大学,522,,黑龙江_2015_both_sina
黑龙江,2015,science,宁夏大学,526,,黑龙江_2015_both_sina
黑龙江,2015,arts,宁夏大学,515,,黑龙江_2015_both_sina
黑龙江,2015,science,杭州电子科技大学,560,,黑龙江_2015_both_sina
黑龙江,2015,arts,天津外国语大学,566,,黑龙江_2015_both_sina
黑龙江,2015,science,常州大学,532,,黑龙江_2015_both_sina
黑龙江,2015,arts,常州大学,530,,黑龙江_2015_both_sina
黑龙江,2015,science,首都经济贸易大学,587,,黑龙江_2015_both_sina
黑龙江,2015,arts,首都经济贸易大学,572,,黑龙江_2015_both_sina
黑龙江,2015,science,安徽财经大学,558,,黑龙江_2015_both_sina
黑龙江,2015,arts,安徽财经大学,553,,黑龙江_2015_both_sina
黑龙江,2015,science,沈阳航空航天大学,566,,黑龙江_2015_both_sina
黑龙江,2015,science,沈阳工业大学,548,,黑龙江_2015_both_sina
黑龙江,2015,science,四川外国语大学,559,,黑龙江_2015_both_sina
黑龙江,2015,arts,四川外国语大学,556,,黑龙江_2015_both_sina
黑龙江,2015,science,三峡大学,525,,黑龙江_2015_both_sina
黑龙江,2015,science,北京信息科技大学,554,,黑龙江_2015_both_sina
黑龙江,2015,arts,北京信息科技大学,543,,黑龙江_2015_both_sina
黑龙江,2015,science,北京建筑大学,554,,黑龙江_2015_both_sina
黑龙江,2015,arts,北京建筑大学,541,,黑龙江_2015_both_sina
黑龙江,2015,science,北京物资学院,555,,黑龙江_2015_both_sina
黑龙江,2015,arts,北京物资学院,557,,黑龙江_2015_both_sina
黑龙江,2015,science,天津工业大学,556,,黑龙江_2015_both_sina
黑龙江,2015,science,山西财经大学,564,,黑龙江_2015_both_sina
黑龙江,2015,arts,山西财经大学,558,,黑龙江_2015_both_sina
黑龙江,2015,science,中南林业科技大学,506,,黑龙江_2015_both_sina
黑龙江,2015,arts,中南林业科技大学,523,,黑龙江_2015_both_sina
黑龙江,2015,science,南华大学,516,,黑龙江_2015_both_sina
黑龙江,2015,arts,南华大学,511,,黑龙江_2015_both_sina
黑龙江,2015,science,湖南农业大学,502,,黑龙江_2015_both_sina
黑龙江,2015,arts,湖南农业大学,526,,黑龙江_2015_both_sina
黑龙江,2015,science,河北大学,533,,黑龙江_2015_both_sina
黑龙江,2015,arts,河北大学,534,,黑龙江_2015_both_sina
黑龙江,2015,science,武汉工程大学,515,,黑龙江_2015_both_sina
黑龙江,2015,science,湖南中医药大学,550,,黑龙江_2015_both_sina
黑龙江,2015,science,西安石油大学,528,,黑龙江_2015_both_sina
黑龙江,2015,science,成都理工大学,530,,黑龙江_2015_both_sina
黑龙江,2015,arts,成都理工大学,539,,黑龙江_2015_both_sina
黑龙江,2015,science,上海海事大学,557,,黑龙江_2015_both_sina
黑龙江,2015,arts,上海海事大学,562,,黑龙江_2015_both_sina
黑龙江,2015,science,西南石油大学,495,,黑龙江_2015_both_sina
黑龙江,2015,science,上海立信会计学院,584,,黑龙江_2015_both_sina
黑龙江,2015,arts,上海立信会计学院,573,,黑龙江_2015_both_sina
黑龙江,2015,science,南昌航空大学,545,,黑龙江_2015_both_sina
黑龙江,2015,science,沈阳理工大学,533,,黑龙江_2015_both_sina
黑龙江,2015,science,北京印刷学院,534,,黑龙江_2015_both_sina
黑龙江,2015,science,江西理工大学,506,,黑龙江_2015_both_sina
黑龙江,2015,science,辽宁科技大学,508,,黑龙江_2015_both_sina
黑龙江,2015,science,华东交通大学,541,,黑龙江_2015_both_sina
黑龙江,2015,science,山西大学,521,,黑龙江_2015_both_sina
黑龙江,2015,arts,山西大学,523,,黑龙江_2015_both_sina
黑龙江,2015,science,上海政法学院,552,,黑龙江_2015_both_sina
黑龙江,2015,arts,上海政法学院,553,,黑龙江_2015_both_sina
黑龙江,2015,science,大连民族大学,530,,黑龙江_2015_both_sina
黑龙江,2015,arts,大连民族大学,527,,黑龙江_2015_both_sina
黑龙江,2015,science,上海电机学院,530,,黑龙江_2015_both_sina
黑龙江,2015,science,广东工业大学,539,,黑龙江_2015_both_sina
黑龙江,2015,arts,广东工业大学,526,,黑龙江_2015_both_sina
黑龙江,2015,arts,浙江传媒学院,528,,黑龙江_2015_both_sina
黑龙江,2015,science,北方工业大学,546,,黑龙江_2015_both_sina
黑龙江,2015,science,辽宁石油化工大学,500,,黑龙江_2015_both_sina
黑龙江,2015,science,重庆交通大学,535,,黑龙江_2015_both_sina
黑龙江,2015,science,福建农林大学,505,,黑龙江_2015_both_sina
黑龙江,2015,arts,福建农林大学,496,,黑龙江_2015_both_sina
黑龙江,2015,science,浙江海洋学院,495,,黑龙江_2015_both_sina
黑龙江,2015,science,河北医科大学,571,,黑龙江_2015_both_sina
黑龙江,2015,science,哈尔滨工业大学,620,,黑龙江_2015_both_sina
黑龙江,2015,arts,哈尔滨工业大学,575,,黑龙江_2015_both_sina
黑龙江,2015,science,哈尔滨工程大学,585,,黑龙江_2015_both_sina
黑龙江,2015,arts,哈尔滨工程大学,542,,黑龙江_2015_both_sina
黑龙江,2015,science,东北林业大学,550,,黑龙江_2015_both_sina
黑龙江,2015,arts,东北林业大学,535,,黑龙江_2015_both_sina
黑龙江,2015,science,哈尔滨工业大学(威海),611,,黑龙江_2015_both_sina
黑龙江,2015,arts,哈尔滨工业大学(威海),558,,黑龙江_2015_both_sina
黑龙江,2015,science,哈尔滨师范大学,488,,黑龙江_2015_both_sina
黑龙江,2015,arts,哈尔滨师范大学,495,,黑龙江_2015_both_sina
黑龙江,2015,science,哈尔滨医科大学,559,,黑龙江_2015_both_sina
黑龙江,2015,arts,哈尔滨医科大学,496,,黑龙江_2015_both_sina
黑龙江,2015,science,黑龙江大学,499,,黑龙江_2015_both_sina
黑龙江,2015,arts,黑龙江大学,504,,黑龙江_2015_both_sina
黑龙江,2015,science,东北农业大学,514,,黑龙江_2015_both_sina
黑龙江,2015,arts,东北农业大学,529,,黑龙江_2015_both_sina
黑龙江,2015,science,东北石油大学,486,,黑龙江_2015_both_sina
黑龙江,2015,arts,东北石油大学,495,,黑龙江_2015_both_sina
黑龙江,2015,science,哈尔滨商业大学,510,,黑龙江_2015_both_sina
黑龙江,2015,arts,哈尔滨商业大学,522,,黑龙江_2015_both_sina
黑龙江,2015,science,黑龙江中医药大学,538,,黑龙江_2015_both_sina
黑龙江,2015,arts,黑龙江中医药大学,519,,黑龙江_2015_both_sina
黑龙江,2015,science,佳木斯大学,515,,黑龙江_2015_both_sina
黑龙江,2015,arts,佳木斯大学,495,,黑龙江_2015_both_sina
黑龙江,2015,science,哈尔滨理工大学,512,,黑龙江_2015_both_sina
黑龙江,2015,science,齐齐哈尔医学院,514,,黑龙江_2015_both_sina
黑龙江,2015,science,齐齐哈尔大学,483,,黑龙江_2015_both_sina
黑龙江,2015,arts,齐齐哈尔大学,495,,黑龙江_2015_both_sina
黑龙江,2015,science,牡丹江医学院,517,,黑龙江_2015_both_sina
黑龙江,2015,science,黑龙江科技大学,485,,黑龙江_2015_both_sina
黑龙江,2015,science,黑龙江工程学院,483,,黑龙江_2015_both_sina
